Home_Team,Away_Team,Result,Link,Season,Round,League,Number_Teams,Total_Rounds,Label,Goals_For_Home,Goals_For_Away,Position_Home,Points_Home,Total_Wins_Home,Total_Draw_Home,Total_Lose_Home,Total_Goals_For_Home_Team,Total_Goals_Against_Home_Team,Total_Streak_Home,Wins_When_Home,Draw_When_Home,Lose_When_Home,Goals_For_When_Home,Goals_Against_When_Home,Position_Away,Points_Away,Total_Wins_Away,Total_Draw_Away,Total_Lose_Away,Total_Goals_For_Away_Team,Total_Goals_Against_Away_Team,Total_Streak_Away,Wins_When_Away,Draw_When_Away,Lose_When_Away,Goals_For_When_Away,Goals_Against_When_Away,Streak_When_Home,Streak_When_Away,Date,Time,Home_Score,Away_Score
Racing,Bilbao Ath.,1-2,https://www.besoccer.com/match/racing/athletic-bilbao-b/1990381,1990,1,segunda_division,20,38,2,1,2,0,0,0,0,0,0,0,,0,0,0,0,0,0,0,0,0,0,0,0,,0,0,0,0,0,,,03 SEP 1989,,,
Real Burgos CF,RM Castilla,3-0,https://www.besoccer.com/match/real-burgos-cf/rm-castilla/1990382,1990,1,segunda_division,20,38,0,3,0,0,0,0,0,0,0,0,,0,0,0,0,0,0,0,0,0,0,0,0,,0,0,0,0,0,,,03 SEP 1989,,,
Levante,Xerez,1-4,https://www.besoccer.com/match/levante/xerez/1990383,1990,1,segunda_division,20,38,2,1,4,0,0,0,0,0,0,0,,0,0,0,0,0,0,0,0,0,0,0,0,,0,0,0,0,0,,,03 SEP 1989,,,
Sabadell,Eibar,1-0,https://www.besoccer.com/match/sabadell/eibar/1990384,1990,1,segunda_division,20,38,0,1,0,0,0,0,0,0,0,0,,0,0,0,0,0,0,0,0,0,0,0,0,,0,0,0,0,0,,,03 SEP 1989,,,
Real Murcia,Palamós,1-2,https://www.besoccer.com/match/real-murcia/palamos-cf/1990385,1990,1,segunda_division,20,38,2,1,2,0,0,0,0,0,0,0,,0,0,0,0,0,0,0,0,0,0,0,0,,0,0,0,0,0,,,03 SEP 1989,,,
UE Figueres,Elche,4-2,https://www.besoccer.com/match/figueres/elche/1990386,1990,1,segunda_division,20,38,0,4,2,0,0,0,0,0,0,0,,0,0,0,0,0,0,0,0,0,0,0,0,,0,0,0,0,0,,,03 SEP 1989,,,
Espanyol,UD Salamanca,0-1,https://www.besoccer.com/match/espanyol/salamanca/1990387,1990,1,segunda_division,20,38,2,0,1,0,0,0,0,0,0,0,,0,0,0,0,0,0,0,0,0,0,0,0,,0,0,0,0,0,,,03 SEP 1989,,,
Las Palmas,Real Betis,1-0,https://www.besoccer.com/match/ud-palmas/betis/1990388,1990,1,segunda_division,20,38,0,1,0,0,0,0,0,0,0,0,,0,0,0,0,0,0,0,0,0,0,0,0,,0,0,0,0,0,,,03 SEP 1989,,,
Atlético B,Recreativo,2-2,https://www.besoccer.com/match/at-madrid-b/recreativo/1990389,1990,1,segunda_division,20,38,1,2,2,0,0,0,0,0,0,0,,0,0,0,0,0,0,0,0,0,0,0,0,,0,0,0,0,0,,,03 SEP 1989,,,
Deportivo,Sestao Sport Club,1-0,https://www.besoccer.com/match/deportivo/sestao-sport-club/1990390,1990,1,segunda_division,20,38,0,1,0,0,0,0,0,0,0,0,,0,0,0,0,0,0,0,0,0,0,0,0,,0,0,0,0,0,,,03 SEP 1989,,,
Elche,Espanyol,0-1,https://www.besoccer.com/match/elche/espanyol/1990391,1990,2,segunda_division,20,38,2,0,1,18,0,0,0,1,2,4,L,0,0,0,0,0,17,0,0,0,1,0,1,L,0,0,0,0,0,,,10 SEP 1989,,,
UD Salamanca,Sabadell,0-1,https://www.besoccer.com/match/salamanca/sabadell/1990392,1990,2,segunda_division,20,38,2,0,1,1,3,1,0,0,1,0,W,0,0,0,0,0,7,3,1,0,0,1,0,W,0,0,0,0,0,,,10 SEP 1989,,,
Palamós,Levante,1-1,https://www.besoccer.com/match/palamos-cf/levante/1990393,1990,2,segunda_division,20,38,1,1,1,5,3,1,0,0,2,1,W,0,0,0,0,0,16,0,0,0,1,1,4,L,0,0,0,0,0,,,10 SEP 1989,,,
Sestao Sport Club,Real Murcia,1-1,https://www.besoccer.com/match/sestao-sport-club/real-murcia/1990394,1990,2,segunda_division,20,38,1,1,1,19,0,0,0,1,0,1,L,0,0,0,0,0,13,0,0,0,1,1,2,L,0,0,0,0,0,,,10 SEP 1989,,,
Real Betis,Deportivo,1-0,https://www.besoccer.com/match/betis/deportivo/1990395,1990,2,segunda_division,20,38,0,1,0,12,0,0,0,1,0,1,L,0,0,0,0,0,2,3,1,0,0,1,0,W,0,0,0,0,0,,,10 SEP 1989,,,
Recreativo,Real Burgos CF,1-2,https://www.besoccer.com/match/recreativo/real-burgos-cf/1990396,1990,2,segunda_division,20,38,2,1,2,11,1,0,1,0,2,2,D,0,0,0,0,0,3,3,1,0,0,3,0,W,0,0,0,0,0,,,10 SEP 1989,,,
Xerez,Atlético B,0-0,https://www.besoccer.com/match/xerez/at-madrid-b/1990397,1990,2,segunda_division,20,38,1,0,0,4,3,1,0,0,4,1,W,0,0,0,0,0,10,1,0,1,0,2,2,D,0,0,0,0,0,,,10 SEP 1989,,,
Bilbao Ath.,Las Palmas,3-1,https://www.besoccer.com/match/athletic-bilbao-b/ud-palmas/1990398,1990,2,segunda_division,20,38,0,3,1,9,3,1,0,0,2,1,W,0,0,0,0,0,8,3,1,0,0,1,0,W,0,0,0,0,0,,,10 SEP 1989,,,
Eibar,Racing,0-2,https://www.besoccer.com/match/eibar/racing/1990399,1990,2,segunda_division,20,38,2,0,2,15,0,0,0,1,0,1,L,0,0,0,0,0,20,0,0,0,1,1,2,L,0,0,0,0,0,,,10 SEP 1989,,,
RM Castilla,UE Figueres,0-0,https://www.besoccer.com/match/rm-castilla/figueres/1990400,1990,2,segunda_division,20,38,1,0,0,14,0,0,0,1,0,3,L,0,0,0,0,0,6,3,1,0,0,4,2,W,0,0,0,0,0,,,10 SEP 1989,,,
Espanyol,RM Castilla,1-1,https://www.besoccer.com/match/espanyol/rm-castilla/1990401,1990,3,segunda_division,20,38,1,1,1,9,3,1,0,1,1,1,LW,0,0,1,0,1,15,1,0,1,1,0,3,LD,0,0,1,0,3,L,L,17 SEP 1989,,,
Sabadell,Elche,0-2,https://www.besoccer.com/match/sabadell/elche/1990402,1990,3,segunda_division,20,38,2,0,2,2,6,2,0,0,2,0,WW,1,0,0,1,0,20,0,0,0,2,2,5,LL,0,0,1,2,4,W,L,17 SEP 1989,,,
UE Figueres,Recreativo,0-1,https://www.besoccer.com/match/figueres/recreativo/1990403,1990,3,segunda_division,20,38,2,0,1,6,4,1,1,0,4,2,WD,1,0,0,4,2,18,1,0,1,1,3,4,DL,0,1,0,2,2,W,D,17 SEP 1989,,,
Xerez,Palamós,1-1,https://www.besoccer.com/match/xerez/palamos-cf/1990404,1990,3,segunda_division,20,38,1,1,1,4,4,1,1,0,4,1,WD,0,1,0,0,0,5,4,1,1,0,3,2,WD,1,0,0,2,1,D,W,17 SEP 1989,,,
Levante,Sestao Sport Club,2-0,https://www.besoccer.com/match/levante/sestao-sport-club/1990405,1990,3,segunda_division,20,38,0,2,0,16,1,0,1,1,2,5,LD,0,0,1,1,4,17,1,0,1,1,1,2,LD,0,0,1,0,1,L,L,17 SEP 1989,,,
Real Murcia,Real Betis,0-1,https://www.besoccer.com/match/real-murcia/betis/1990406,1990,3,segunda_division,20,38,2,0,1,14,1,0,1,1,2,3,LD,0,0,1,1,2,10,3,1,0,1,1,1,LW,0,0,1,0,1,L,L,17 SEP 1989,,,
Deportivo,Bilbao Ath.,0-0,https://www.besoccer.com/match/deportivo/athletic-bilbao-b/1990407,1990,3,segunda_division,20,38,1,0,0,8,3,1,0,1,1,1,WL,1,0,0,1,0,3,6,2,0,0,5,2,WW,1,0,0,2,1,W,W,17 SEP 1989,,,
Atlético B,Real Burgos CF,1-1,https://www.besoccer.com/match/at-madrid-b/real-burgos-cf/1990408,1990,3,segunda_division,20,38,1,1,1,13,2,0,2,0,2,2,DD,0,1,0,2,2,1,6,2,0,0,5,1,WW,1,0,0,2,1,D,W,17 SEP 1989,,,
Racing,UD Salamanca,1-0,https://www.besoccer.com/match/racing/salamanca/1990409,1990,3,segunda_division,20,38,0,1,0,11,3,1,0,1,3,2,LW,0,0,1,1,2,7,3,1,0,1,1,1,WL,1,0,0,1,0,L,W,17 SEP 1989,,,
Las Palmas,Eibar,3-0,https://www.besoccer.com/match/ud-palmas/eibar/1990410,1990,3,segunda_division,20,38,0,3,0,12,3,1,0,1,2,3,WL,1,0,0,1,0,19,0,0,0,2,0,3,LL,0,0,1,0,1,W,L,17 SEP 1989,,,
Recreativo,Espanyol,1-1,https://www.besoccer.com/match/recreativo/espanyol/1990411,1990,4,segunda_division,20,38,1,1,1,13,4,1,1,1,4,4,DLW,0,0,1,1,2,10,4,1,1,1,2,2,LWD,1,0,0,1,0,L,W,24 SEP 1989,,,
UD Salamanca,Las Palmas,3-0,https://www.besoccer.com/match/salamanca/ud-palmas/1990412,1990,4,segunda_division,20,38,0,3,0,14,3,1,0,2,1,2,WLL,0,0,1,0,1,4,6,2,0,1,5,3,WLW,0,0,1,1,3,L,L,24 SEP 1989,,,
Sestao Sport Club,Xerez,0-0,https://www.besoccer.com/match/sestao-sport-club/xerez/1990413,1990,4,segunda_division,20,38,1,0,0,19,1,0,1,2,1,4,LDL,0,1,0,1,1,8,5,1,2,0,5,2,WDD,1,0,0,4,1,D,W,24 SEP 1989,,,
Palamós,Atlético B,2-0,https://www.besoccer.com/match/palamos-cf/at-madrid-b/1990414,1990,4,segunda_division,20,38,0,2,0,7,5,1,2,0,4,3,WDD,0,1,0,1,1,15,3,0,3,0,3,3,DDD,0,1,0,0,0,D,D,24 SEP 1989,,,
Eibar,Deportivo,0-1,https://www.besoccer.com/match/eibar/deportivo/1990415,1990,4,segunda_division,20,38,2,0,1,20,0,0,0,3,0,6,LLL,0,0,1,0,2,9,4,1,1,1,1,1,WLD,0,0,1,0,1,L,L,24 SEP 1989,,,
RM Castilla,Sabadell,1-1,https://www.besoccer.com/match/rm-castilla/sabadell/1990416,1990,4,segunda_division,20,38,1,1,1,17,2,0,2,1,1,4,LDD,0,1,0,0,0,5,6,2,0,1,2,2,WWL,1,0,0,1,0,D,W,24 SEP 1989,,,
Real Burgos CF,UE Figueres,5-0,https://www.besoccer.com/match/real-burgos-cf/figueres/1990417,1990,4,segunda_division,20,38,0,5,0,1,7,2,1,0,6,2,WWD,1,0,0,3,0,11,4,1,1,1,4,3,WDL,0,1,0,0,0,W,D,24 SEP 1989,,,
Elche,Racing,0-0,https://www.besoccer.com/match/elche/racing/1990418,1990,4,segunda_division,20,38,1,0,0,16,3,1,0,2,4,5,LLW,0,0,1,0,1,6,6,2,0,1,4,2,LWW,1,0,0,2,0,L,W,24 SEP 1989,,,
Bilbao Ath.,Real Murcia,3-1,https://www.besoccer.com/match/athletic-bilbao-b/real-murcia/1990419,1990,4,segunda_division,20,38,0,3,1,2,7,2,1,0,5,2,WWD,1,0,0,3,1,18,1,0,1,2,2,4,LDL,0,1,0,1,1,W,D,24 SEP 1989,,,
Real Betis,Levante,0-0,https://www.besoccer.com/match/betis/levante/1990420,1990,4,segunda_division,20,38,1,0,0,3,6,2,0,1,2,1,LWW,1,0,0,1,0,12,4,1,1,1,4,5,LDW,0,1,0,1,1,W,D,24 SEP 1989,,,
Espanyol,Real Burgos CF,4-1,https://www.besoccer.com/match/espanyol/real-burgos-cf/1990421,1990,5,segunda_division,20,38,0,4,1,11,5,1,2,1,3,3,LWDD,0,1,1,1,2,1,10,3,1,0,11,2,WWDW,1,1,0,3,2,LD,WD,01 OCT 1989,,,
Palamós,Sestao Sport Club,1-0,https://www.besoccer.com/match/palamos-cf/sestao-sport-club/1990422,1990,5,segunda_division,20,38,0,1,0,3,8,2,2,0,6,3,WDDW,1,1,0,3,1,18,2,0,2,2,1,4,LDLD,0,0,2,0,3,DW,LL,01 OCT 1989,,,
Atlético B,UE Figueres,1-1,https://www.besoccer.com/match/at-madrid-b/figueres/1990423,1990,5,segunda_division,20,38,1,1,1,16,3,0,3,1,3,5,DDDL,0,2,0,3,3,15,4,1,1,2,4,8,WDLL,0,1,1,0,5,DD,DL,01 OCT 1989,,,
Sabadell,Recreativo,3-0,https://www.besoccer.com/match/sabadell/recreativo/1990424,1990,5,segunda_division,20,38,0,3,0,5,7,2,1,1,3,3,WWLD,1,0,1,1,2,13,5,1,2,1,5,5,DLWD,1,1,0,3,2,WL,DW,01 OCT 1989,,,
Levante,Bilbao Ath.,0-0,https://www.besoccer.com/match/levante/athletic-bilbao-b/1990425,1990,5,segunda_division,20,38,1,0,0,12,5,1,2,1,4,5,LDWD,1,0,1,3,4,2,10,3,1,0,8,3,WWDW,1,1,0,2,1,LW,WD,01 OCT 1989,,,
Xerez,Real Betis,1-3,https://www.besoccer.com/match/xerez/betis/1990426,1990,5,segunda_division,20,38,2,1,3,9,6,1,3,0,5,2,WDDD,0,2,0,1,1,4,7,2,1,1,2,1,LWWD,1,0,1,1,1,DD,LW,01 OCT 1989,,,
Deportivo,UD Salamanca,3-0,https://www.besoccer.com/match/deportivo/salamanca/1990427,1990,5,segunda_division,20,38,0,3,0,7,7,2,1,1,2,1,WLDW,1,1,0,1,0,10,6,2,0,2,4,2,WLLW,1,0,1,1,1,WD,WL,01 OCT 1989,,,
Racing,RM Castilla,2-1,https://www.besoccer.com/match/racing/rm-castilla/1990428,1990,5,segunda_division,20,38,0,2,1,6,7,2,1,1,4,2,LWWD,1,0,1,2,2,17,3,0,3,1,2,5,LDDD,0,1,1,1,4,LW,LD,01 OCT 1989,,,
Las Palmas,Elche,1-1,https://www.besoccer.com/match/ud-palmas/elche/1990429,1990,5,segunda_division,20,38,1,1,1,8,6,2,0,2,5,6,WLWL,2,0,0,4,0,14,4,1,1,2,4,5,LLWD,1,0,1,4,4,WW,LW,01 OCT 1989,,,
Real Murcia,Eibar,1-0,https://www.besoccer.com/match/real-murcia/eibar/1990430,1990,5,segunda_division,20,38,0,1,0,19,1,0,1,3,3,7,LDLL,0,0,2,1,3,20,0,0,0,4,0,7,LLLL,0,0,2,0,4,LL,LL,01 OCT 1989,,,
UE Figueres,Espanyol,1-0,https://www.besoccer.com/match/figueres/espanyol/1990431,1990,6,segunda_division,20,38,0,1,0,15,5,1,2,2,5,9,WDLLD,1,0,1,4,3,8,8,2,2,1,7,4,LWDDW,1,1,0,2,1,WL,WD,08 OCT 1989,,,
Real Burgos CF,Sabadell,2-1,https://www.besoccer.com/match/real-burgos-cf/sabadell/1990432,1990,6,segunda_division,20,38,0,2,1,3,10,3,1,1,12,6,WWDWL,2,0,0,8,0,5,10,3,1,1,6,3,WWLDW,1,1,0,2,1,WW,WD,08 OCT 1989,,,
Real Betis,Palamós,1-0,https://www.besoccer.com/match/betis/palamos-cf/1990433,1990,6,segunda_division,20,38,0,1,0,4,10,3,1,1,5,2,LWWDW,1,1,0,1,0,2,11,3,2,0,7,3,WDDWW,1,1,0,3,2,WD,WD,08 OCT 1989,,,
Elche,Deportivo,3-1,https://www.besoccer.com/match/elche/deportivo/1990434,1990,6,segunda_division,20,38,0,3,1,14,5,1,2,2,5,6,LLWDD,0,1,1,0,1,7,10,3,1,1,5,1,WLDWW,1,0,1,1,1,LD,LW,08 OCT 1989,,,
UD Salamanca,Real Murcia,0-0,https://www.besoccer.com/match/salamanca/real-murcia/1990435,1990,6,segunda_division,20,38,1,0,0,11,6,2,0,3,4,5,WLLWL,1,0,1,3,1,17,4,1,1,3,4,7,LDLLW,0,1,1,2,4,LW,DL,08 OCT 1989,,,
Eibar,Levante,4-2,https://www.besoccer.com/match/eibar/levante/1990436,1990,6,segunda_division,20,38,0,4,2,20,0,0,0,5,0,8,LLLLL,0,0,2,0,3,12,6,1,3,1,4,5,LDWDD,0,2,0,1,1,LL,DD,08 OCT 1989,,,
Bilbao Ath.,Xerez,3-0,https://www.besoccer.com/match/athletic-bilbao-b/xerez/1990437,1990,6,segunda_division,20,38,0,3,0,1,11,3,2,0,8,3,WWDWD,2,0,0,6,2,10,6,1,3,1,6,5,WDDDL,1,1,0,4,1,WW,WD,08 OCT 1989,,,
Sestao Sport Club,Atlético B,0-0,https://www.besoccer.com/match/sestao-sport-club/at-madrid-b/1990438,1990,6,segunda_division,20,38,1,0,0,19,2,0,2,3,1,5,LDLDL,0,2,0,1,1,16,4,0,4,1,4,6,DDDLD,0,1,1,0,2,DD,DL,08 OCT 1989,,,
RM Castilla,Las Palmas,0-0,https://www.besoccer.com/match/rm-castilla/ud-palmas/1990439,1990,6,segunda_division,20,38,1,0,0,18,3,0,3,2,3,7,LDDDL,0,2,0,1,1,9,7,2,1,2,6,7,WLWLD,0,0,2,1,6,DD,LL,08 OCT 1989,,,
Recreativo,Racing,1-2,https://www.besoccer.com/match/recreativo/racing/1990440,1990,6,segunda_division,20,38,2,1,2,13,5,1,2,2,5,8,DLWDL,0,1,1,2,3,6,10,3,1,1,6,3,LWWDW,1,1,0,2,0,LD,WD,08 OCT 1989,,,
Atlético B,Espanyol,2-1,https://www.besoccer.com/match/at-madrid-b/espanyol/1990441,1990,7,segunda_division,20,38,0,2,1,16,5,0,5,1,4,6,DDDLDD,0,3,0,4,4,9,8,2,2,2,7,5,LWDDWL,1,1,1,2,2,DDD,WDL,15 OCT 1989,,,
Palamós,Bilbao Ath.,0-1,https://www.besoccer.com/match/palamos-cf/athletic-bilbao-b/1990442,1990,7,segunda_division,20,38,2,0,1,5,11,3,2,1,7,4,WDDWWL,2,1,0,4,1,1,14,4,2,0,11,3,WWDWDW,1,2,0,2,1,DWW,WDD,15 OCT 1989,,,
Sabadell,UE Figueres,2-1,https://www.besoccer.com/match/sabadell/figueres/1990443,1990,7,segunda_division,20,38,0,2,1,6,10,3,1,2,7,5,WWLDWL,2,0,1,4,2,11,8,2,2,2,6,9,WDLLDW,0,2,1,1,6,WLW,DLD,15 OCT 1989,,,
Sestao Sport Club,Real Betis,0-2,https://www.besoccer.com/match/sestao-sport-club/betis/1990444,1990,7,segunda_division,20,38,2,0,2,19,3,0,3,3,1,5,LDLDLD,0,3,0,1,1,3,13,4,1,1,6,2,LWWDWW,2,0,1,4,2,DDD,LWW,15 OCT 1989,,,
Levante,UD Salamanca,1-2,https://www.besoccer.com/match/levante/salamanca/1990445,1990,7,segunda_division,20,38,2,1,2,13,6,1,3,2,6,9,LDWDDL,1,1,1,3,4,12,7,2,1,3,4,5,WLLWLD,1,0,2,1,4,LWD,WLL,15 OCT 1989,,,
Real Murcia,Elche,1-0,https://www.besoccer.com/match/real-murcia/elche/1990446,1990,7,segunda_division,20,38,0,1,0,17,5,1,2,3,4,7,LDLLWD,1,0,2,2,3,8,8,2,2,2,8,7,LLWDDW,1,1,1,5,5,LLW,LWD,15 OCT 1989,,,
Xerez,Eibar,1-0,https://www.besoccer.com/match/xerez/eibar/1990447,1990,7,segunda_division,20,38,0,1,0,14,6,1,3,2,6,8,WDDDLL,0,2,1,2,4,20,3,1,0,5,4,10,LLLLLW,0,0,3,0,5,DDL,LLL,15 OCT 1989,,,
Racing,Real Burgos CF,0-0,https://www.besoccer.com/match/racing/real-burgos-cf/1990448,1990,7,segunda_division,20,38,1,0,0,4,13,4,1,1,8,4,LWWDWW,2,0,1,4,3,2,13,4,1,1,14,7,WWDWLW,1,1,1,4,6,LWW,WDL,15 OCT 1989,,,
Deportivo,RM Castilla,0-1,https://www.besoccer.com/match/deportivo/rm-castilla/1990449,1990,7,segunda_division,20,38,2,0,1,7,10,3,1,2,6,4,WLDWWL,2,1,0,4,0,18,4,0,4,2,3,7,LDDDLD,0,1,2,2,6,WDW,LDL,15 OCT 1989,,,
Las Palmas,Recreativo,2-1,https://www.besoccer.com/match/ud-palmas/recreativo/1990450,1990,7,segunda_division,20,38,0,2,1,10,8,2,2,2,6,7,WLWLDD,2,1,0,5,1,15,5,1,2,3,6,10,DLWDLL,1,1,1,3,5,WWD,DWL,15 OCT 1989,,,
Eibar,Palamós,1-1,https://www.besoccer.com/match/eibar/palamos-cf/1990451,1990,8,segunda_division,20,38,1,1,1,20,3,1,0,6,4,11,LLLLLWL,1,0,2,4,5,6,11,3,2,2,7,5,WDDWWLL,1,1,1,3,3,LLW,WDL,22 OCT 1989,,,
UE Figueres,Racing,1-0,https://www.besoccer.com/match/figueres/racing/1990452,1990,8,segunda_division,20,38,0,1,0,13,8,2,2,3,7,11,WDLLDWL,2,0,1,5,3,3,14,4,2,1,8,4,LWWDWWD,2,1,0,4,1,WLW,WDW,22 OCT 1989,,,
Elche,Levante,2-0,https://www.besoccer.com/match/elche/levante/1990453,1990,8,segunda_division,20,38,0,2,0,15,8,2,2,3,8,8,LLWDDWL,1,1,1,3,2,17,6,1,3,3,7,11,LDWDDLL,0,2,1,3,5,LDW,DDL,22 OCT 1989,,,
Bilbao Ath.,Sestao Sport Club,0-1,https://www.besoccer.com/match/athletic-bilbao-b/sestao-sport-club/1990454,1990,8,segunda_division,20,38,2,0,1,1,17,5,2,0,12,3,WWDWDWW,3,0,0,9,2,19,3,0,3,4,1,7,LDLDLDL,0,0,3,0,4,WWW,LLL,22 OCT 1989,,,
Real Burgos CF,Las Palmas,3-0,https://www.besoccer.com/match/real-burgos-cf/ud-palmas/1990455,1990,8,segunda_division,20,38,0,3,0,4,14,4,2,1,14,7,WWDWLWD,3,0,0,10,1,7,11,3,2,2,8,8,WLWLDDW,0,1,2,1,6,WWW,LLD,22 OCT 1989,,,
UD Salamanca,Xerez,0-2,https://www.besoccer.com/match/salamanca/xerez/1990456,1990,8,segunda_division,20,38,2,0,2,9,10,3,1,3,6,6,WLLWLDW,1,1,1,3,1,10,9,2,3,2,7,8,WDDDLLW,1,1,1,4,4,LWD,WDL,22 OCT 1989,,,
Espanyol,Sabadell,3-0,https://www.besoccer.com/match/espanyol/sabadell/1990457,1990,8,segunda_division,20,38,0,3,0,14,8,2,2,3,8,7,LWDDWLL,1,1,1,5,3,5,13,4,1,2,9,6,WWLDWLW,1,1,1,3,3,LDW,WDL,22 OCT 1989,,,
Real Betis,Atlético B,1-0,https://www.besoccer.com/match/betis/at-madrid-b/1990458,1990,8,segunda_division,20,38,0,1,0,2,16,5,1,1,8,2,LWWDWWW,2,1,0,2,0,12,8,1,5,1,6,7,DDDLDDW,0,2,1,0,2,WDW,DLD,22 OCT 1989,,,
Recreativo,Deportivo,1-0,https://www.besoccer.com/match/recreativo/deportivo/1990459,1990,8,segunda_division,20,38,0,1,0,18,5,1,2,4,7,12,DLWDLLL,0,1,2,3,5,8,10,3,1,3,6,5,WLDWWLL,1,0,2,2,4,LDL,LWL,22 OCT 1989,,,
RM Castilla,Real Murcia,3-1,https://www.besoccer.com/match/rm-castilla/real-murcia/1990460,1990,8,segunda_division,20,38,0,3,1,16,7,1,4,2,4,7,LDDDLDW,0,3,0,1,1,11,8,2,2,3,5,7,LDLLWDW,0,2,1,2,4,DDD,DLD,22 OCT 1989,,,
Palamós,UD Salamanca,0-0,https://www.besoccer.com/match/palamos-cf/salamanca/1990461,1990,9,segunda_division,20,38,1,0,0,6,12,3,3,2,8,6,WDDWWLLD,2,1,1,4,2,14,10,3,1,4,6,8,WLLWLDWL,2,0,2,3,5,DWWL,WLLW,29 OCT 1989,,,
Levante,RM Castilla,1-0,https://www.besoccer.com/match/levante/rm-castilla/1990462,1990,9,segunda_division,20,38,0,1,0,18,6,1,3,4,7,13,LDWDDLLL,1,1,2,4,6,12,10,2,4,2,7,8,LDDDLDWW,1,1,2,3,6,LWDL,LDLW,29 OCT 1989,,,
Real Murcia,Recreativo,1-0,https://www.besoccer.com/match/real-murcia/recreativo/1990463,1990,9,segunda_division,20,38,0,1,0,16,8,2,2,4,6,10,LDLLWDWL,2,0,2,3,3,15,8,2,2,4,8,12,DLWDLLLW,1,1,2,4,7,LLWW,DWLL,29 OCT 1989,,,
Xerez,Elche,2-0,https://www.besoccer.com/match/xerez/elche/1990464,1990,9,segunda_division,20,38,0,2,0,7,12,3,3,2,9,8,WDDDLLWW,1,2,1,3,4,11,11,3,2,3,10,8,LLWDDWLW,1,1,2,5,6,DDLW,LWDL,29 OCT 1989,,,
Real Betis,Bilbao Ath.,2-3,https://www.besoccer.com/match/betis/athletic-bilbao-b/1990465,1990,9,segunda_division,20,38,2,2,3,1,19,6,1,1,9,2,LWWDWWWW,3,1,0,3,0,2,17,5,2,1,12,4,WWDWDWWL,2,2,0,3,1,WDWW,WDDW,29 OCT 1989,,,
Sestao Sport Club,Eibar,2-1,https://www.besoccer.com/match/sestao-sport-club/eibar/1990466,1990,9,segunda_division,20,38,0,2,1,19,6,1,3,4,2,7,LDLDLDLW,0,3,1,1,3,20,4,1,1,6,5,12,LLLLLWLD,0,0,4,0,6,DDDL,LLLL,29 OCT 1989,,,
Deportivo,Real Burgos CF,1-1,https://www.besoccer.com/match/deportivo/real-burgos-cf/1990467,1990,9,segunda_division,20,38,1,1,1,13,10,3,1,4,6,6,WLDWWLLL,2,1,1,4,1,3,17,5,2,1,17,7,WWDWLWDW,1,2,1,4,6,WDWL,WDLD,29 OCT 1989,,,
Las Palmas,UE Figueres,1-1,https://www.besoccer.com/match/ud-palmas/figueres/1990468,1990,9,segunda_division,20,38,1,1,1,8,11,3,2,3,8,11,WLWLDDWL,3,1,0,7,2,9,11,3,2,3,8,11,WDLLDWLW,0,2,2,2,8,WWDW,DLDL,29 OCT 1989,,,
Racing,Espanyol,1-0,https://www.besoccer.com/match/racing/espanyol/1990469,1990,9,segunda_division,20,38,0,1,0,4,14,4,2,2,8,5,LWWDWWDL,2,1,1,4,3,10,11,3,2,3,11,7,LWDDWLLW,1,1,2,3,4,LWWD,WDLL,29 OCT 1989,,,
Atlético B,Sabadell,2-2,https://www.besoccer.com/match/at-madrid-b/sabadell/1990470,1990,9,segunda_division,20,38,1,2,2,17,8,1,5,2,6,8,DDDLDDWL,1,3,0,6,5,5,13,4,1,3,9,9,WWLDWLWL,1,1,2,3,6,DDDW,WDLL,29 OCT 1989,,,
Espanyol,Las Palmas,2-1,https://www.besoccer.com/match/espanyol/ud-palmas/1990471,1990,10,segunda_division,20,38,0,2,1,14,11,3,2,4,11,8,LWDDWLLWL,2,1,1,8,3,8,12,3,3,3,9,12,WLWLDDWLD,0,1,3,1,9,LDWW,LLDL,05 NOV 1989,,,
Sabadell,Racing,1-1,https://www.besoccer.com/match/sabadell/racing/1990472,1990,10,segunda_division,20,38,1,1,1,6,14,4,2,3,11,11,WWLDWLWLD,3,0,1,6,3,4,17,5,2,2,9,5,LWWDWWDLW,2,1,1,4,2,WLWW,WDWL,05 NOV 1989,,,
UE Figueres,Deportivo,1-1,https://www.besoccer.com/match/figueres/deportivo/1990473,1990,10,segunda_division,20,38,1,1,1,9,12,3,3,3,9,12,WDLLDWLWD,3,0,1,6,3,10,11,3,2,4,7,7,WLDWWLLLD,1,0,3,2,5,WLWW,LWLL,05 NOV 1989,,,
Elche,Palamós,2-3,https://www.besoccer.com/match/elche/palamos-cf/1990474,1990,10,segunda_division,20,38,2,2,3,13,11,3,2,4,10,10,LLWDDWLWL,2,1,1,5,2,7,13,3,4,2,8,6,WDDWWLLDD,1,2,1,4,4,LDWW,WDLD,05 NOV 1989,,,
Real Burgos CF,Real Murcia,2-1,https://www.besoccer.com/match/real-burgos-cf/real-murcia/1990475,1990,10,segunda_division,20,38,0,2,1,3,18,5,3,1,18,8,WWDWLWDWD,4,0,0,13,1,11,11,3,2,4,7,10,LDLLWDWLW,0,2,2,3,7,WWWW,DLDL,05 NOV 1989,,,
Recreativo,Levante,1-1,https://www.besoccer.com/match/recreativo/levante/1990476,1990,10,segunda_division,20,38,1,1,1,19,8,2,2,5,8,13,DLWDLLLWL,1,1,2,4,5,17,9,2,3,4,8,13,LDWDDLLLW,0,2,2,3,7,LDLW,DDLL,05 NOV 1989,,,
Eibar,Real Betis,1-3,https://www.besoccer.com/match/eibar/betis/1990477,1990,10,segunda_division,20,38,2,1,3,20,4,1,1,7,6,14,LLLLLWLDL,1,1,2,5,6,2,19,6,1,2,11,5,LWWDWWWWL,3,0,1,6,2,LLWD,LWWW,05 NOV 1989,,,
Bilbao Ath.,Atlético B,1-1,https://www.besoccer.com/match/athletic-bilbao-b/at-madrid-b/1990478,1990,10,segunda_division,20,38,1,1,1,1,20,6,2,1,15,6,WWDWDWWLW,3,0,1,9,3,16,9,1,6,2,8,10,DDDLDDWLD,0,2,2,0,3,WWWL,DLDL,05 NOV 1989,,,
UD Salamanca,Sestao Sport Club,0-1,https://www.besoccer.com/match/salamanca/sestao-sport-club/1990479,1990,10,segunda_division,20,38,2,0,1,12,11,3,2,4,6,8,WLLWLDWLD,1,1,2,3,3,18,9,2,3,4,4,8,LDLDLDLWW,1,0,3,1,4,LWDL,LLLW,05 NOV 1989,,,
RM Castilla,Xerez,1-0,https://www.besoccer.com/match/rm-castilla/xerez/1990480,1990,10,segunda_division,20,38,0,1,0,15,10,2,4,3,7,9,LDDDLDWWL,1,3,0,4,2,5,15,4,3,2,11,8,WDDDLLWWW,2,1,1,6,4,DDDW,WDLW,05 NOV 1989,,,
Deportivo,Espanyol,2-3,https://www.besoccer.com/match/deportivo/espanyol/1990481,1990,11,segunda_division,20,38,2,2,3,12,12,3,3,4,8,8,WLDWWLLLDD,2,2,1,5,2,8,14,4,2,4,13,9,LWDDWLLWLW,1,1,3,3,5,WDWLD,WDLLL,12 NOV 1989,,,
Palamós,RM Castilla,1-0,https://www.besoccer.com/match/palamos-cf/rm-castilla/1990482,1990,11,segunda_division,20,38,0,1,0,5,16,4,4,2,11,8,WDDWWLLDDW,2,2,1,4,2,10,13,3,4,3,8,9,LDDDLDWWLW,1,1,3,3,7,DWWLD,LDLWL,12 NOV 1989,,,
Real Murcia,UE Figueres,1-4,https://www.besoccer.com/match/real-murcia/figueres/1990483,1990,11,segunda_division,20,38,2,1,4,14,11,3,2,5,8,12,LDLLWDWLWL,3,0,2,4,3,9,13,3,4,3,10,13,WDLLDWLWDD,0,3,2,3,9,LLWWW,DLDLD,12 NOV 1989,,,
Levante,Real Burgos CF,1-3,https://www.besoccer.com/match/levante/real-burgos-cf/1990484,1990,11,segunda_division,20,38,2,1,3,18,10,2,4,4,9,14,LDWDDLLLWD,2,1,2,5,6,3,21,6,3,1,20,9,WWDWLWDWDW,1,3,1,5,7,LWDLW,WDLDD,12 NOV 1989,,,
Real Betis,UD Salamanca,1-0,https://www.besoccer.com/match/betis/salamanca/1990485,1990,11,segunda_division,20,38,0,1,0,1,22,7,1,2,14,6,LWWDWWWWLW,3,1,1,5,3,16,11,3,2,5,6,9,WLLWLDWLDL,2,1,2,3,5,WDWWL,WLLWD,12 NOV 1989,,,
Xerez,Recreativo,1-0,https://www.besoccer.com/match/xerez/recreativo/1990486,1990,11,segunda_division,20,38,0,1,0,6,15,4,3,3,11,9,WDDDLLWWWL,2,2,1,5,4,19,9,2,3,5,9,14,DLWDLLLWLD,1,1,3,4,8,DDLWW,DWLLL,12 NOV 1989,,,
Bilbao Ath.,Eibar,2-0,https://www.besoccer.com/match/athletic-bilbao-b/eibar/1990487,1990,11,segunda_division,20,38,0,2,0,2,21,6,3,1,16,7,WWDWDWWLWD,3,1,1,10,4,20,4,1,1,8,7,17,LLLLLWLDLL,0,0,5,1,8,WWWLD,LLLLL,12 NOV 1989,,,
Atlético B,Racing,1-3,https://www.besoccer.com/match/at-madrid-b/racing/1990488,1990,11,segunda_division,20,38,2,1,3,17,10,1,7,2,9,11,DDDLDDWLDD,1,4,0,8,7,4,18,5,3,2,10,6,LWWDWWDLWD,2,2,1,5,3,DDDWD,WDWLD,12 NOV 1989,,,
Sestao Sport Club,Elche,3-0,https://www.besoccer.com/match/sestao-sport-club/elche/1990489,1990,11,segunda_division,20,38,0,3,0,13,12,3,3,4,5,8,LDLDLDLWWW,1,3,1,3,4,15,11,3,2,5,12,13,LLWDDWLWLL,1,1,3,5,8,DDDLW,LWDLL,12 NOV 1989,,,
Las Palmas,Sabadell,1-0,https://www.besoccer.com/match/ud-palmas/sabadell/1990490,1990,11,segunda_division,20,38,0,1,0,11,12,3,3,4,10,14,WLWLDDWLDL,3,2,0,8,3,7,15,4,3,3,12,12,WWLDWLWLDD,1,2,2,5,8,WWDWD,WDLLD,12 NOV 1989,,,
Espanyol,Real Murcia,1-1,https://www.besoccer.com/match/espanyol/real-murcia/1990491,1990,12,segunda_division,20,38,1,1,1,7,17,5,2,4,16,11,LWDDWLLWLWW,3,1,1,10,4,14,11,3,2,6,9,16,LDLLWDWLWLL,0,2,3,4,9,LDWWW,DLDLL,19 NOV 1989,,,
UE Figueres,Levante,1-1,https://www.besoccer.com/match/figueres/levante/1990492,1990,12,segunda_division,20,38,1,1,1,8,16,4,4,3,14,14,WDLLDWLWDDW,3,1,1,7,4,18,10,2,4,5,10,17,LDWDDLLLWDL,0,3,2,4,8,WLWWD,DDLLD,19 NOV 1989,,,
Recreativo,Palamós,0-1,https://www.besoccer.com/match/recreativo/palamos-cf/1990493,1990,12,segunda_division,20,38,2,0,1,19,9,2,3,6,9,15,DLWDLLLWLDL,1,2,2,5,6,5,19,5,4,2,12,8,WDDWWLLDDWW,2,2,1,7,6,LDLWD,WDLDW,19 NOV 1989,,,
Elche,Real Betis,2-2,https://www.besoccer.com/match/elche/betis/1990494,1990,12,segunda_division,20,38,1,2,2,15,11,3,2,6,12,16,LLWDDWLWLLL,2,1,2,7,5,1,25,8,1,2,15,6,LWWDWWWWLWW,4,0,1,9,3,LDWWL,LWWWW,19 NOV 1989,,,
Real Burgos CF,Xerez,1-0,https://www.besoccer.com/match/real-burgos-cf/xerez/1990495,1990,12,segunda_division,20,38,0,1,0,3,24,7,3,1,23,10,WWDWLWDWDWW,5,0,0,15,2,6,18,5,3,3,12,9,WDDDLLWWWLW,2,1,2,6,5,WWWWW,WDLWL,19 NOV 1989,,,
Racing,Las Palmas,1-1,https://www.besoccer.com/match/racing/ud-palmas/1990496,1990,12,segunda_division,20,38,1,1,1,4,21,6,3,2,13,7,LWWDWWDLWDW,3,1,1,5,3,10,15,4,3,4,11,14,WLWLDDWLDLW,0,1,4,2,11,LWWDW,LLDLL,19 NOV 1989,,,
UD Salamanca,Bilbao Ath.,0-2,https://www.besoccer.com/match/salamanca/athletic-bilbao-b/1990497,1990,12,segunda_division,20,38,2,0,2,16,11,3,2,6,6,10,WLLWLDWLDLL,1,1,3,3,4,2,24,7,3,1,18,7,WWDWDWWLWDW,3,2,0,6,3,LWDLL,WDDWW,19 NOV 1989,,,
Eibar,Atlético B,2-1,https://www.besoccer.com/match/eibar/at-madrid-b/1990498,1990,12,segunda_division,20,38,0,2,1,20,4,1,1,9,7,19,LLLLLWLDLLL,1,1,3,6,9,17,10,1,7,3,10,14,DDDLDDWLDDL,0,3,2,1,4,LLWDL,DLDLD,19 NOV 1989,,,
Sabadell,Deportivo,4-0,https://www.besoccer.com/match/sabadell/deportivo/1990499,1990,12,segunda_division,20,38,0,4,0,11,15,4,3,4,12,13,WWLDWLWLDDL,3,1,1,7,4,13,12,3,3,5,10,11,WLDWWLLLDDL,1,1,3,3,6,WLWWD,LWLLD,19 NOV 1989,,,
RM Castilla,Sestao Sport Club,0-1,https://www.besoccer.com/match/rm-castilla/sestao-sport-club/1990500,1990,12,segunda_division,20,38,2,0,1,12,13,3,4,4,8,10,LDDDLDWWLWL,2,3,0,5,2,9,15,4,3,4,8,8,LDLDLDLWWWW,2,0,3,2,4,DDDWW,LLLWW,19 NOV 1989,,,
Levante,Espanyol,0-0,https://www.besoccer.com/match/levante/espanyol/1990501,1990,13,segunda_division,20,38,1,0,0,17,11,2,5,5,11,18,LDWDDLLLWDLD,2,1,3,6,9,8,18,5,3,4,17,12,LWDDWLLWLWWD,2,1,3,6,7,LWDLWL,WDLLLW,26 NOV 1989,,,
Xerez,UE Figueres,0-0,https://www.besoccer.com/match/xerez/figueres/1990502,1990,13,segunda_division,20,38,1,0,0,9,18,5,3,4,12,10,WDDDLLWWWLWL,3,2,1,6,4,10,17,4,5,3,15,15,WDLLDWLWDDWD,1,3,2,7,10,DDLWWW,DLDLDW,26 NOV 1989,,,
Palamós,Real Burgos CF,1-1,https://www.besoccer.com/match/palamos-cf/real-burgos-cf/1990503,1990,13,segunda_division,20,38,1,1,1,5,22,6,4,2,13,8,WDDWWLLDDWWW,3,2,1,5,2,1,27,8,3,1,24,10,WWDWLWDWDWWW,2,3,1,8,8,DWWLDW,WDLDDW,26 NOV 1989,,,
Bilbao Ath.,Elche,2-2,https://www.besoccer.com/match/athletic-bilbao-b/elche/1990504,1990,13,segunda_division,20,38,1,2,2,2,27,8,3,1,20,7,WWDWDWWLWDWW,4,1,1,12,4,15,12,3,3,6,14,18,LLWDDWLWLLLD,1,1,4,5,11,WWWLDW,LWDLLL,26 NOV 1989,,,
Real Murcia,Sabadell,1-1,https://www.besoccer.com/match/real-murcia/sabadell/1990505,1990,13,segunda_division,20,38,1,1,1,14,12,3,3,6,10,17,LDLLWDWLWLLD,3,0,3,5,7,7,18,5,3,4,16,13,WWLDWLWLDDLW,1,2,3,5,9,LLWWWL,WDLLDL,26 NOV 1989,,,
Real Betis,RM Castilla,1-0,https://www.besoccer.com/match/betis/rm-castilla/1990506,1990,13,segunda_division,20,38,0,1,0,3,26,8,2,2,17,8,LWWDWWWWLWWD,4,1,1,6,3,12,13,3,4,5,8,11,LDDDLDWWLWLL,1,1,4,3,8,WDWWLW,LDLWLL,26 NOV 1989,,,
Eibar,UD Salamanca,3-2,https://www.besoccer.com/match/eibar/salamanca/1990507,1990,13,segunda_division,20,38,0,3,2,20,7,2,1,9,9,20,LLLLLWLDLLLW,2,1,3,8,10,16,11,3,2,7,6,12,WLLWLDWLDLLL,2,1,3,3,6,LLWDLW,WLLWDL,26 NOV 1989,,,
Sestao Sport Club,Recreativo,1-0,https://www.besoccer.com/match/sestao-sport-club/recreativo/1990508,1990,13,segunda_division,20,38,0,1,0,6,18,5,3,4,9,8,LDLDLDLWWWWW,2,3,1,6,4,19,9,2,3,7,9,16,DLWDLLLWLDLL,1,1,4,4,9,DDDLWW,DWLLLL,26 NOV 1989,,,
Deportivo,Racing,1-0,https://www.besoccer.com/match/deportivo/racing/1990509,1990,13,segunda_division,20,38,0,1,0,13,12,3,3,6,10,15,WLDWWLLLDDLL,2,2,2,7,5,4,22,6,4,2,14,8,LWWDWWDLWDWD,3,2,1,8,4,WDWLDL,WDWLDW,26 NOV 1989,,,
Atlético B,Las Palmas,2-0,https://www.besoccer.com/match/at-madrid-b/ud-palmas/1990510,1990,13,segunda_division,20,38,0,2,0,18,10,1,7,4,11,16,DDDLDDWLDDLL,1,4,1,9,10,11,16,4,4,4,12,15,WLWLDDWLDLWD,0,2,4,3,12,DDDWDL,LLDLLD,26 NOV 1989,,,
Sabadell,Levante,3-1,https://www.besoccer.com/match/sabadell/levante/1990511,1990,14,segunda_division,20,38,0,3,1,7,19,5,4,4,17,14,WWLDWLWLDDLWD,4,1,1,11,4,17,12,2,6,5,11,18,LDWDDLLLWDLDD,0,4,2,5,9,WLWWDW,DDLLDD,03 DEC 1989,,,
Racing,Real Murcia,0-0,https://www.besoccer.com/match/racing/real-murcia/1990512,1990,14,segunda_division,20,38,1,0,0,5,22,6,4,3,14,9,LWWDWWDLWDWDL,3,2,1,6,4,14,13,3,4,6,11,18,LDLLWDWLWLLDD,0,3,3,5,10,LWWDWD,DLDLLD,03 DEC 1989,,,
RM Castilla,Bilbao Ath.,0-1,https://www.besoccer.com/match/rm-castilla/athletic-bilbao-b/1990513,1990,14,segunda_division,20,38,2,0,1,13,13,3,4,6,8,12,LDDDLDWWLWLLL,2,3,1,5,3,3,28,8,4,1,22,9,WWDWDWWLWDWWD,4,2,0,8,3,DDDWWL,WDDWWW,03 DEC 1989,,,
Elche,Eibar,0-0,https://www.besoccer.com/match/elche/eibar/1990514,1990,14,segunda_division,20,38,1,0,0,15,13,3,4,6,16,20,LLWDDWLWLLLDD,2,2,2,9,7,19,10,3,1,9,12,22,LLLLLWLDLLLWW,0,0,6,1,10,LDWWLD,LLLLLL,03 DEC 1989,,,
Recreativo,Real Betis,2-1,https://www.besoccer.com/match/recreativo/betis/1990515,1990,14,segunda_division,20,38,0,2,1,20,9,2,3,8,9,17,DLWDLLLWLDLLL,1,2,3,5,7,1,29,9,2,2,18,8,LWWDWWWWLWWDW,4,1,1,11,5,LDLWDL,LWWWWD,03 DEC 1989,,,
Real Burgos CF,Sestao Sport Club,2-0,https://www.besoccer.com/match/real-burgos-cf/sestao-sport-club/1990516,1990,14,segunda_division,20,38,0,2,0,2,28,8,4,1,25,11,WWDWLWDWDWWWD,6,0,0,16,2,6,21,6,3,4,10,8,LDLDLDLWWWWWW,3,0,3,3,4,WWWWWW,LLLWWW,03 DEC 1989,,,
Las Palmas,Deportivo,1-3,https://www.besoccer.com/match/ud-palmas/deportivo/1990517,1990,14,segunda_division,20,38,2,1,3,11,16,4,4,5,12,17,WLWLDDWLDLWDL,4,2,0,9,3,12,15,4,3,6,11,15,WLDWWLLLDDLLW,1,1,4,3,10,WWDWDW,LWLLDL,03 DEC 1989,,,
UE Figueres,Palamós,3-0,https://www.besoccer.com/match/figueres/palamos-cf/1990518,1990,14,segunda_division,20,38,0,3,0,10,18,4,6,3,15,15,WDLLDWLWDDWDD,3,2,1,8,5,4,23,6,5,2,14,9,WDDWWLLDDWWWD,3,2,1,8,6,WLWWDD,WDLDWW,03 DEC 1989,,,
UD Salamanca,Atlético B,4-0,https://www.besoccer.com/match/salamanca/at-madrid-b/1990519,1990,14,segunda_division,20,38,0,4,0,18,11,3,2,8,8,15,WLLWLDWLDLLLL,1,1,4,3,6,16,13,2,7,4,13,16,DDDLDDWLDDLLW,0,3,3,2,6,LWDLLL,DLDLDL,03 DEC 1989,,,
Espanyol,Xerez,0-0,https://www.besoccer.com/match/espanyol/xerez/1990520,1990,14,segunda_division,20,38,1,0,0,8,19,5,4,4,17,12,LWDDWLLWLWWDD,3,2,1,11,5,9,19,5,4,4,12,10,WDDDLLWWWLWLD,2,1,3,6,6,LDWWWD,WDLWLL,03 DEC 1989,,,
Palamós,Espanyol,0-0,https://www.besoccer.com/match/palamos-cf/espanyol/1990521,1990,15,segunda_division,20,38,1,0,0,4,23,6,5,3,14,12,WDDWWLLDDWWWDL,3,3,1,6,3,9,20,5,5,4,17,12,LWDDWLLWLWWDDD,2,2,3,6,7,DWWLDWD,WDLLLWD,10 DEC 1989,,,
Xerez,Sabadell,1-1,https://www.besoccer.com/match/xerez/sabadell/1990522,1990,15,segunda_division,20,38,1,1,1,10,20,5,5,4,12,10,WDDDLLWWWLWLDD,3,3,1,6,4,6,22,6,4,4,20,15,WWLDWLWLDDLWDW,1,3,3,6,10,DDLWWWD,WDLLDLD,10 DEC 1989,,,
Sestao Sport Club,UE Figueres,4-0,https://www.besoccer.com/match/sestao-sport-club/figueres/1990523,1990,15,segunda_division,20,38,0,4,0,7,21,6,3,5,10,10,LDLDLDLWWWWWWL,3,3,1,7,4,8,21,5,6,3,18,15,WDLLDWLWDDWDDW,1,4,2,7,10,DDDLWWW,DLDLDWD,10 DEC 1989,,,
Real Murcia,Las Palmas,0-1,https://www.besoccer.com/match/real-murcia/ud-palmas/1990524,1990,15,segunda_division,20,38,2,0,1,13,14,3,5,6,11,18,LDLLWDWLWLLDDD,3,1,3,6,8,12,16,4,4,6,13,20,WLWLDDWLDLWDLL,0,2,5,3,14,LLWWWLD,LLDLLDL,10 DEC 1989,,,
UD Salamanca,Elche,1-0,https://www.besoccer.com/match/salamanca/elche/1990525,1990,15,segunda_division,20,38,0,1,0,15,14,4,2,8,12,15,WLLWLDWLDLLLLW,2,1,4,7,6,14,14,3,5,6,16,20,LLWDDWLWLLLDDD,1,2,4,7,13,LWDLLLW,LWDLLLD,10 DEC 1989,,,
Real Betis,Real Burgos CF,0-0,https://www.besoccer.com/match/betis/real-burgos-cf/1990526,1990,15,segunda_division,20,38,1,0,0,3,29,9,2,3,19,10,LWWDWWWWLWWDWL,5,1,1,7,3,2,31,9,4,1,27,11,WWDWLWDWDWWWDW,2,4,1,9,9,WDWWLWW,WDLDDWD,10 DEC 1989,,,
Atlético B,Deportivo,1-3,https://www.besoccer.com/match/at-madrid-b/deportivo/1990527,1990,15,segunda_division,20,38,2,1,3,17,13,2,7,5,13,20,DDDLDDWLDDLLWL,2,4,1,11,10,11,18,5,3,6,14,16,WLDWWLLLDDLLWW,2,1,4,6,11,DDDWDLW,LWLLDLW,10 DEC 1989,,,
Eibar,RM Castilla,2-0,https://www.besoccer.com/match/eibar/rm-castilla/1990528,1990,15,segunda_division,20,38,0,2,0,20,11,3,2,9,12,22,LLLLLWLDLLLWWD,3,1,3,11,12,16,13,3,4,7,8,13,LDDDLDWWLWLLLL,1,1,5,3,9,LLWDLWW,LDLWLLL,10 DEC 1989,,,
Levante,Racing,3-0,https://www.besoccer.com/match/levante/racing/1990529,1990,15,segunda_division,20,38,0,3,0,18,12,2,6,6,12,21,LDWDDLLLWDLDDL,2,2,3,6,9,5,23,6,5,3,14,9,LWWDWWDLWDWDLD,3,2,2,8,5,LWDLWLD,WDWLDWL,10 DEC 1989,,,
Bilbao Ath.,Recreativo,3-1,https://www.besoccer.com/match/athletic-bilbao-b/recreativo/1990530,1990,15,segunda_division,20,38,0,3,1,1,31,9,4,1,23,9,WWDWDWWLWDWWDW,4,2,1,14,6,19,12,3,3,8,11,18,DLWDLLLWLDLLLW,1,1,5,4,10,WWWLDWD,DWLLLLL,10 DEC 1989,,,
Espanyol,Sestao Sport Club,1-0,https://www.besoccer.com/match/espanyol/sestao-sport-club/1990531,1990,16,segunda_division,20,38,0,1,0,10,21,5,6,4,17,12,LWDDWLLWLWWDDDD,3,3,1,11,5,5,24,7,3,5,14,10,LDLDLDLWWWWWWLW,3,0,4,3,6,LDWWWDD,LLLWWWL,17 DEC 1989,,,
Sabadell,Palamós,2-0,https://www.besoccer.com/match/sabadell/palamos-cf/1990532,1990,16,segunda_division,20,38,0,2,0,7,23,6,5,4,21,16,WWLDWLWLDDLWDWD,5,1,1,14,5,4,24,6,6,3,14,12,WDDWWLLDDWWWDLD,3,2,2,8,9,WLWWDWW,WDLDWWL,17 DEC 1989,,,
UE Figueres,Real Betis,1-1,https://www.besoccer.com/match/figueres/betis/1990533,1990,16,segunda_division,20,38,1,1,1,11,21,5,6,4,18,19,WDLLDWLWDDWDDWL,4,2,1,11,5,3,30,9,3,3,19,10,LWWDWWWWLWWDWLD,4,1,2,12,7,WLWWDDW,LWWWWDL,17 DEC 1989,,,
Elche,Atlético B,0-0,https://www.besoccer.com/match/elche/at-madrid-b/1990534,1990,16,segunda_division,20,38,1,0,0,16,14,3,5,7,16,21,LLWDDWLWLLLDDDL,2,3,2,9,7,19,13,2,7,6,14,23,DDDLDDWLDDLLWLL,0,3,4,2,10,LDWWLDD,DLDLDLL,17 DEC 1989,,,
RM Castilla,UD Salamanca,0-1,https://www.besoccer.com/match/rm-castilla/salamanca/1990535,1990,16,segunda_division,20,38,2,0,1,18,13,3,4,8,8,15,LDDDLDWWLWLLLLL,2,3,2,5,4,13,17,5,2,8,13,15,WLLWLDWLDLLLLWW,2,1,4,5,9,DDDWWLL,WLLWDLL,17 DEC 1989,,,
Deportivo,Real Murcia,1-0,https://www.besoccer.com/match/deportivo/real-murcia/1990536,1990,16,segunda_division,20,38,0,1,0,9,21,6,3,6,17,17,WLDWWLLLDDLLWWW,3,2,2,8,5,15,14,3,5,7,11,19,LDLLWDWLWLLDDDL,0,4,3,5,10,WDWLDLW,DLDLLDD,17 DEC 1989,,,
Racing,Xerez,3-0,https://www.besoccer.com/match/racing/xerez/1990537,1990,16,segunda_division,20,38,0,3,0,6,23,6,5,4,14,12,LWWDWWDLWDWDLDL,3,3,1,6,4,8,21,5,6,4,13,11,WDDDLLWWWLWLDDD,2,2,3,6,6,LWWDWDD,WDLWLLD,17 DEC 1989,,,
Real Burgos CF,Bilbao Ath.,0-0,https://www.besoccer.com/match/real-burgos-cf/athletic-bilbao-b/1990538,1990,16,segunda_division,20,38,1,0,0,2,32,9,5,1,27,11,WWDWLWDWDWWWDWD,7,0,0,18,2,1,34,10,4,1,26,10,WWDWDWWLWDWWDWW,5,2,0,9,3,WWWWWWW,WDDWWWW,17 DEC 1989,,,
Recreativo,Eibar,2-2,https://www.besoccer.com/match/recreativo/eibar/1990539,1990,16,segunda_division,20,38,1,2,2,20,12,3,3,9,12,21,DLWDLLLWLDLLLWL,2,2,3,7,8,17,14,4,2,9,14,22,LLLLLWLDLLLWWDW,0,1,6,1,10,LDLWDLW,LLLLLLD,17 DEC 1989,,,
Las Palmas,Levante,1-1,https://www.besoccer.com/match/ud-palmas/levante/1990540,1990,16,segunda_division,20,38,1,1,1,12,19,5,4,6,14,20,WLWLDDWLDLWDLLW,4,2,1,10,6,14,15,3,6,6,15,21,LDWDDLLLWDLDDLW,0,4,3,6,12,WWDWDWL,DDLLDDL,17 DEC 1989,,,
Real Betis,Espanyol,1-0,https://www.besoccer.com/match/betis/espanyol/1990541,1990,17,segunda_division,20,38,0,1,0,3,31,9,4,3,20,11,LWWDWWWWLWWDWLDD,5,2,1,7,3,6,24,6,6,4,18,12,LWDDWLLWLWWDDDDW,2,3,3,6,7,WDWWLWWD,WDLLLWDD,30 DEC 1989,,,
Palamós,Racing,1-0,https://www.besoccer.com/match/palamos-cf/racing/1990542,1990,17,segunda_division,20,38,0,1,0,7,24,6,6,4,14,14,WDDWWLLDDWWWDLDL,3,4,1,6,3,4,26,7,5,4,17,12,LWWDWWDLWDWDLDLW,3,2,3,8,8,DWWLDWDD,WDWLDWLL,30 DEC 1989,,,
Sestao Sport Club,Sabadell,0-1,https://www.besoccer.com/match/sestao-sport-club/sabadell/1990543,1990,17,segunda_division,20,38,2,0,1,8,24,7,3,6,14,11,LDLDLDLWWWWWWLWL,4,3,1,11,4,5,26,7,5,4,23,16,WWLDWLWLDDLWDWDW,1,4,3,7,11,DDDLWWWW,WDLLDLDD,30 DEC 1989,,,
Bilbao Ath.,UE Figueres,4-0,https://www.besoccer.com/match/athletic-bilbao-b/figueres/1990544,1990,17,segunda_division,20,38,0,4,0,1,35,10,5,1,26,10,WWDWDWWLWDWWDWWD,5,2,1,17,7,10,22,5,7,4,19,20,WDLLDWLWDDWDDWLD,1,4,3,7,14,WWWLDWDW,DLDLDWDL,30 DEC 1989,,,
Levante,Deportivo,1-0,https://www.besoccer.com/match/levante/deportivo/1990545,1990,17,segunda_division,20,38,0,1,0,14,16,3,7,6,16,22,LDWDDLLLWDLDDLWD,3,2,3,9,9,9,24,7,3,6,18,17,WLDWWLLLDDLLWWWW,3,1,4,9,12,LWDLWLDW,LWLLDLWW,30 DEC 1989,,,
Atlético B,Real Murcia,4-1,https://www.besoccer.com/match/at-madrid-b/real-murcia/1990546,1990,17,segunda_division,20,38,0,4,1,18,14,2,8,6,14,23,DDDLDDWLDDLLWLLD,2,4,2,12,13,17,14,3,5,8,11,20,LDLLWDWLWLLDDDLL,0,4,4,5,11,DDDWDLWL,DLDLLDDL,30 DEC 1989,,,
Eibar,Real Burgos CF,0-0,https://www.besoccer.com/match/eibar/real-burgos-cf/1990547,1990,17,segunda_division,20,38,1,0,0,16,15,4,3,9,16,24,LLLLLWLDLLLWWDWD,4,1,3,13,12,2,33,9,6,1,27,11,WWDWLWDWDWWWDWDD,2,5,1,9,9,LLWDLWWW,WDLDDWDD,30 DEC 1989,,,
Xerez,Las Palmas,0-2,https://www.besoccer.com/match/xerez/ud-palmas/1990548,1990,17,segunda_division,20,38,2,0,2,11,21,5,6,5,13,14,WDDDLLWWWLWLDDDL,3,4,1,7,5,12,20,5,5,6,15,21,WLWLDDWLDLWDLLWD,1,2,5,4,14,DDLWWWDD,LLDLLDLW,30 DEC 1989,,,
UD Salamanca,Recreativo,2-0,https://www.besoccer.com/match/salamanca/recreativo/1990549,1990,17,segunda_division,20,38,0,2,0,13,20,6,2,8,14,15,WLLWLDWLDLLLLWWW,3,1,4,8,6,20,13,3,4,9,14,23,DLWDLLLWLDLLLWLD,1,1,6,5,13,LWDLLLWW,DWLLLLLL,30 DEC 1989,,,
Elche,RM Castilla,2-3,https://www.besoccer.com/match/elche/rm-castilla/1990550,1990,17,segunda_division,20,38,2,2,3,15,15,3,6,7,16,21,LLWDDWLWLLLDDDLD,2,4,2,9,7,19,13,3,4,9,8,16,LDDDLDWWLWLLLLLL,1,1,6,3,11,LDWWLDDD,LDLWLLLL,30 DEC 1989,,,
Espanyol,Bilbao Ath.,2-1,https://www.besoccer.com/match/espanyol/athletic-bilbao-b/1990551,1990,18,segunda_division,20,38,0,2,1,7,24,6,6,5,18,13,LWDDWLLWLWWDDDDWL,4,3,1,12,5,1,38,11,5,1,30,10,WWDWDWWLWDWWDWWDW,5,3,0,9,3,LDWWWDDW,WDDWWWWD,07 JAN 1990,,,
Las Palmas,Palamós,0-0,https://www.besoccer.com/match/ud-palmas/palamos-cf/1990552,1990,18,segunda_division,20,38,1,0,0,11,23,6,5,6,17,21,WLWLDDWLDLWDLLWDW,4,3,1,11,7,5,27,7,6,4,15,14,WDDWWLLDDWWWDLDLW,3,2,3,8,11,WWDWDWLD,WDLDWWLL,07 JAN 1990,,,
UE Figueres,Eibar,1-1,https://www.besoccer.com/match/figueres/eibar/1990553,1990,18,segunda_division,20,38,1,1,1,12,22,5,7,5,19,24,WDLLDWLWDDWDDWLDL,4,3,1,12,6,16,16,4,4,9,16,24,LLLLLWLDLLLWWDWDD,0,2,6,3,12,WLWWDDWD,LLLLLLDD,07 JAN 1990,,,
Real Murcia,Levante,2-2,https://www.besoccer.com/match/real-murcia/levante/1990554,1990,18,segunda_division,20,38,1,2,2,19,14,3,5,9,12,24,LDLLWDWLWLLDDDLLL,3,1,4,6,9,14,19,4,7,6,17,22,LDWDDLLLWDLDDLWDW,0,5,3,7,13,LLWWWLDL,DDLLDDLD,07 JAN 1990,,,
Recreativo,Elche,0-2,https://www.besoccer.com/match/recreativo/elche/1990555,1990,18,segunda_division,20,38,2,0,2,20,13,3,4,10,14,25,DLWDLLLWLDLLLWLDL,2,3,3,9,10,18,15,3,6,8,18,24,LLWDDWLWLLLDDDLDL,1,2,5,7,14,LDLWDLWD,LWDLLLDL,07 JAN 1990,,,
Real Burgos CF,UD Salamanca,1-0,https://www.besoccer.com/match/real-burgos-cf/salamanca/1990556,1990,18,segunda_division,20,38,0,1,0,3,34,9,7,1,27,11,WWDWLWDWDWWWDWDDD,7,1,0,18,2,10,23,7,2,8,16,15,WLLWLDWLDLLLLWWWW,3,1,4,6,9,WWWWWWWD,WLLWDLLW,07 JAN 1990,,,
Racing,Sestao Sport Club,0-1,https://www.besoccer.com/match/racing/sestao-sport-club/1990557,1990,18,segunda_division,20,38,2,0,1,6,26,7,5,5,17,13,LWWDWWDLWDWDLDLWL,4,3,1,9,4,8,24,7,3,7,14,12,LDLDLDLWWWWWWLWLL,3,0,5,3,7,LWWDWDDW,LLLWWWLL,07 JAN 1990,,,
Deportivo,Xerez,2-1,https://www.besoccer.com/match/deportivo/xerez/1990558,1990,18,segunda_division,20,38,0,2,1,9,24,7,3,7,18,18,WLDWWLLLDDLLWWWWL,4,2,2,9,5,13,21,5,6,6,13,16,WDDDLLWWWLWLDDDLL,2,2,4,6,9,WDWLDLWW,WDLWLLDL,07 JAN 1990,,,
Atlético B,RM Castilla,1-0,https://www.besoccer.com/match/at-madrid-b/rm-castilla/1990559,1990,18,segunda_division,20,38,0,1,0,15,17,3,8,6,18,24,DDDLDDWLDDLLWLLDW,3,4,2,16,14,17,16,4,4,9,11,18,LDDDLDWWLWLLLLLLW,2,1,6,6,13,DDDWDLWLW,LDLWLLLLW,07 JAN 1990,,,
Sabadell,Real Betis,0-2,https://www.besoccer.com/match/sabadell/betis/1990560,1990,18,segunda_division,20,38,2,0,2,4,29,8,5,4,24,16,WWLDWLWLDDLWDWDWW,6,1,1,16,5,2,34,10,4,3,21,11,LWWDWWWWLWWDWLDDW,4,2,2,13,8,WLWWDWWW,LWWWWDLD,07 JAN 1990,,,
Eibar,Espanyol,0-0,https://www.besoccer.com/match/eibar/espanyol/1990561,1990,19,segunda_division,20,38,1,0,0,17,17,4,5,9,17,25,LLLLLWLDLLLWWDWDDD,4,2,3,13,12,6,27,7,6,5,20,14,LWDDWLLWLWWDDDDWLW,2,3,4,6,8,LLWDLWWWD,WDLLLWDDL,14 JAN 1990,,,
UD Salamanca,UE Figueres,2-0,https://www.besoccer.com/match/salamanca/figueres/1990562,1990,19,segunda_division,20,38,0,2,0,11,23,7,2,9,16,16,WLLWLDWLDLLLLWWWWL,4,1,4,10,6,12,23,5,8,5,20,25,WDLLDWLWDDWDDWLDLD,1,4,4,7,18,LWDLLLWWW,DLDLDWDLL,14 JAN 1990,,,
Bilbao Ath.,Sabadell,1-1,https://www.besoccer.com/match/athletic-bilbao-b/sabadell/1990563,1990,19,segunda_division,20,38,1,1,1,1,38,11,5,2,31,12,WWDWDWWLWDWWDWWDWL,6,2,1,21,7,4,29,8,5,5,24,18,WWLDWLWLDDLWDWDWWL,2,4,3,8,11,WWWLDWDWW,WDLLDLDDW,14 JAN 1990,,,
Palamós,Deportivo,0-1,https://www.besoccer.com/match/palamos-cf/deportivo/1990564,1990,19,segunda_division,20,38,2,0,1,5,28,7,7,4,15,14,WDDWWLLDDWWWDLDLWD,4,4,1,7,3,8,27,8,3,7,20,19,WLDWWLLLDDLLWWWWLW,3,1,5,9,13,DWWLDWDDW,LWLLDLWWL,14 JAN 1990,,,
Elche,Real Burgos CF,1-1,https://www.besoccer.com/match/elche/real-burgos-cf/1990565,1990,19,segunda_division,20,38,1,1,1,16,18,4,6,8,20,24,LLWDDWLWLLLDDDLDLW,2,4,3,11,10,3,37,10,7,1,28,11,WWDWLWDWDWWWDWDDDW,2,6,1,9,9,LDWWLDDDL,WDLDDWDDD,14 JAN 1990,,,
Xerez,Real Murcia,0-4,https://www.besoccer.com/match/xerez/real-murcia/1990566,1990,19,segunda_division,20,38,2,0,4,13,21,5,6,7,14,18,WDDDLLWWWLWLDDDLLL,3,4,2,7,7,19,15,3,6,9,14,26,LDLLWDWLWLLDDDLLLD,0,4,5,6,15,DDLWWWDDL,DLDLLDDLL,14 JAN 1990,,,
RM Castilla,Recreativo,3-2,https://www.besoccer.com/match/rm-castilla/recreativo/1990567,1990,19,segunda_division,20,38,0,3,2,18,16,4,4,10,11,19,LDDDLDWWLWLLLLLLWL,2,3,3,5,5,20,13,3,4,11,14,27,DLWDLLLWLDLLLWLDLL,1,1,7,5,15,DDDWWLLL,DWLLLLLLL,14 JAN 1990,,,
Real Betis,Racing,0-0,https://www.besoccer.com/match/betis/racing/1990568,1990,19,segunda_division,20,38,1,0,0,2,37,11,4,3,23,11,LWWDWWWWLWWDWLDDWW,6,2,1,8,3,9,26,7,5,6,17,14,LWWDWWDLWDWDLDLWLL,3,2,4,8,9,WDWWLWWDW,WDWLDWLLL,14 JAN 1990,,,
Levante,Atlético B,1-1,https://www.besoccer.com/match/levante/at-madrid-b/1990569,1990,19,segunda_division,20,38,1,1,1,14,20,4,8,6,19,24,LDWDDLLLWDLDDLWDWD,4,2,3,10,9,15,20,4,8,6,19,24,DDDLDDWLDDLLWLLDWW,0,4,4,2,10,LWDLWLDWW,DLDLDLLD,14 JAN 1990,,,
Sestao Sport Club,Las Palmas,0-0,https://www.besoccer.com/match/sestao-sport-club/ud-palmas/1990570,1990,19,segunda_division,20,38,1,0,0,7,27,8,3,7,15,12,LDLDLDLWWWWWWLWLLW,4,3,2,11,5,10,24,6,6,6,17,21,WLWLDDWLDLWDLLWDWD,2,2,5,6,14,DDDLWWWWL,LLDLLDLWW,14 JAN 1990,,,
UD Salamanca,Espanyol,1-1,https://www.besoccer.com/match/salamanca/espanyol/1990571,1990,20,segunda_division,20,38,1,1,1,10,26,8,2,9,18,16,WLLWLDWLDLLLLWWWWLW,5,1,4,12,6,7,28,7,7,5,20,14,LWDDWLLWLWWDDDDWLWD,2,4,4,6,8,LWDLLLWWWW,WDLLLWDDLD,21 JAN 1990,,,
Eibar,Sabadell,3-1,https://www.besoccer.com/match/eibar/sabadell/1990572,1990,20,segunda_division,20,38,0,3,1,18,18,4,6,9,17,25,LLLLLWLDLLLWWDWDDDD,4,3,3,13,12,4,30,8,6,5,25,19,WWLDWLWLDDLWDWDWWLD,2,5,3,9,12,LLWDLWWWDD,WDLLDLDDWD,21 JAN 1990,,,
Elche,UE Figueres,0-0,https://www.besoccer.com/match/elche/figueres/1990573,1990,20,segunda_division,20,38,1,0,0,16,19,4,7,8,21,25,LLWDDWLWLLLDDDLDLWD,2,5,3,12,11,12,23,5,8,6,20,27,WDLLDWLWDDWDDWLDLDL,1,4,5,7,20,LDWWLDDDLD,DLDLDWDLLL,21 JAN 1990,,,
Real Betis,Las Palmas,1-0,https://www.besoccer.com/match/betis/ud-palmas/1990574,1990,20,segunda_division,20,38,0,1,0,2,38,11,5,3,23,11,LWWDWWWWLWWDWLDDWWD,6,3,1,8,3,11,25,6,7,6,17,21,WLWLDDWLDLWDLLWDWDD,2,3,5,6,14,WDWWLWWDWD,LLDLLDLWWD,21 JAN 1990,,,
Bilbao Ath.,Racing,3-3,https://www.besoccer.com/match/athletic-bilbao-b/racing/1990575,1990,20,segunda_division,20,38,1,3,3,1,39,11,6,2,32,13,WWDWDWWLWDWWDWWDWLD,6,3,1,22,8,9,27,7,6,6,17,14,LWWDWWDLWDWDLDLWLLD,3,3,4,8,9,WWWLDWDWWD,WDWLDWLLLD,21 JAN 1990,,,
Recreativo,Atlético B,2-1,https://www.besoccer.com/match/recreativo/at-madrid-b/1990576,1990,20,segunda_division,20,38,0,2,1,20,13,3,4,12,16,30,DLWDLLLWLDLLLWLDLLL,2,3,4,9,12,15,21,4,9,6,20,25,DDDLDDWLDDLLWLLDWWD,0,5,4,3,11,LDLWDLWDL,DLDLDLLDD,21 JAN 1990,,,
Palamós,Real Murcia,1-1,https://www.besoccer.com/match/palamos-cf/real-murcia/1990577,1990,20,segunda_division,20,38,1,1,1,6,28,7,7,5,15,15,WDDWWLLDDWWWDLDLWDL,4,4,2,7,4,19,18,4,6,9,18,26,LDLLWDWLWLLDDDLLLDW,1,4,5,10,15,DWWLDWDDWL,DLDLLDDLLW,21 JAN 1990,,,
RM Castilla,Real Burgos CF,0-0,https://www.besoccer.com/match/rm-castilla/real-burgos-cf/1990578,1990,20,segunda_division,20,38,1,0,0,17,19,5,4,10,14,21,LDDDLDWWLWLLLLLLWLW,3,3,3,8,7,3,38,10,8,1,29,12,WWDWLWDWDWWWDWDDDWD,2,7,1,10,10,DDDWWLLLW,WDLDDWDDDD,21 JAN 1990,,,
Xerez,Levante,0-0,https://www.besoccer.com/match/xerez/levante/1990579,1990,20,segunda_division,20,38,1,0,0,13,21,5,6,8,14,22,WDDDLLWWWLWLDDDLLLL,3,4,3,7,11,14,21,4,9,6,20,25,LDWDDLLLWDLDDLWDWDD,0,6,3,9,15,DDLWWWDDLL,DDLLDDLDD,21 JAN 1990,,,
Sestao Sport Club,Deportivo,2-2,https://www.besoccer.com/match/sestao-sport-club/deportivo/1990580,1990,20,segunda_division,20,38,1,2,2,8,28,8,4,7,15,12,LDLDLDLWWWWWWLWLLWD,4,4,2,11,5,5,30,9,3,7,21,19,WLDWWLLLDDLLWWWWLWW,4,1,5,10,13,DDDLWWWWLD,LWLLDLWWLW,21 JAN 1990,,,
Espanyol,Elche,2-0,https://www.besoccer.com/match/espanyol/elche/1990581,1990,21,segunda_division,20,38,0,2,0,7,29,7,8,5,21,15,LWDDWLLWLWWDDDDWLWDD,5,3,1,14,6,17,20,4,8,8,21,25,LLWDDWLWLLLDDDLDLWDD,2,2,5,9,14,LDWWWDDWW,LWDLLLDLW,28 JAN 1990,,,
Sabadell,UD Salamanca,0-0,https://www.besoccer.com/match/sabadell/salamanca/1990582,1990,21,segunda_division,20,38,1,0,0,5,30,8,6,6,26,22,WWLDWLWLDDLWDWDWWLDL,6,1,2,16,7,10,27,8,3,9,19,17,WLLWLDWLDLLLLWWWWLWD,3,1,5,6,10,WLWWDWWWL,WLLWDLLWL,28 JAN 1990,,,
UE Figueres,RM Castilla,3-1,https://www.besoccer.com/match/figueres/rm-castilla/1990583,1990,21,segunda_division,20,38,0,3,1,12,24,5,9,6,20,27,WDLLDWLWDDWDDWLDLDLD,4,4,1,13,7,18,20,5,5,10,14,21,LDDDLDWWLWLLLLLLWLWD,2,1,7,6,14,WLWWDDWDD,LDLWLLLLWL,28 JAN 1990,,,
Levante,Palamós,1-0,https://www.besoccer.com/match/levante/palamos-cf/1990584,1990,21,segunda_division,20,38,0,1,0,14,22,4,10,6,20,25,LDWDDLLLWDLDDLWDWDDD,4,3,3,11,10,6,29,7,8,5,16,16,WDDWWLLDDWWWDLDLWDLD,3,3,3,8,11,LWDLWLDWWD,WDLDWWLLD,28 JAN 1990,,,
Deportivo,Real Betis,2-0,https://www.besoccer.com/match/deportivo/betis/1990585,1990,21,segunda_division,20,38,0,2,0,4,31,9,4,7,23,21,WLDWWLLLDDLLWWWWLWWD,5,2,2,11,6,1,41,12,5,3,24,11,LWWDWWWWLWWDWLDDWWDW,5,2,2,15,8,WDWLDLWWW,LWWWWDLDW,28 JAN 1990,,,
Atlético B,Xerez,0-0,https://www.besoccer.com/match/at-madrid-b/xerez/1990586,1990,21,segunda_division,20,38,1,0,0,15,21,4,9,7,21,27,DDDLDDWLDDLLWLLDWWDL,4,4,2,17,14,13,22,5,7,8,14,22,WDDDLLWWWLWLDDDLLLLD,2,2,5,7,11,DDDWDLWLWW,WDLWLLDLL,28 JAN 1990,,,
Racing,Eibar,1-0,https://www.besoccer.com/match/racing/eibar/1990587,1990,21,segunda_division,20,38,0,1,0,9,28,7,7,6,20,17,LWWDWWDLWDWDLDLWLLDD,4,3,2,9,5,16,21,5,6,9,20,26,LLLLLWLDLLLWWDWDDDDW,0,3,6,4,13,LWWDWDDWL,LLLLLLDDD,28 JAN 1990,,,
Real Burgos CF,Recreativo,1-0,https://www.besoccer.com/match/real-burgos-cf/recreativo/1990588,1990,21,segunda_division,20,38,0,1,0,3,39,10,9,1,29,12,WWDWLWDWDWWWDWDDDWDD,8,1,0,19,2,20,16,4,4,12,18,31,DLWDLLLWLDLLLWLDLLLW,1,1,8,7,18,WWWWWWWDW,DWLLLLLLLL,28 JAN 1990,,,
Real Murcia,Sestao Sport Club,1-0,https://www.besoccer.com/match/real-murcia/sestao-sport-club/1990589,1990,21,segunda_division,20,38,0,1,0,19,19,4,7,9,19,27,LDLLWDWLWLLDDDLLLDWD,3,2,4,8,11,8,29,8,5,7,17,14,LDLDLDLWWWWWWLWLLWDD,4,0,5,4,7,LLWWWLDLD,LLLWWWLLW,28 JAN 1990,,,
Las Palmas,Bilbao Ath.,3-1,https://www.besoccer.com/match/ud-palmas/athletic-bilbao-b/1990590,1990,21,segunda_division,20,38,0,3,1,11,25,6,7,7,17,22,WLWLDDWLDLWDLLWDWDDL,4,4,1,11,7,2,40,11,7,2,35,16,WWDWDWWLWDWWDWWDWLDD,5,3,1,10,5,WWDWDWLDD,WDDWWWWDL,28 JAN 1990,,,
RM Castilla,Espanyol,1-0,https://www.besoccer.com/match/rm-castilla/espanyol/1990591,1990,22,segunda_division,20,38,0,1,0,19,20,5,5,11,15,24,LDDDLDWWLWLLLLLLWLWDL,3,4,3,8,7,5,32,8,8,5,23,15,LWDDWLLWLWWDDDDWLWDDW,2,5,4,7,9,DDDWWLLLWD,WDLLLWDDLDD,04 FEB 1990,,,
Palamós,Xerez,0-0,https://www.besoccer.com/match/palamos-cf/xerez/1990592,1990,22,segunda_division,20,38,1,0,0,8,29,7,8,6,16,17,WDDWWLLDDWWWDLDLWDLDL,4,5,2,8,5,14,23,5,8,8,14,22,WDDDLLWWWLWLDDDLLLLDD,2,3,5,7,11,DWWLDWDDWLD,WDLWLLDLLD,04 FEB 1990,,,
Elche,Sabadell,1-1,https://www.besoccer.com/match/elche/sabadell/1990593,1990,22,segunda_division,20,38,1,1,1,18,20,4,8,9,21,27,LLWDDWLWLLLDDDLDLWDDL,2,6,3,12,11,6,31,8,7,6,26,22,WWLDWLWLDDLWDWDWWLDLD,2,5,4,10,15,LDWWLDDDLDD,WDLLDLDDWDL,04 FEB 1990,,,
Recreativo,UE Figueres,1-0,https://www.besoccer.com/match/recreativo/figueres/1990594,1990,22,segunda_division,20,38,0,1,0,20,16,4,4,13,18,32,DLWDLLLWLDLLLWLDLLLWL,3,3,4,11,13,12,27,6,9,6,23,28,WDLLDWLWDDWDDWLDLDLDW,1,5,5,7,20,LDLWDLWDLW,DLDLDWDLLLD,04 FEB 1990,,,
Real Betis,Real Murcia,1-1,https://www.besoccer.com/match/betis/real-murcia/1990595,1990,22,segunda_division,20,38,1,1,1,2,41,12,5,4,24,13,LWWDWWWWLWWDWLDDWWDWL,7,3,1,9,3,16,22,5,7,9,20,27,LDLLWDWLWLLDDDLLLDWDW,1,5,5,11,16,WDWWLWWDWDW,DLDLLDDLLWD,04 FEB 1990,,,
Real Burgos CF,Atlético B,4-0,https://www.besoccer.com/match/real-burgos-cf/at-madrid-b/1990596,1990,22,segunda_division,20,38,0,4,0,1,42,11,9,1,30,12,WWDWLWDWDWWWDWDDDWDDW,9,1,0,20,2,15,22,4,10,7,21,27,DDDLDDWLDDLLWLLDWWDLD,0,5,5,4,13,WWWWWWWDWW,DLDLDLLDDL,04 FEB 1990,,,
UD Salamanca,Racing,3-0,https://www.besoccer.com/match/salamanca/racing/1990597,1990,22,segunda_division,20,38,0,3,0,11,28,8,4,9,19,17,WLLWLDWLDLLLLWWWWLWDD,5,2,4,13,7,7,31,8,7,6,21,17,LWWDWWDLWDWDLDLWLLDDW,3,4,4,11,12,LWDLLLWWWWD,WDWLDWLLLDD,04 FEB 1990,,,
Eibar,Las Palmas,1-2,https://www.besoccer.com/match/eibar/ud-palmas/1990598,1990,22,segunda_division,20,38,2,1,2,17,21,5,6,10,20,27,LLLLLWLDLLLWWDWDDDDWL,5,3,3,16,13,10,28,7,7,7,20,23,WLWLDDWLDLWDLLWDWDDLW,2,3,6,6,15,LLWDLWWWDDW,LLDLLDLWWDL,04 FEB 1990,,,
Sestao Sport Club,Levante,1-1,https://www.besoccer.com/match/sestao-sport-club/levante/1990599,1990,22,segunda_division,20,38,1,1,1,9,29,8,5,8,17,15,LDLDLDLWWWWWWLWLLWDDL,4,5,2,13,7,13,25,5,10,6,21,25,LDWDDLLLWDLDDLWDWDDDW,0,7,3,9,15,DDDLWWWWLDD,DDLLDDLDDD,04 FEB 1990,,,
Bilbao Ath.,Deportivo,1-0,https://www.besoccer.com/match/athletic-bilbao-b/deportivo/1990600,1990,22,segunda_division,20,38,0,1,0,3,40,11,7,3,36,19,WWDWDWWLWDWWDWWDWLDDL,6,4,1,25,11,4,34,10,4,7,25,21,WLDWWLLLDDLLWWWWLWWDW,4,2,5,12,15,WWWLDWDWWDD,LWLLDLWWLWD,04 FEB 1990,,,
UE Figueres,Real Burgos CF,1-0,https://www.besoccer.com/match/figueres/real-burgos-cf/1990601,1990,23,segunda_division,20,38,0,1,0,12,27,6,9,7,23,29,WDLLDWLWDDWDDWLDLDLDWL,5,4,1,16,8,1,45,12,9,1,34,12,WWDWLWDWDWWWDWDDDWDDWW,2,8,1,10,10,WLWWDDWDDW,WDLDDWDDDDD,11 FEB 1990,,,
Sabadell,RM Castilla,0-0,https://www.besoccer.com/match/sabadell/rm-castilla/1990602,1990,23,segunda_division,20,38,1,0,0,6,32,8,8,6,27,23,WWLDWLWLDDLWDWDWWLDLDD,6,2,2,16,7,16,23,6,5,11,16,24,LDDDLDWWLWLLLLLLWLWDLW,2,1,8,7,17,WLWWDWWWLD,LDLWLLLLWLL,11 FEB 1990,,,
Levante,Real Betis,1-1,https://www.besoccer.com/match/levante/betis/1990603,1990,23,segunda_division,20,38,1,1,1,13,26,5,11,6,22,26,LDWDDLLLWDLDDLWDWDDDWD,5,3,3,12,10,3,42,12,6,4,25,14,LWWDWWWWLWWDWLDDWWDWLD,5,2,3,15,10,LWDLWLDWWDW,LWWWWDLDWL,11 FEB 1990,,,
Real Murcia,Bilbao Ath.,2-2,https://www.besoccer.com/match/real-murcia/athletic-bilbao-b/1990604,1990,23,segunda_division,20,38,1,2,2,15,23,5,8,9,21,28,LDLLWDWLWLLDDDLLLDWDWD,4,2,4,9,11,2,43,12,7,3,37,19,WWDWDWWLWDWWDWWDWLDDLW,5,3,2,11,8,LLWWWLDLDW,WDDWWWWDLL,11 FEB 1990,,,
Racing,Elche,0-1,https://www.besoccer.com/match/racing/elche/1990605,1990,23,segunda_division,20,38,2,0,1,9,31,8,7,7,21,20,LWWDWWDLWDWDLDLWLLDDWL,5,3,2,10,5,19,21,4,9,9,22,28,LLWDDWLWLLLDDDLDLWDDLD,2,2,6,9,16,LWWDWDDWLW,LWDLLLDLWL,11 FEB 1990,,,
Deportivo,Eibar,0-1,https://www.besoccer.com/match/deportivo/eibar/1990606,1990,23,segunda_division,20,38,2,0,1,4,34,10,4,8,25,22,WLDWWLLLDDLLWWWWLWWDWL,6,2,2,13,6,18,21,5,6,11,21,29,LLLLLWLDLLLWWDWDDDDWLL,0,3,7,4,14,WDWLDLWWWW,LLLLLLDDDL,11 FEB 1990,,,
Xerez,Sestao Sport Club,0-1,https://www.besoccer.com/match/xerez/sestao-sport-club/1990607,1990,23,segunda_division,20,38,2,0,1,14,24,5,9,8,14,22,WDDDLLWWWLWLDDDLLLLDDD,3,5,3,7,11,10,30,8,6,8,18,16,LDLDLDLWWWWWWLWLLWDDLD,4,0,6,4,8,DDLWWWDDLLD,LLLWWWLLWL,11 FEB 1990,,,
Espanyol,Recreativo,4-0,https://www.besoccer.com/match/espanyol/recreativo/1990608,1990,23,segunda_division,20,38,0,4,0,5,32,8,8,6,23,16,LWDDWLLWLWWDDDDWLWDDWL,6,3,1,16,6,20,19,5,4,13,19,32,DLWDLLLWLDLLLWLDLLLWLW,1,1,9,7,19,LDWWWDDWWW,DWLLLLLLLLL,11 FEB 1990,,,
Las Palmas,UD Salamanca,3-1,https://www.besoccer.com/match/ud-palmas/salamanca/1990609,1990,23,segunda_division,20,38,0,3,1,7,31,8,7,7,22,24,WLWLDDWLDLWDLLWDWDDLWW,5,4,1,14,8,8,31,9,4,9,22,17,WLLWLDWLDLLLLWWWWLWDDW,3,2,5,6,10,WWDWDWLDDW,WLLWDLLWLD,11 FEB 1990,,,
Atlético B,Palamós,2-2,https://www.besoccer.com/match/at-madrid-b/palamos-cf/1990610,1990,23,segunda_division,20,38,1,2,2,17,22,4,10,8,21,31,DDDLDDWLDDLLWLLDWWDLDL,4,5,2,17,14,11,30,7,9,6,16,17,WDDWWLLDDWWWDLDLWDLDLD,3,3,4,8,12,DDDWDLWLWWD,WDLDWWLLDL,11 FEB 1990,,,
Real Burgos CF,Espanyol,4-1,https://www.besoccer.com/match/real-burgos-cf/espanyol/1990611,1990,24,segunda_division,20,38,0,4,1,1,45,12,9,2,34,13,WWDWLWDWDWWWDWDDDWDDWWL,10,1,0,24,2,4,35,9,8,6,27,16,LWDDWLLWLWWDDDDWLWDDWLW,2,5,5,7,10,WWWWWWWDWWW,WDLLLWDDLDDL,18 FEB 1990,,,
Recreativo,Sabadell,2-0,https://www.besoccer.com/match/recreativo/sabadell/1990612,1990,24,segunda_division,20,38,0,2,0,20,19,5,4,14,19,36,DLWDLLLWLDLLLWLDLLLWLWL,4,3,4,12,13,8,33,8,9,6,27,23,WWLDWLWLDDLWDWDWWLDLDDD,2,6,4,11,16,LDLWDLWDLWW,WDLLDLDDWDLD,18 FEB 1990,18:00,,
UE Figueres,Atlético B,2-1,https://www.besoccer.com/match/figueres/at-madrid-b/1990613,1990,24,segunda_division,20,38,0,2,1,12,30,7,9,7,24,29,WDLLDWLWDDWDDWLDLDLDWLW,6,4,1,17,8,19,23,4,11,8,23,33,DDDLDDWLDDLLWLLDWWDLDLD,0,5,6,4,17,WLWWDDWDDWW,DLDLDLLDDLL,18 FEB 1990,,,
Sestao Sport Club,Palamós,0-1,https://www.besoccer.com/match/sestao-sport-club/palamos-cf/1990614,1990,24,segunda_division,20,38,2,0,1,7,33,9,6,8,19,16,LDLDLDLWWWWWWLWLLWDDLDW,4,6,2,14,8,9,31,7,10,6,18,19,WDDWWLLDDWWWDLDLWDLDLDD,3,4,4,10,14,DDDLWWWWLDDD,WDLDWWLLDLD,18 FEB 1990,,,
Elche,Las Palmas,2-0,https://www.besoccer.com/match/elche/ud-palmas/1990615,1990,24,segunda_division,20,38,0,2,0,18,24,5,9,9,23,28,LLWDDWLWLLLDDDLDLWDDLDW,2,7,3,13,12,6,34,9,7,7,25,25,WLWLDDWLDLWDLLWDWDDLWWW,3,3,6,8,16,LDWWLDDDLDDD,LLDLLDLWWDLW,18 FEB 1990,,,
Real Betis,Xerez,0-0,https://www.besoccer.com/match/betis/xerez/1990616,1990,24,segunda_division,20,38,1,0,0,3,43,12,7,4,26,15,LWWDWWWWLWWDWLDDWWDWLDD,7,4,1,10,4,14,24,5,9,9,14,23,WDDDLLWWWLWLDDDLLLLDDDL,2,4,5,7,11,WDWWLWWDWDWD,WDLWLLDLLDD,18 FEB 1990,,,
UD Salamanca,Deportivo,2-0,https://www.besoccer.com/match/salamanca/deportivo/1990617,1990,24,segunda_division,20,38,0,2,0,11,31,9,4,10,23,20,WLLWLDWLDLLLLWWWWLWDDWL,6,2,4,16,7,5,34,10,4,9,25,23,WLDWWLLLDDLLWWWWLWWDWLL,4,2,6,12,16,LWDLLLWWWWDW,LWLLDLWWLWDL,18 FEB 1990,,,
Eibar,Real Murcia,0-2,https://www.besoccer.com/match/eibar/real-murcia/1990618,1990,24,segunda_division,20,38,2,0,2,17,24,6,6,11,22,29,LLLLLWLDLLLWWDWDDDDWLLW,5,3,4,17,15,15,24,5,9,9,23,30,LDLLWDWLWLLDDDLLLDWDWDD,1,6,5,12,17,LLWDLWWWDDWL,DLDLLDDLLWDD,18 FEB 1990,,,
Bilbao Ath.,Levante,1-0,https://www.besoccer.com/match/athletic-bilbao-b/levante/1990619,1990,24,segunda_division,20,38,0,1,0,2,44,12,8,3,39,21,WWDWDWWLWDWWDWWDWLDDLWD,7,4,1,26,11,13,27,5,12,6,23,27,LDWDDLLLWDLDDLWDWDDDWDD,0,8,3,10,16,WWWLDWDWWDDW,DDLLDDLDDDD,18 FEB 1990,,,
RM Castilla,Racing,1-2,https://www.besoccer.com/match/rm-castilla/racing/1990620,1990,24,segunda_division,20,38,2,1,2,16,24,6,6,11,16,24,LDDDLDWWLWLLLLLLWLWDLWD,4,4,3,9,7,10,31,8,7,8,21,21,LWWDWWDLWDWDLDLWLLDDWLL,3,4,5,11,15,DDDWWLLLWDW,WDWLDWLLLDDL,18 FEB 1990,,,
Espanyol,UE Figueres,0-1,https://www.besoccer.com/match/espanyol/figueres/1990621,1990,25,segunda_division,20,38,2,0,1,4,35,9,8,7,28,20,LWDDWLLWLWWDDDDWLWDDWLWL,7,3,1,20,6,12,33,8,9,7,26,30,WDLLDWLWDDWDDWLDLDLDWLWW,1,5,6,7,21,LDWWWDDWWWW,DLDLDWDLLLDL,25 FEB 1990,,,
Sabadell,Real Burgos CF,0-0,https://www.besoccer.com/match/sabadell/real-burgos-cf/1990622,1990,25,segunda_division,20,38,1,0,0,10,33,8,9,7,27,25,WWLDWLWLDDLWDWDWWLDLDDDL,6,3,2,16,7,1,48,13,9,2,38,14,WWDWLWDWDWWWDWDDDWDDWWLW,2,8,2,10,11,WLWWDWWWLDD,WDLDDWDDDDDL,25 FEB 1990,,,
Palamós,Real Betis,0-0,https://www.besoccer.com/match/palamos-cf/betis/1990623,1990,25,segunda_division,20,38,1,0,0,5,34,8,10,6,19,19,WDDWWLLDDWWWDLDLWDLDLDDW,4,6,2,8,5,3,44,12,8,4,26,15,LWWDWWWWLWWDWLDDWWDWLDDD,5,3,3,16,11,DWWLDWDDWLDD,LWWWWDLDWLD,25 FEB 1990,,,
Deportivo,Elche,1-0,https://www.besoccer.com/match/deportivo/elche/1990624,1990,25,segunda_division,20,38,0,1,0,9,34,10,4,10,25,25,WLDWWLLLDDLLWWWWLWWDWLLL,6,2,3,13,7,15,27,6,9,9,25,28,LLWDDWLWLLLDDDLDLWDDLDWW,3,2,6,10,16,WDWLDLWWWWL,LWDLLLDLWLW,25 FEB 1990,,,
Real Murcia,UD Salamanca,0-0,https://www.besoccer.com/match/real-murcia/salamanca/1990625,1990,25,segunda_division,20,38,1,0,0,14,27,6,9,9,25,30,LDLLWDWLWLLDDDLLLDWDWDDW,4,3,4,11,13,7,34,10,4,10,25,20,WLLWLDWLDLLLLWWWWLWDDWLW,3,2,6,7,13,LLWWWLDLDWD,WLLWDLLWLDL,25 FEB 1990,,,
Levante,Eibar,0-0,https://www.besoccer.com/match/levante/eibar/1990626,1990,25,segunda_division,20,38,1,0,0,13,27,5,12,7,23,28,LDWDDLLLWDLDDLWDWDDDWDDL,5,4,3,13,11,18,24,6,6,12,22,31,LLLLLWLDLLLWWDWDDDDWLLWL,1,3,7,5,14,LWDLWLDWWDWD,LLLLLLDDDLW,25 FEB 1990,,,
Xerez,Bilbao Ath.,1-1,https://www.besoccer.com/match/xerez/athletic-bilbao-b/1990627,1990,25,segunda_division,20,38,1,1,1,16,25,5,10,9,14,23,WDDDLLWWWLWLDDDLLLLDDDLD,3,5,4,7,12,2,47,13,8,3,40,21,WWDWDWWLWDWWDWWDWLDDLWDW,5,4,2,13,10,DDLWWWDDLLDL,WDDWWWWDLLD,25 FEB 1990,,,
Atlético B,Sestao Sport Club,1-1,https://www.besoccer.com/match/at-madrid-b/sestao-sport-club/1990628,1990,25,segunda_division,20,38,1,1,1,19,23,4,11,9,24,35,DDDLDDWLDDLLWLLDWWDLDLDL,4,6,2,19,16,11,33,9,6,9,19,17,LDLDLDLWWWWWWLWLLWDDLDWL,5,0,6,5,8,DDDWDLWLWWDD,LLLWWWLLWLW,25 FEB 1990,,,
Racing,Recreativo,1-2,https://www.besoccer.com/match/racing/recreativo/1990629,1990,25,segunda_division,20,38,2,1,2,6,34,9,7,8,23,22,LWWDWWDLWDWDLDLWLLDDWLLW,5,3,3,10,6,20,22,6,4,14,21,36,DLWDLLLWLDLLLWLDLLLWLWLW,1,1,10,7,23,LWWDWDDWLWL,DWLLLLLLLLLL,25 FEB 1990,,,
Las Palmas,RM Castilla,4-1,https://www.besoccer.com/match/ud-palmas/rm-castilla/1990630,1990,25,segunda_division,20,38,0,4,1,8,34,9,7,8,25,27,WLWLDDWLDLWDLLWDWDDLWWWL,6,4,1,17,9,17,24,6,6,12,17,26,LDDDLDWWLWLLLLLLWLWDLWDL,2,2,8,7,17,WWDWDWLDDWW,LDLWLLLLWLLD,25 FEB 1990,,,
Espanyol,Atlético B,1-0,https://www.besoccer.com/match/espanyol/at-madrid-b/1990631,1990,26,segunda_division,20,38,0,1,0,7,35,9,8,8,28,21,LWDDWLLWLWWDDDDWLWDDWLWLL,7,3,2,20,7,20,24,4,12,9,25,36,DDDLDDWLDDLLWLLDWWDLDLDLD,0,5,7,5,19,LDWWWDDWWWWL,DLDLDLLDDLLL,04 MAR 1990,,,
UE Figueres,Sabadell,1-3,https://www.besoccer.com/match/figueres/sabadell/1990632,1990,26,segunda_division,20,38,2,1,3,6,36,9,9,7,27,30,WDLLDWLWDDWDDWLDLDLDWLWWW,7,4,1,19,9,11,34,8,10,7,27,25,WWLDWLWLDDLWDWDWWLDLDDDLD,2,6,5,11,18,WLWWDDWDDWWW,WDLLDLDDWDLDL,04 MAR 1990,,,
Bilbao Ath.,Palamós,1-2,https://www.besoccer.com/match/athletic-bilbao-b/palamos-cf/1990633,1990,26,segunda_division,20,38,2,1,2,2,48,13,9,3,41,22,WWDWDWWLWDWWDWWDWLDDLWDWD,8,4,1,27,11,8,35,8,11,6,19,19,WDDWWLLDDWWWDLDLWDLDLDDWD,4,4,4,11,14,WWWLDWDWWDDWW,WDLDWWLLDLDW,04 MAR 1990,,,
Elche,Real Murcia,0-0,https://www.besoccer.com/match/elche/real-murcia/1990634,1990,26,segunda_division,20,38,1,0,0,15,27,6,9,10,25,29,LLWDDWLWLLLDDDLDLWDDLDWWL,3,7,3,15,12,14,28,6,10,9,25,30,LDLLWDWLWLLDDDLLLDWDWDDWD,2,6,5,14,17,LDWWLDDDLDDDW,DLDLLDDLLWDDW,04 MAR 1990,,,
Real Burgos CF,Racing,0-2,https://www.besoccer.com/match/real-burgos-cf/racing/1990635,1990,26,segunda_division,20,38,2,0,2,1,49,13,10,2,38,14,WWDWLWDWDWWWDWDDDWDDWWLWD,11,1,0,28,3,12,34,9,7,9,24,24,LWWDWWDLWDWDLDLWLLDDWLLWL,4,4,5,13,16,WWWWWWWDWWWW,WDWLDWLLLDDLW,04 MAR 1990,,,
Real Betis,Sestao Sport Club,1-1,https://www.besoccer.com/match/betis/sestao-sport-club/1990636,1990,26,segunda_division,20,38,1,1,1,3,45,12,9,4,26,15,LWWDWWWWLWWDWLDDWWDWLDDDD,7,5,1,10,4,10,34,9,7,9,20,18,LDLDLDLWWWWWWLWLLWDDLDWLD,5,1,6,6,9,WDWWLWWDWDWDD,LLLWWWLLWLWD,04 MAR 1990,18:00,,
Recreativo,Las Palmas,1-0,https://www.besoccer.com/match/recreativo/ud-palmas/1990637,1990,26,segunda_division,20,38,0,1,0,18,25,7,4,14,23,37,DLWDLLLWLDLLLWLDLLLWLWLWW,5,3,4,14,13,4,37,10,7,8,29,28,WLWLDDWLDLWDLLWDWDDLWWWLW,3,3,7,8,18,LDLWDLWDLWWW,LLDLLDLWWDLWL,04 MAR 1990,,,
Eibar,Xerez,1-1,https://www.besoccer.com/match/eibar/xerez/1990638,1990,26,segunda_division,20,38,1,1,1,17,25,6,7,12,22,31,LLLLLWLDLLLWWDWDDDDWLLWLD,5,3,5,17,17,16,26,5,11,9,15,24,WDDDLLWWWLWLDDDLLLLDDDLDD,2,5,5,7,11,LLWDLWWWDDWLL,WDLWLLDLLDDD,04 MAR 1990,,,
UD Salamanca,Levante,1-0,https://www.besoccer.com/match/salamanca/levante/1990639,1990,26,segunda_division,20,38,0,1,0,9,35,10,5,10,25,20,WLLWLDWLDLLLLWWWWLWDDWLWD,7,2,4,18,7,13,28,5,13,7,23,28,LDWDDLLLWDLDDLWDWDDDWDDLD,0,8,4,10,17,LWDLLLWWWWDWW,DDLLDDLDDDDL,04 MAR 1990,,,
RM Castilla,Deportivo,0-0,https://www.besoccer.com/match/rm-castilla/deportivo/1990640,1990,26,segunda_division,20,38,1,0,0,19,24,6,6,13,18,30,LDDDLDWWLWLLLLLLWLWDLWDLL,4,4,4,10,9,5,37,11,4,10,26,25,WLDWWLLLDDLLWWWWLWWDWLLLW,4,2,7,12,18,DDDWWLLLWDWL,LWLLDLWWLWDLL,04 MAR 1990,,,
Sabadell,Espanyol,1-1,https://www.besoccer.com/match/sabadell/espanyol/1990641,1990,27,segunda_division,20,38,1,1,1,9,37,9,10,7,30,26,WWLDWLWLDDLWDWDWWLDLDDDLDW,6,4,2,16,7,6,38,10,8,8,29,21,LWDDWLLWLWWDDDDWLWDDWLWLLW,2,5,6,8,14,WLWWDWWWLDDD,WDLLLWDDLDDLL,11 MAR 1990,,,
Racing,UE Figueres,0-0,https://www.besoccer.com/match/racing/figueres/1990642,1990,27,segunda_division,20,38,1,0,0,8,37,10,7,9,26,24,LWWDWWDLWDWDLDLWLLDDWLLWLW,5,3,4,11,8,11,36,9,9,8,28,33,WDLLDWLWDDWDDWLDLDLDWLWWWL,2,5,6,8,21,LWWDWDDWLWLL,DLDLDWDLLLDLW,11 MAR 1990,,,
Palamós,Eibar,1-0,https://www.besoccer.com/match/palamos-cf/eibar/1990643,1990,27,segunda_division,20,38,0,1,0,7,38,9,11,6,21,20,WDDWWLLDDWWWDLDLWDLDLDDWDW,4,7,2,8,5,18,26,6,8,12,23,32,LLLLLWLDLLLWWDWDDDDWLLWLDD,1,4,7,5,14,DWWLDWDDWLDDD,LLLLLLDDDLWD,11 MAR 1990,,,
Atlético B,Real Betis,2-1,https://www.besoccer.com/match/at-madrid-b/betis/1990644,1990,27,segunda_division,20,38,0,2,1,20,24,4,12,10,25,37,DDDLDDWLDDLLWLLDWWDLDLDLDL,4,7,2,20,17,3,46,12,10,4,27,16,LWWDWWWWLWWDWLDDWWDWLDDDDD,5,4,3,16,11,DDDWDLWLWWDDD,LWWWWDLDWLDD,11 MAR 1990,,,
Real Murcia,RM Castilla,1-0,https://www.besoccer.com/match/real-murcia/rm-castilla/1990645,1990,27,segunda_division,20,38,0,1,0,13,29,6,11,9,25,30,LDLLWDWLWLLDDDLLLDWDWDDWDD,4,4,4,11,13,19,25,6,7,13,18,30,LDDDLDWWLWLLLLLLWLWDLWDLLD,2,2,9,8,21,LLWWWLDLDWDD,LDLWLLLLWLLDL,11 MAR 1990,,,
Xerez,UD Salamanca,1-0,https://www.besoccer.com/match/xerez/salamanca/1990646,1990,27,segunda_division,20,38,0,1,0,17,27,5,12,9,16,25,WDDDLLWWWLWLDDDLLLLDDDLDDD,3,6,4,8,13,4,38,11,5,10,26,20,WLLWLDWLDLLLLWWWWLWDDWLWDW,3,3,6,7,13,DDLWWWDDLLDLD,WLLWDLLWLDLD,11 MAR 1990,,,
Deportivo,Recreativo,4-3,https://www.besoccer.com/match/deportivo/recreativo/1990647,1990,27,segunda_division,20,38,0,4,3,5,38,11,5,10,26,25,WLDWWLLLDDLLWWWWLWWDWLLLWD,7,2,3,14,7,16,28,8,4,14,24,37,DLWDLLLWLDLLLWLDLLLWLWLWWW,2,1,10,9,24,WDWLDLWWWWLW,DWLLLLLLLLLLW,11 MAR 1990,,,
Levante,Elche,1-1,https://www.besoccer.com/match/levante/elche/1990648,1990,27,segunda_division,20,38,1,1,1,14,28,5,13,8,23,29,LDWDDLLLWDLDDLWDWDDDWDDLDL,5,5,3,13,11,15,28,6,10,10,25,29,LLWDDWLWLLLDDDLDLWDDLDWWLD,3,2,7,10,17,LWDLWLDWWDWDD,LWDLLLDLWLWL,11 MAR 1990,,,
Sestao Sport Club,Bilbao Ath.,2-2,https://www.besoccer.com/match/sestao-sport-club/athletic-bilbao-b/1990649,1990,27,segunda_division,20,38,1,2,2,12,35,9,8,9,21,19,LDLDLDLWWWWWWLWLLWDDLDWLDD,4,6,3,14,9,2,48,13,9,4,42,24,WWDWDWWLWDWWDWWDWLDDLWDWDL,5,5,2,14,11,DDDLWWWWLDDDL,WDDWWWWDLLDD,11 MAR 1990,,,
Las Palmas,Real Burgos CF,0-0,https://www.besoccer.com/match/ud-palmas/real-burgos-cf/1990650,1990,27,segunda_division,20,38,1,0,0,10,37,10,7,9,29,29,WLWLDDWLDLWDLLWDWDDLWWWLWL,7,4,1,21,10,1,49,13,10,3,38,16,WWDWLWDWDWWWDWDDDWDDWWLWDL,2,9,2,10,11,WWDWDWLDDWWW,WDLDDWDDDDDLD,11 MAR 1990,18:00,,
Espanyol,Racing,1-0,https://www.besoccer.com/match/espanyol/racing/1990651,1990,28,segunda_division,20,38,0,1,0,6,39,10,9,8,30,22,LWDDWLLWLWWDDDDWLWDDWLWLLWD,8,3,2,21,7,8,38,10,8,9,26,24,LWWDWWDLWDWDLDLWLLDDWLLWLWD,5,4,5,15,16,LDWWWDDWWWWLW,WDWLDWLLLDDLWW,18 MAR 1990,,,
UE Figueres,Las Palmas,1-1,https://www.besoccer.com/match/figueres/ud-palmas/1990652,1990,28,segunda_division,20,38,1,1,1,11,37,9,10,8,28,33,WDLLDWLWDDWDDWLDLDLDWLWWWLD,7,4,2,20,12,10,38,10,8,9,29,29,WLWLDDWLDLWDLLWDWDDLWWWLWLD,3,3,8,8,19,WLWWDDWDDWWWL,LLDLLDLWWDLWLL,18 MAR 1990,,,
UD Salamanca,Palamós,1-1,https://www.besoccer.com/match/salamanca/palamos-cf/1990653,1990,28,segunda_division,20,38,1,1,1,7,38,11,5,11,26,21,WLLWLDWLDLLLLWWWWLWDDWLWDWL,8,2,4,19,7,5,41,10,11,6,22,20,WDDWWLLDDWWWDLDLWDLDLDDWDWW,5,4,4,13,15,LWDLLLWWWWDWWW,WDLDWWLLDLDWW,18 MAR 1990,,,
Sabadell,Atlético B,2-0,https://www.besoccer.com/match/sabadell/at-madrid-b/1990654,1990,28,segunda_division,20,38,0,2,0,9,38,9,11,7,31,27,WWLDWLWLDDLWDWDWWLDLDDDLDWD,6,5,2,17,8,18,27,5,12,10,27,38,DDDLDDWLDDLLWLLDWWDLDLDLDLW,0,5,8,5,20,WLWWDWWWLDDDD,DLDLDLLDDLLLL,18 MAR 1990,,,
Elche,Xerez,1-0,https://www.besoccer.com/match/elche/xerez/1990655,1990,28,segunda_division,20,38,0,1,0,16,29,6,11,10,26,30,LLWDDWLWLLLDDDLDLWDDLDWWLDD,3,8,3,15,12,14,30,6,12,9,17,25,WDDDLLWWWLWLDDDLLLLDDDLDDDW,2,6,5,8,12,LDWWLDDDLDDDWD,WDLWLLDLLDDDD,18 MAR 1990,,,
Recreativo,Real Murcia,0-1,https://www.besoccer.com/match/recreativo/real-murcia/1990656,1990,28,segunda_division,20,38,2,0,1,17,28,8,4,15,27,41,DLWDLLLWLDLLLWLDLLLWLWLWWWL,6,3,4,15,13,13,32,7,11,9,26,30,LDLLWDWLWLLDDDLLLDWDWDDWDDW,2,7,5,14,17,LDLWDLWDLWWWW,DLDLLDDLLWDDWD,18 MAR 1990,,,
Bilbao Ath.,Real Betis,0-0,https://www.besoccer.com/match/athletic-bilbao-b/betis/1990657,1990,28,segunda_division,20,38,1,0,0,2,49,13,10,4,44,26,WWDWDWWLWDWWDWWDWLDDLWDWDLD,8,4,2,28,13,3,46,12,10,5,28,18,LWWDWWWWLWWDWLDDWWDWLDDDDDL,5,4,4,17,13,WWWLDWDWWDDWWL,LWWWWDLDWLDDL,18 MAR 1990,,,
Eibar,Sestao Sport Club,1-0,https://www.besoccer.com/match/eibar/sestao-sport-club/1990658,1990,28,segunda_division,20,38,0,1,0,19,26,6,8,13,23,33,LLLLLWLDLLLWWDWDDDDWLLWLDDL,5,4,5,18,18,12,36,9,9,9,23,21,LDLDLDLWWWWWWLWLLWDDLDWLDDD,5,2,6,7,10,LLWDLWWWDDWLLD,LLLWWWLLWLWDD,18 MAR 1990,,,
Real Burgos CF,Deportivo,3-0,https://www.besoccer.com/match/real-burgos-cf/deportivo/1990659,1990,28,segunda_division,20,38,0,3,0,1,50,13,11,3,38,16,WWDWLWDWDWWWDWDDDWDDWWLWDLD,11,1,1,28,5,4,41,12,5,10,30,28,WLDWWLLLDDLLWWWWLWWDWLLLWDW,4,3,7,12,18,WWWWWWWDWWWWL,LWLLDLWWLWDLLD,18 MAR 1990,,,
RM Castilla,Levante,3-1,https://www.besoccer.com/match/rm-castilla/levante/1990660,1990,28,segunda_division,20,38,0,3,1,20,25,6,7,14,18,31,LDDDLDWWLWLLLLLLWLWDLWDLLDL,4,5,4,10,9,15,29,5,14,8,24,30,LDWDDLLLWDLDDLWDWDDDWDDLDLD,0,8,5,10,18,DDDWWLLLWDWLD,DDLLDDLDDDDLL,18 MAR 1990,,,
Palamós,Elche,2-0,https://www.besoccer.com/match/palamos-cf/elche/1990661,1990,29,segunda_division,20,38,0,2,0,4,42,10,12,6,23,21,WDDWWLLDDWWWDLDLWDLDLDDWDWWD,5,7,2,9,5,14,32,7,11,10,27,30,LLWDDWLWLLLDDDLDLWDDLDWWLDDW,3,3,7,11,18,DWWLDWDDWLDDDW,LWDLLLDLWLWLD,25 MAR 1990,,,
Deportivo,UE Figueres,1-1,https://www.besoccer.com/match/deportivo/figueres/1990662,1990,29,segunda_division,20,38,1,1,1,6,41,12,5,11,30,31,WLDWWLLLDDLLWWWWLWWDWLLLWDWL,8,2,3,18,10,10,38,9,11,8,29,34,WDLLDWLWDDWDDWLDLDLDWLWWWLDD,2,6,6,8,21,WDWLDLWWWWLWW,DLDLDWDLLLDLWD,25 MAR 1990,,,
Real Murcia,Real Burgos CF,2-0,https://www.besoccer.com/match/real-murcia/real-burgos-cf/1990663,1990,29,segunda_division,20,38,0,2,0,13,35,8,11,9,27,30,LDLLWDWLWLLDDDLLLDWDWDDWDDWW,5,4,4,12,13,1,53,14,11,3,41,16,WWDWLWDWDWWWDWDDDWDDWWLWDLDW,2,10,2,10,11,LLWWWLDLDWDDW,WDLDDWDDDDDLDD,25 MAR 1990,,,
Racing,Sabadell,4-0,https://www.besoccer.com/match/racing/sabadell/1990664,1990,29,segunda_division,20,38,0,4,0,11,38,10,8,10,26,25,LWWDWWDLWDWDLDLWLLDDWLLWLWDL,5,4,4,11,8,7,41,10,11,7,33,27,WWLDWLWLDDLWDWDWWLDLDDDLDWDW,3,6,5,14,19,LWWDWDDWLWLLD,WDLLDLDDWDLDLW,25 MAR 1990,,,
Atlético B,Bilbao Ath.,0-1,https://www.besoccer.com/match/at-madrid-b/athletic-bilbao-b/1990665,1990,29,segunda_division,20,38,2,0,1,20,27,5,12,11,27,40,DDDLDDWLDDLLWLLDWWDLDLDLDLWL,5,7,2,22,18,2,50,13,11,4,44,26,WWDWDWWLWDWWDWWDWLDDLWDWDLDD,5,6,2,16,13,DDDWDLWLWWDDDW,WDDWWWWDLLDDD,25 MAR 1990,,,
Levante,Recreativo,1-1,https://www.besoccer.com/match/levante/recreativo/1990666,1990,29,segunda_division,20,38,1,1,1,16,29,5,14,9,25,33,LDWDDLLLWDLDDLWDWDDDWDDLDLDL,5,6,3,14,12,18,28,8,4,16,27,42,DLWDLLLWLDLLLWLDLLLWLWLWWWLL,2,1,11,12,28,LWDLWLDWWDWDDD,DWLLLLLLLLLLWL,25 MAR 1990,,,
Xerez,RM Castilla,1-0,https://www.besoccer.com/match/xerez/rm-castilla/1990667,1990,29,segunda_division,20,38,0,1,0,15,30,6,12,10,17,26,WDDDLLWWWLWLDDDLLLLDDDLDDDWL,4,6,4,9,13,19,28,7,7,14,21,32,LDDDLDWWLWLLLLLLWLWDLWDLLDLW,2,2,10,8,22,DDLWWWDDLLDLDW,LDLWLLLLWLLDLL,25 MAR 1990,,,
Real Betis,Eibar,1-1,https://www.besoccer.com/match/betis/eibar/1990668,1990,29,segunda_division,20,38,1,1,1,3,47,12,11,5,28,18,LWWDWWWWLWWDWLDDWWDWLDDDDDLD,7,6,1,11,5,17,29,7,8,13,24,33,LLLLLWLDLLLWWDWDDDDWLLWLDDLW,1,4,8,5,15,WDWWLWWDWDWDDD,LLLLLLDDDLWDL,25 MAR 1990,,,
Sestao Sport Club,UD Salamanca,1-0,https://www.besoccer.com/match/sestao-sport-club/salamanca/1990669,1990,29,segunda_division,20,38,0,1,0,12,36,9,9,10,23,22,LDLDLDLWWWWWWLWLLWDDLDWLDDDL,4,7,3,16,11,9,39,11,6,11,27,22,WLLWLDWLDLLLLWWWWLWDDWLWDWLD,3,3,7,7,14,DDDLWWWWLDDDLD,WLLWDLLWLDLDL,25 MAR 1990,,,
Las Palmas,Espanyol,2-1,https://www.besoccer.com/match/ud-palmas/espanyol/1990670,1990,29,segunda_division,20,38,0,2,1,8,39,10,9,9,30,30,WLWLDDWLDLWDLLWDWDDLWWWLWLDD,7,5,1,21,10,5,42,11,9,8,31,22,LWDDWLLWLWWDDDDWLWDDWLWLLWDW,2,6,6,9,15,WWDWDWLDDWWWD,WDLLLWDDLDDLLD,25 MAR 1990,,,
RM Castilla,Palamós,1-1,https://www.besoccer.com/match/rm-castilla/palamos-cf/1990671,1990,30,segunda_division,20,38,1,1,1,19,28,7,7,15,21,33,LDDDLDWWLWLLLLLLWLWDLWDLLDLWL,5,5,4,13,10,4,45,11,12,6,25,21,WDDWWLLDDWWWDLDLWDLDLDDWDWWDW,5,5,4,14,16,DDDWWLLLWDWLDW,WDLDWWLLDLDWWD,01 APR 1990,,,
Sabadell,Las Palmas,2-1,https://www.besoccer.com/match/sabadell/ud-palmas/1990672,1990,30,segunda_division,20,38,0,2,1,9,41,10,11,8,33,31,WWLDWLWLDDLWDWDWWLDLDDDLDWDWL,7,5,2,19,8,5,42,11,9,9,32,31,WLWLDDWLDLWDLLWDWDDLWWWLWLDDW,3,4,8,9,20,WLWWDWWWLDDDDW,LLDLLDLWWDLWLLD,01 APR 1990,,,
UE Figueres,Real Murcia,0-2,https://www.besoccer.com/match/figueres/real-murcia/1990673,1990,30,segunda_division,20,38,2,0,2,11,39,9,12,8,30,35,WDLLDWLWDDWDDWLDLDLDWLWWWLDDD,7,5,2,21,13,13,38,9,11,9,29,30,LDLLWDWLWLLDDDLLLDWDWDDWDDWWW,3,7,5,15,17,WLWWDDWDDWWWLD,DLDLLDDLLWDDWDW,01 APR 1990,,,
Real Burgos CF,Levante,0-1,https://www.besoccer.com/match/real-burgos-cf/levante/1990674,1990,30,segunda_division,20,38,2,0,1,1,53,14,11,4,41,18,WWDWLWDWDWWWDWDDDWDDWWLWDLDWL,12,1,1,31,5,16,30,5,15,9,26,34,LDWDDLLLWDLDDLWDWDDDWDDLDLDLD,0,8,6,11,21,WWWWWWWDWWWWLW,DDLLDDLDDDDLLL,01 APR 1990,,,
UD Salamanca,Real Betis,1-1,https://www.besoccer.com/match/salamanca/betis/1990675,1990,30,segunda_division,20,38,1,1,1,10,39,11,6,12,27,23,WLLWLDWLDLLLLWWWWLWDDWLWDWLDL,8,3,4,20,8,3,48,12,12,5,29,19,LWWDWWWWLWWDWLDDWWDWLDDDDDLDD,5,5,4,17,13,LWDLLLWWWWDWWWD,LWWWWDLDWLDDLD,01 APR 1990,,,
Racing,Atlético B,0-1,https://www.besoccer.com/match/racing/at-madrid-b/1990676,1990,30,segunda_division,20,38,2,0,1,8,41,11,8,10,30,25,LWWDWWDLWDWDLDLWLLDDWLLWLWDLW,6,4,4,15,8,20,27,5,12,12,27,41,DDDLDDWLDDLLWLLDWWDLDLDLDLWLL,0,5,9,5,22,LWWDWDDWLWLLDW,DLDLDLLDDLLLLL,01 APR 1990,,,
Espanyol,Deportivo,2-0,https://www.besoccer.com/match/espanyol/deportivo/1990677,1990,30,segunda_division,20,38,0,2,0,6,42,11,9,9,32,24,LWDDWLLWLWWDDDDWLWDDWLWLLWDWL,9,3,2,22,7,7,42,12,6,11,31,32,WLDWWLLLDDLLWWWWLWWDWLLLWDWLD,4,3,8,12,21,LDWWWDDWWWWLWW,LWLLDLWWLWDLLDL,01 APR 1990,,,
Elche,Sestao Sport Club,2-1,https://www.besoccer.com/match/elche/sestao-sport-club/1990678,1990,30,segunda_division,20,38,0,2,1,15,32,7,11,11,27,32,LLWDDWLWLLLDDDLDLWDDLDWWLDDWL,4,8,3,16,12,12,39,10,9,10,24,22,LDLDLDLWWWWWWLWLLWDDLDWLDDDLW,5,2,7,7,11,LDWWLDDDLDDDWDW,LLLWWWLLWLWDDL,01 APR 1990,,,
Recreativo,Xerez,0-1,https://www.besoccer.com/match/recreativo/xerez/1990679,1990,30,segunda_division,20,38,2,0,1,18,29,8,5,16,28,43,DLWDLLLWLDLLLWLDLLLWLWLWWWLLD,6,3,5,15,14,14,33,7,12,10,18,26,WDDDLLWWWLWLDDDLLLLDDDLDDDWLW,2,6,6,8,13,LDLWDLWDLWWWWL,WDLWLLDLLDDDDL,01 APR 1990,,,
Eibar,Bilbao Ath.,1-1,https://www.besoccer.com/match/eibar/athletic-bilbao-b/1990680,1990,30,segunda_division,20,38,1,1,1,17,30,7,9,13,25,34,LLLLLWLDLLLWWDWDDDDWLLWLDDLWD,6,4,5,19,18,2,53,14,11,4,45,26,WWDWDWWLWDWWDWWDWLDDLWDWDLDDW,6,6,2,17,13,LLWDLWWWDDWLLDW,WDDWWWWDLLDDDW,01 APR 1990,,,
Real Murcia,Espanyol,1-2,https://www.besoccer.com/match/real-murcia/espanyol/1990681,1990,31,segunda_division,20,38,2,1,2,9,41,10,11,9,31,30,LDLLWDWLWLLDDDLLLDWDWDDWDDWWWW,6,4,4,14,13,5,45,12,9,9,34,24,LWDDWLLWLWWDDDDWLWDDWLWLLWDWLW,2,6,7,10,17,LLWWWLDLDWDDWW,WDLLLWDDLDDLLDL,08 APR 1990,,,
Deportivo,Sabadell,1-0,https://www.besoccer.com/match/deportivo/sabadell/1990682,1990,31,segunda_division,20,38,0,1,0,8,42,12,6,12,31,34,WLDWWLLLDDLLWWWWLWWDWLLLWDWLDL,8,3,3,19,11,6,44,11,11,8,35,32,WWLDWLWLDDLWDWDWWLDLDDDLDWDWLW,3,6,6,14,23,WDWLDLWWWWLWWD,WDLLDLDDWDLDLWL,08 APR 1990,,,
Palamós,Recreativo,1-3,https://www.besoccer.com/match/palamos-cf/recreativo/1990683,1990,31,segunda_division,20,38,2,1,3,4,46,11,13,6,26,22,WDDWWLLDDWWWDLDLWDLDLDDWDWWDWD,6,7,2,11,5,19,29,8,5,17,28,44,DLWDLLLWLDLLLWLDLLLWLWLWWWLLDL,2,2,11,13,29,DWWLDWDDWLDDDWW,DWLLLLLLLLLLWLD,08 APR 1990,,,
Levante,UE Figueres,2-0,https://www.besoccer.com/match/levante/figueres/1990684,1990,31,segunda_division,20,38,0,2,0,16,33,6,15,9,27,34,LDWDDLLLWDLDDLWDWDDDWDDLDLDLDW,5,7,3,15,13,12,39,9,12,9,30,37,WDLLDWLWDDWDDWLDLDLDWLWWWLDDDL,2,7,6,9,22,LWDLWLDWWDWDDDD,DLDLDWDLLLDLWDD,08 APR 1990,,,
Sestao Sport Club,RM Castilla,2-0,https://www.besoccer.com/match/sestao-sport-club/rm-castilla/1990685,1990,31,segunda_division,20,38,0,2,0,13,39,10,9,11,25,24,LDLDLDLWWWWWWLWLLWDDLDWLDDDLWL,5,7,3,17,11,20,29,7,8,15,22,34,LDDDLDWWLWLLLLLLWLWDLWDLLDLWLD,2,2,11,8,23,DDDLWWWWLDDDLDW,LDLWLLLLWLLDLLL,08 APR 1990,,,
Real Betis,Elche,2-0,https://www.besoccer.com/match/betis/elche/1990686,1990,31,segunda_division,20,38,0,2,0,3,49,12,13,5,30,20,LWWDWWWWLWWDWLDDWWDWLDDDDDLDDD,7,7,1,12,6,15,35,8,11,11,29,33,LLWDDWLWLLLDDDLDLWDDLDWWLDDWLW,3,3,8,11,20,WDWWLWWDWDWDDDD,LWDLLLDLWLWLDL,08 APR 1990,,,
Bilbao Ath.,UD Salamanca,0-0,https://www.besoccer.com/match/athletic-bilbao-b/salamanca/1990687,1990,31,segunda_division,20,38,1,0,0,1,54,14,12,4,46,27,WWDWDWWLWDWWDWWDWLDDLWDWDLDDWD,8,5,2,28,13,11,40,11,7,12,28,24,WLLWLDWLDLLLLWWWWLWDDWLWDWLDLD,3,3,8,7,15,WWWLDWDWWDDWWLD,WLLWDLLWLDLDLL,08 APR 1990,,,
Atlético B,Eibar,2-0,https://www.besoccer.com/match/at-madrid-b/eibar/1990688,1990,31,segunda_division,20,38,0,2,0,18,30,6,12,12,28,41,DDDLDDWLDDLLWLLDWWDLDLDLDLWLLW,5,7,3,22,19,17,31,7,10,13,26,35,LLLLLWLDLLLWWDWDDDDWLLWLDDLWDD,1,5,8,6,16,DDDWDLWLWWDDDWL,LLLLLLDDDLWDLD,08 APR 1990,,,
Xerez,Real Burgos CF,1-1,https://www.besoccer.com/match/xerez/real-burgos-cf/1990689,1990,31,segunda_division,20,38,1,1,1,14,36,8,12,10,19,26,WDDDLLWWWLWLDDDLLLLDDDLDDDWLWW,5,6,4,10,13,2,53,14,11,5,41,19,WWDWLWDWDWWWDWDDDWDDWWLWDLDWLL,2,10,3,10,13,DDLWWWDDLLDLDWW,WDLDDWDDDDDLDDL,08 APR 1990,,,
Las Palmas,Racing,1-0,https://www.besoccer.com/match/ud-palmas/racing/1990690,1990,31,segunda_division,20,38,0,1,0,7,42,11,9,10,33,33,WLWLDDWLDLWDLLWDWDDLWWWLWLDDWL,8,5,1,23,11,10,41,11,8,11,30,26,LWWDWWDLWDWDLDLWLLDDWLLWLWDLWL,5,4,6,15,17,WWDWDWLDDWWWDW,WDWLDWLLLDDLWWL,08 APR 1990,,,
Espanyol,Levante,6-0,https://www.besoccer.com/match/espanyol/levante/1990691,1990,32,segunda_division,20,38,0,6,0,4,48,13,9,9,36,25,LWDDWLLWLWWDDDDWLWDDWLWLLWDWLWW,10,3,2,24,7,15,36,7,15,9,29,34,LDWDDLLLWDLDDLWDWDDDWDDLDLDLDWW,1,8,6,12,21,LDWWWDDWWWWLWWW,DDLLDDLDDDDLLLW,15 APR 1990,,,
Elche,Bilbao Ath.,3-1,https://www.besoccer.com/match/elche/athletic-bilbao-b/1990692,1990,32,segunda_division,20,38,0,3,1,16,35,8,11,12,29,35,LLWDDWLWLLLDDDLDLWDDLDWWLDDWLWL,5,8,3,18,13,1,55,14,13,4,46,27,WWDWDWWLWDWWDWWDWLDDLWDWDLDDWDD,6,7,2,18,14,LDWWLDDDLDDDWDWW,WDDWWWWDLLDDDWD,15 APR 1990,,,
Sabadell,Real Murcia,2-2,https://www.besoccer.com/match/sabadell/real-murcia/1990693,1990,32,segunda_division,20,38,1,2,2,8,44,11,11,9,35,33,WWLDWLWLDDLWDWDWWLDLDDDLDWDWLWL,8,5,2,21,9,12,41,10,11,10,32,32,LDLLWDWLWLLDDDLLLDWDWDDWDDWWWWL,4,7,5,17,17,WLWWDWWWLDDDDWW,DLDLLDDLLWDDWDWW,15 APR 1990,,,
Racing,Deportivo,0-3,https://www.besoccer.com/match/racing/deportivo/1990694,1990,32,segunda_division,20,38,2,0,3,11,41,11,8,12,30,27,LWWDWWDLWDWDLDLWLLDDWLLWLWDLWLL,6,4,5,15,9,7,45,13,6,12,32,34,WLDWWLLLDDLLWWWWLWWDWLLLWDWLDLW,4,3,9,12,23,LWWDWDDWLWLLDWL,LWLLDLWWLWDLLDLL,15 APR 1990,,,
UE Figueres,Xerez,1-2,https://www.besoccer.com/match/figueres/xerez/1990695,1990,32,segunda_division,20,38,2,1,2,13,39,9,12,10,30,39,WDLLDWLWDDWDDWLDLDLDWLWWWLDDDLL,7,5,3,21,15,14,37,8,13,10,20,27,WDDDLLWWWLWLDDDLLLLDDDLDDDWLWWD,3,6,6,9,13,WLWWDDWDDWWWLDL,WDLWLLDLLDDDDLW,15 APR 1990,,,
Real Burgos CF,Palamós,6-0,https://www.besoccer.com/match/real-burgos-cf/palamos-cf/1990696,1990,32,segunda_division,20,38,0,6,0,2,54,14,12,5,42,20,WWDWLWDWDWWWDWDDDWDDWWLWDLDWLLD,12,1,2,31,6,5,46,11,13,7,27,25,WDDWWLLDDWWWDLDLWDLDLDDWDWWDWDL,5,6,4,15,17,WWWWWWWDWWWWLWL,WDLDWWLLDLDWWDD,15 APR 1990,,,
Recreativo,Sestao Sport Club,2-1,https://www.besoccer.com/match/recreativo/sestao-sport-club/1990697,1990,32,segunda_division,20,38,0,2,1,18,32,9,5,17,31,45,DLWDLLLWLDLLLWLDLLLWLWLWWWLLDLW,6,3,6,15,15,9,42,11,9,11,27,24,LDLDLDLWWWWWWLWLLWDDLDWLDDDLWLW,5,2,8,8,13,LDLWDLWDLWWWWLL,LLLWWWLLWLWDDLL,15 APR 1990,,,
Las Palmas,Atlético B,2-0,https://www.besoccer.com/match/ud-palmas/at-madrid-b/1990698,1990,32,segunda_division,20,38,0,2,0,6,45,12,9,10,34,33,WLWLDDWLDLWDLLWDWDDLWWWLWLDDWLW,9,5,1,24,11,17,33,7,12,12,30,41,DDDLDDWLDDLLWLLDWWDLDLDLDLWLLWW,1,5,9,6,22,WWDWDWLDDWWWDWW,DLDLDLLDDLLLLLW,15 APR 1990,,,
RM Castilla,Real Betis,3-1,https://www.besoccer.com/match/rm-castilla/betis/1990699,1990,32,segunda_division,20,38,0,3,1,20,29,7,8,16,22,36,LDDDLDWWLWLLLLLLWLWDLWDLLDLWLDL,5,6,4,14,11,3,52,13,13,5,32,20,LWWDWWWWLWWDWLDDWWDWLDDDDDLDDDW,5,6,4,18,14,DDDWWLLLWDWLDWD,LWWWWDLDWLDDLDD,15 APR 1990,,,
UD Salamanca,Eibar,1-0,https://www.besoccer.com/match/salamanca/eibar/1990700,1990,32,segunda_division,20,38,0,1,0,10,41,11,8,12,28,24,WLLWLDWLDLLLLWWWWLWDDWLWDWLDLDD,8,4,4,21,9,19,31,7,10,14,26,37,LLLLLWLDLLLWWDWDDDDWLLWLDDLWDDL,1,5,9,6,18,LWDLLLWWWWDWWWDD,LLLLLLDDDLWDLDL,15 APR 1990,,,
Xerez,Espanyol,0-0,https://www.besoccer.com/match/xerez/espanyol/1990701,1990,33,segunda_division,20,38,1,0,0,13,40,9,13,10,22,28,WDDDLLWWWLWLDDDLLLLDDDLDDDWLWWDW,5,7,4,11,14,4,51,14,9,9,42,25,LWDDWLLWLWWDDDDWLWDDWLWLLWDWLWWW,3,6,7,12,18,DDLWWWDDLLDLDWWD,WDLLLWDDLDDLLDLW,22 APR 1990,,,
Deportivo,Las Palmas,2-1,https://www.besoccer.com/match/deportivo/ud-palmas/1990702,1990,33,segunda_division,20,38,0,2,1,6,48,14,6,12,35,34,WLDWWLLLDDLLWWWWLWWDWLLLWDWLDLWW,9,3,3,20,11,5,48,13,9,10,36,33,WLWLDDWLDLWDLLWDWDDLWWWLWLDDWLWW,3,4,9,10,22,WDWLDLWWWWLWWDW,LLDLLDLWWDLWLLDL,22 APR 1990,,,
Palamós,UE Figueres,1-0,https://www.besoccer.com/match/palamos-cf/figueres/1990703,1990,33,segunda_division,20,38,0,1,0,7,46,11,13,8,27,31,WDDWWLLDDWWWDLDLWDLDLDDWDWWDWDLL,6,7,3,12,8,14,39,9,12,11,31,41,WDLLDWLWDDWDDWLDLDLDWLWWWLDDDLLL,2,7,7,9,24,DWWLDWDDWLDDDWWL,DLDLDWDLLLDLWDDL,22 APR 1990,,,
Levante,Sabadell,1-0,https://www.besoccer.com/match/levante/sabadell/1990704,1990,33,segunda_division,20,38,0,1,0,16,36,7,15,10,29,40,LDWDDLLLWDLDDLWDWDDDWDDLDLDLDWWL,6,7,3,17,13,8,45,11,12,9,37,35,WWLDWLWLDDLWDWDWWLDLDDDLDWDWLWLD,3,6,7,14,24,LWDLWLDWWDWDDDDW,WDLLDLDDWDLDLWLL,22 APR 1990,,,
Real Murcia,Racing,1-0,https://www.besoccer.com/match/real-murcia/racing/1990705,1990,33,segunda_division,20,38,0,1,0,10,42,10,12,10,34,34,LDLLWDWLWLLDDDLLLDWDWDDWDDWWWWLD,6,4,5,15,15,12,41,11,8,13,30,30,LWWDWWDLWDWDLDLWLLDDWLLWLWDLWLLL,5,4,7,15,18,LLWWWLDLDWDDWWL,WDWLDWLLLDDLWWLL,22 APR 1990,,,
Eibar,Elche,0-0,https://www.besoccer.com/match/eibar/elche/1990706,1990,33,segunda_division,20,38,1,0,0,20,31,7,10,15,26,38,LLLLLWLDLLLWWDWDDDDWLLWLDDLWDDLL,6,5,5,20,19,15,38,9,11,12,32,36,LLWDDWLWLLLDDDLDLWDDLDWWLDDWLWLW,3,3,9,11,22,LLWDLWWWDDWLLDWD,LWDLLLDLWLWLDLL,22 APR 1990,,,
Real Betis,Recreativo,3-1,https://www.besoccer.com/match/betis/recreativo/1990707,1990,33,segunda_division,20,38,0,3,1,3,52,13,13,6,33,23,LWWDWWWWLWWDWLDDWWDWLDDDDDLDDDWL,8,7,1,14,6,17,35,10,5,17,33,46,DLWDLLLWLDLLLWLDLLLWLWLWWWLLDLWW,3,2,11,16,30,WDWWLWWDWDWDDDDW,DWLLLLLLLLLLWLDW,22 APR 1990,,,
Sestao Sport Club,Real Burgos CF,0-1,https://www.besoccer.com/match/sestao-sport-club/real-burgos-cf/1990708,1990,33,segunda_division,20,38,2,0,1,11,42,11,9,12,28,26,LDLDLDLWWWWWWLWLLWDDLDWLDDDLWLWL,6,7,3,19,11,1,57,15,12,5,48,20,WWDWLWDWDWWWDWDDDWDDWWLWDLDWLLDW,2,11,3,11,14,DDDLWWWWLDDDLDWW,WDLDDWDDDDDLDDLD,22 APR 1990,,,
Atlético B,UD Salamanca,2-0,https://www.besoccer.com/match/at-madrid-b/salamanca/1990709,1990,33,segunda_division,20,38,0,2,0,18,33,7,12,13,30,43,DDDLDDWLDDLLWLLDWWDLDLDLDLWLLWWL,6,7,3,24,19,9,44,12,8,12,29,24,WLLWLDWLDLLLLWWWWLWDDWLWDWLDLDDW,3,4,8,7,15,DDDWDLWLWWDDDWLW,WLLWDLLWLDLDLLD,22 APR 1990,,,
Bilbao Ath.,RM Castilla,0-0,https://www.besoccer.com/match/athletic-bilbao-b/rm-castilla/1990710,1990,33,segunda_division,20,38,1,0,0,2,55,14,13,5,47,30,WWDWDWWLWDWWDWWDWLDDLWDWDLDDWDDL,8,6,2,28,13,19,32,8,8,16,25,37,LDDDLDWWLWLLLLLLWLWDLWDLLDLWLDLW,2,2,12,8,25,WWWLDWDWWDDWWLDD,LDLWLLLLWLLDLLLL,22 APR 1990,,,
UE Figueres,Sestao Sport Club,2-1,https://www.besoccer.com/match/figueres/sestao-sport-club/1990711,1990,34,segunda_division,20,38,0,2,1,14,39,9,12,12,31,42,WDLLDWLWDDWDDWLDLDLDWLWWWLDDDLLLL,7,5,4,22,17,11,42,11,9,13,28,27,LDLDLDLWWWWWWLWLLWDDLDWLDDDLWLWLL,5,2,9,9,15,WLWWDDWDDWWWLDLL,LLLWWWLLWLWDDLLL,29 APR 1990,,,
Real Burgos CF,Real Betis,1-0,https://www.besoccer.com/match/real-burgos-cf/betis/1990712,1990,34,segunda_division,20,38,0,1,0,1,60,16,12,5,49,20,WWDWLWDWDWWWDWDDDWDDWWLWDLDWLLDWW,13,1,2,37,6,3,55,14,13,6,36,24,LWWDWWWWLWWDWLDDWWDWLDDDDDLDDDWLW,5,6,5,19,17,WWWWWWWDWWWWLWLW,LWWWWDLDWLDDLDDL,29 APR 1990,,,
Racing,Levante,1-1,https://www.besoccer.com/match/racing/levante/1990713,1990,34,segunda_division,20,38,1,1,1,12,41,11,8,14,30,31,LWWDWWDLWDWDLDLWLLDDWLLWLWDLWLLLL,6,4,6,15,12,16,39,8,15,10,30,40,LDWDDLLLWDLDDLWDWDDDWDDLDLDLDWWLW,1,8,7,12,27,LWWDWDDWLWLLDWLL,DDLLDDLDDDDLLLWL,29 APR 1990,,,
Elche,UD Salamanca,2-1,https://www.besoccer.com/match/elche/salamanca/1990714,1990,34,segunda_division,20,38,0,2,1,15,39,9,12,12,32,36,LLWDDWLWLLLDDDLDLWDDLDWWLDDWLWLWD,6,8,3,21,14,10,44,12,8,13,29,26,WLLWLDWLDLLLLWWWWLWDDWLWDWLDLDDWL,3,4,9,7,17,LDWWLDDDLDDDWDWWW,WLLWDLLWLDLDLLDL,29 APR 1990,,,
Deportivo,Atlético B,2-0,https://www.besoccer.com/match/deportivo/at-madrid-b/1990715,1990,34,segunda_division,20,38,0,2,0,5,51,15,6,12,37,35,WLDWWLLLDDLLWWWWLWWDWLLLWDWLDLWWW,10,3,3,22,12,17,36,8,12,13,32,43,DDDLDDWLDDLLWLLDWWDLDLDLDLWLLWWLW,1,5,10,6,24,WDWLDLWWWWLWWDWW,DLDLDLLDDLLLLLWL,29 APR 1990,,,
Recreativo,Bilbao Ath.,1-0,https://www.besoccer.com/match/recreativo/athletic-bilbao-b/1990716,1990,34,segunda_division,20,38,0,1,0,18,35,10,5,18,34,49,DLWDLLLWLDLLLWLDLLLWLWLWWWLLDLWWL,7,3,6,17,16,2,56,14,14,5,47,30,WWDWDWWLWDWWDWWDWLDDLWDWDLDDWDDLD,6,7,3,19,17,LDLWDLWDLWWWWLLW,WDDWWWWDLLDDDWDL,29 APR 1990,,,
Espanyol,Palamós,2-0,https://www.besoccer.com/match/espanyol/palamos-cf/1990717,1990,34,segunda_division,20,38,0,2,0,4,52,14,10,9,42,25,LWDDWLLWLWWDDDDWLWDDWLWLLWDWLWWWD,11,3,2,30,7,6,49,12,13,8,28,31,WDDWWLLDDWWWDLDLWDLDLDDWDWWDWDLLW,5,6,5,15,23,LDWWWDDWWWWLWWWW,WDLDWWLLDLDWWDDL,29 APR 1990,,,
Sabadell,Xerez,0-0,https://www.besoccer.com/match/sabadell/xerez/1990718,1990,34,segunda_division,20,38,1,0,0,8,45,11,12,10,37,36,WWLDWLWLDDLWDWDWWLDLDDDLDWDWLWLDL,8,6,2,23,11,13,41,9,14,10,22,28,WDDDLLWWWLWLDDDLLLLDDDLDDDWLWWDWD,4,6,6,11,14,WLWWDWWWLDDDDWWD,WDLWLLDLLDDDDLWW,29 APR 1990,,,
RM Castilla,Eibar,1-2,https://www.besoccer.com/match/rm-castilla/eibar/1990719,1990,34,segunda_division,20,38,2,1,2,19,33,8,9,16,25,37,LDDDLDWWLWLLLLLLWLWDLWDLLDLWLDLWD,6,6,4,17,12,20,32,7,11,15,26,38,LLLLLWLDLLLWWDWDDDDWLLWLDDLWDDLLD,1,5,10,6,19,DDDWWLLLWDWLDWDW,LLLLLLDDDLWDLDLL,29 APR 1990,,,
Las Palmas,Real Murcia,1-0,https://www.besoccer.com/match/ud-palmas/real-murcia/1990720,1990,34,segunda_division,20,38,0,1,0,7,48,13,9,11,37,35,WLWLDDWLDLWDLLWDWDDLWWWLWLDDWLWWL,10,5,1,26,11,9,45,11,12,10,35,34,LDLLWDWLWLLDDDLLLDWDWDDWDDWWWWLDW,4,8,5,19,19,WWDWDWLDDWWWDWWW,DLDLLDDLLWDDWDWWD,29 APR 1990,,,
Sestao Sport Club,Espanyol,2-2,https://www.besoccer.com/match/sestao-sport-club/espanyol/1990721,1990,35,segunda_division,20,38,1,2,2,13,42,11,9,14,29,29,LDLDLDLWWWWWWLWLLWDDLDWLDDDLWLWLLL,6,7,4,19,12,4,55,15,10,9,44,25,LWDDWLLWLWWDDDDWLWDDWLWLLWDWLWWWDW,3,7,7,12,18,DDDLWWWWLDDDLDWWL,WDLLLWDDLDDLLDLWD,06 MAY 1990,,,
Palamós,Sabadell,1-0,https://www.besoccer.com/match/palamos-cf/sabadell/1990722,1990,35,segunda_division,20,38,0,1,0,7,49,12,13,9,28,33,WDDWWLLDDWWWDLDLWDLDLDDWDWWDWDLLWL,7,7,3,13,8,8,46,11,13,10,37,36,WWLDWLWLDDLWDWDWWLDLDDDLDWDWLWLDLD,3,6,8,14,25,DWWLDWDDWLDDDWWLW,WDLLDLDDWDLDLWLLL,06 MAY 1990,,,
Real Betis,UE Figueres,2-0,https://www.besoccer.com/match/betis/figueres/1990723,1990,35,segunda_division,20,38,0,2,0,3,55,14,13,7,36,25,LWWDWWWWLWWDWLDDWWDWLDDDDDLDDDWLWL,9,7,1,17,7,11,42,10,12,12,33,43,WDLLDWLWDDWDDWLDLDLDWLWWWLDDDLLLLW,2,7,8,9,25,WDWWLWWDWDWDDDDWW,DLDLDWDLLLDLWDDLL,06 MAY 1990,,,
Bilbao Ath.,Real Burgos CF,1-1,https://www.besoccer.com/match/athletic-bilbao-b/real-burgos-cf/1990724,1990,35,segunda_division,20,38,1,1,1,2,56,14,14,6,47,31,WWDWDWWLWDWWDWWDWLDDLWDWDLDDWDDLDL,8,7,2,28,13,1,63,17,12,5,50,20,WWDWLWDWDWWWDWDDDWDDWWLWDLDWLLDWWW,3,11,3,12,14,WWWLDWDWWDDWWLDDD,WDLDDWDDDDDLDDLDW,06 MAY 1990,,,
Real Murcia,Deportivo,0-2,https://www.besoccer.com/match/real-murcia/deportivo/1990725,1990,35,segunda_division,20,38,2,0,2,9,45,11,12,11,35,35,LDLLWDWLWLLDDDLLLDWDWDDWDDWWWWLDWL,7,4,5,16,15,5,54,16,6,12,39,35,WLDWWLLLDDLLWWWWLWWDWLLLWDWLDLWWWW,5,3,9,15,23,LLWWWLDLDWDDWWLW,LWLLDLWWLWDLLDLLW,06 MAY 1990,,,
Atlético B,Elche,0-1,https://www.besoccer.com/match/at-madrid-b/elche/1990726,1990,35,segunda_division,20,38,2,0,1,18,36,8,12,14,32,45,DDDLDDWLDDLLWLLDWWDLDLDLDLWLLWWLWL,7,7,3,26,19,12,42,10,12,12,34,37,LLWDDWLWLLLDDDLDLWDDLDWWLDDWLWLWDW,3,4,9,11,22,DDDWDLWLWWDDDWLWW,LWDLLLDLWLWLDLLD,06 MAY 1990,,,
Eibar,Recreativo,2-0,https://www.besoccer.com/match/eibar/recreativo/1990727,1990,35,segunda_division,20,38,0,2,0,19,35,8,11,15,28,39,LLLLLWLDLLLWWDWDDDDWLLWLDDLWDDLLDW,6,6,5,20,19,17,38,11,5,18,35,49,DLWDLLLWLDLLLWLDLLLWLWLWWWLLDLWWLW,3,2,12,17,33,LLWDLWWWDDWLLDWDD,DWLLLLLLLLLLWLDWL,06 MAY 1990,,,
UD Salamanca,RM Castilla,1-3,https://www.besoccer.com/match/salamanca/rm-castilla/1990728,1990,35,segunda_division,20,38,2,1,3,10,44,12,8,14,30,28,WLLWLDWLDLLLLWWWWLWDDWLWDWLDLDDWLL,9,4,4,22,9,20,33,8,9,17,26,39,LDDDLDWWLWLLLLLLWLWDLWDLLDLWLDLWDL,2,3,12,8,25,LWDLLLWWWWDWWWDDW,LDLWLLLLWLLDLLLLD,06 MAY 1990,,,
Levante,Las Palmas,0-0,https://www.besoccer.com/match/levante/ud-palmas/1990729,1990,35,segunda_division,20,38,1,0,0,16,40,8,16,10,31,41,LDWDDLLLWDLDDLWDWDDDWDDLDLDLDWWLWD,7,7,3,18,13,6,51,14,9,11,38,35,WLWLDDWLDLWDLLWDWDDLWWWLWLDDWLWWLW,3,4,10,11,24,LWDLWLDWWDWDDDDWW,LLDLLDLWWDLWLLDLL,06 MAY 1990,,,
Xerez,Racing,0-0,https://www.besoccer.com/match/xerez/racing/1990730,1990,35,segunda_division,20,38,1,0,0,14,42,9,15,10,22,28,WDDDLLWWWLWLDDDLLLLDDDLDDDWLWWDWDD,5,8,4,11,14,15,42,11,9,14,31,32,LWWDWWDLWDWDLDLWLLDDWLLWLWDLWLLLLD,5,4,8,15,19,DDLWWWDDLLDLDWWDD,WDWLDWLLLDDLWWLLL,06 MAY 1990,,,
Recreativo,UD Salamanca,1-2,https://www.besoccer.com/match/recreativo/salamanca/1990731,1990,36,segunda_division,20,38,2,1,2,17,38,11,5,19,35,51,DLWDLLLWLDLLLWLDLLLWLWLWWWLLDLWWLWL,8,3,6,18,16,11,44,12,8,15,31,31,WLLWLDWLDLLLLWWWWLWDDWLWDWLDLDDWLLL,3,4,10,8,19,LDLWDLWDLWWWWLLWW,WLLWDLLWLDLDLLDLL,13 MAY 1990,,,
Racing,Palamós,0-0,https://www.besoccer.com/match/racing/palamos-cf/1990732,1990,36,segunda_division,20,38,1,0,0,12,43,11,10,14,31,32,LWWDWWDLWDWDLDLWLLDDWLLWLWDLWLLLLDD,6,5,6,16,13,7,52,13,13,9,29,33,WDDWWLLDDWWWDLDLWDLDLDDWDWWDWDLLWLW,5,6,6,15,25,LWWDWDDWLWLLDWLLD,WDLDWWLLDLDWWDDLL,13 MAY 1990,,,
Real Burgos CF,Eibar,0-0,https://www.besoccer.com/match/real-burgos-cf/eibar/1990733,1990,36,segunda_division,20,38,1,0,0,1,64,17,13,5,51,21,WWDWLWDWDWWWDWDDDWDDWWLWDLDWLLDWWWD,14,1,2,38,6,18,38,9,11,15,30,39,LLLLLWLDLLLWWDWDDDDWLLWLDDLWDDLLDWW,2,5,10,8,20,WWWWWWWDWWWWLWLWW,LLLLLLDDDLWDLDLLW,13 MAY 1990,,,
Sabadell,Sestao Sport Club,1-0,https://www.besoccer.com/match/sabadell/sestao-sport-club/1990734,1990,36,segunda_division,20,38,0,1,0,8,46,11,13,11,37,37,WWLDWLWLDDLWDWDWWLDLDDDLDWDWLWLDLDL,8,7,2,23,11,13,43,11,10,14,31,31,LDLDLDLWWWWWWLWLLWDDLDWLDDDLWLWLLLD,5,2,10,10,17,WLWWDWWWLDDDDWWDD,LLLWWWLLWLWDDLLLL,13 MAY 1990,,,
Deportivo,Levante,1-0,https://www.besoccer.com/match/deportivo/levante/1990735,1990,36,segunda_division,20,38,0,1,0,3,57,17,6,12,41,35,WLDWWLLLDDLLWWWWLWWDWLLLWDWLDLWWWWW,11,3,3,24,12,16,41,8,17,10,31,41,LDWDDLLLWDLDDLWDWDDDWDDLDLDLDWWLWDD,1,9,7,13,28,WDWLDLWWWWLWWDWWW,DDLLDDLDDDDLLLWLD,13 MAY 1990,,,
Real Murcia,Atlético B,1-0,https://www.besoccer.com/match/real-murcia/at-madrid-b/1990736,1990,36,segunda_division,20,38,0,1,0,9,45,11,12,12,35,37,LDLLWDWLWLLDDDLLLDWDWDDWDDWWWWLDWLL,7,4,6,16,17,19,36,8,12,15,32,46,DDDLDDWLDDLLWLLDWWDLDLDLDLWLLWWLWLL,1,5,11,6,26,LLWWWLDLDWDDWWLWL,DLDLDLLDDLLLLLWLL,13 MAY 1990,,,
RM Castilla,Elche,2-1,https://www.besoccer.com/match/rm-castilla/elche/1990737,1990,36,segunda_division,20,38,0,2,1,20,36,9,9,17,29,40,LDDDLDWWLWLLLLLLWLWDLWDLLDLWLDLWDLW,6,6,5,18,14,10,45,11,12,12,35,37,LLWDDWLWLLLDDDLDLWDDLDWWLDDWLWLWDWW,4,4,9,12,22,DDDWWLLLWDWLDWDWL,LWDLLLDLWLWLDLLDW,13 MAY 1990,,,
UE Figueres,Bilbao Ath.,2-0,https://www.besoccer.com/match/figueres/athletic-bilbao-b/1990738,1990,36,segunda_division,20,38,0,2,0,15,42,10,12,13,33,45,WDLLDWLWDDWDDWLDLDLDWLWWWLDDDLLLLWL,8,5,4,24,18,4,57,14,15,6,48,32,WWDWDWWLWDWWDWWDWLDDLWDWDLDDWDDLDLD,6,7,4,19,18,WLWWDDWDDWWWLDLLW,WDDWWWWDLLDDDWDLL,13 MAY 1990,,,
Las Palmas,Xerez,0-1,https://www.besoccer.com/match/ud-palmas/xerez/1990739,1990,36,segunda_division,20,38,2,0,1,6,52,14,10,11,38,35,WLWLDDWLDLWDLLWDWDDLWWWLWLDDWLWWLWD,11,5,1,27,11,14,43,9,16,10,22,28,WDDDLLWWWLWLDDDLLLLDDDLDDDWLWWDWDDD,4,7,6,11,14,WWDWDWLDDWWWDWWWW,WDLWLLDLLDDDDLWWD,13 MAY 1990,,,
Espanyol,Real Betis,2-2,https://www.besoccer.com/match/espanyol/betis/1990740,1990,36,segunda_division,20,38,1,2,2,5,56,15,11,9,46,27,LWDDWLLWLWWDDDDWLWDDWLWLLWDWLWWWDWD,12,3,2,32,7,2,58,15,13,7,38,25,LWWDWWWWLWWDWLDDWWDWLDDDDDLDDDWLWLW,5,6,6,19,18,LDWWWDDWWWWLWWWWW,LWWWWDLDWLDDLDDLL,13 MAY 1990,,,
Bilbao Ath.,Espanyol,1-0,https://www.besoccer.com/match/athletic-bilbao-b/espanyol/1990741,1990,37,segunda_division,20,38,0,1,0,4,57,14,15,7,48,34,WWDWDWWLWDWWDWWDWLDDLWDWDLDDWDDLDLDL,8,8,2,29,14,5,57,15,12,9,48,29,LWDDWLLWLWWDDDDWLWDDWLWLLWDWLWWWDWDD,3,8,7,14,20,WWWLDWDWWDDWWLDDDD,WDLLLWDDLDDLLDLWDD,20 MAY 1990,,,
Real Betis,Sabadell,1-1,https://www.besoccer.com/match/betis/sabadell/1990742,1990,37,segunda_division,20,38,1,1,1,3,59,15,14,7,40,27,LWWDWWWWLWWDWLDDWWDWLDDDDDLDDDWLWLWD,10,7,1,19,7,8,49,12,13,11,38,37,WWLDWLWLDDLWDWDWWLDLDDDLDWDWLWLDLDLW,3,6,9,14,26,WDWWLWWDWDWDDDDWWW,WDLLDLDDWDLDLWLLLL,20 MAY 1990,,,
Eibar,UE Figueres,2-1,https://www.besoccer.com/match/eibar/figueres/1990743,1990,37,segunda_division,20,38,0,2,1,17,39,9,12,15,30,39,LLLLLWLDLLLWWDWDDDDWLLWLDDLWDDLLDWWD,7,6,5,22,19,13,45,11,12,13,35,45,WDLLDWLWDDWDDWLDLDLDWLWWWLDDDLLLLWLW,2,7,9,9,27,LLWDLWWWDDWLLDWDDW,DLDLDWDLLLDLWDDLLL,20 MAY 1990,,,
Palamós,Las Palmas,0-4,https://www.besoccer.com/match/palamos-cf/ud-palmas/1990744,1990,37,segunda_division,20,38,2,0,4,6,53,13,14,9,29,33,WDDWWLLDDWWWDLDLWDLDLDDWDWWDWDLLWLWD,8,7,3,14,8,7,52,14,10,12,38,36,WLWLDDWLDLWDLLWDWDDLWWWLWLDDWLWWLWDL,3,5,10,11,24,DWWLDWDDWLDDDWWLWW,LLDLLDLWWDLWLLDLLD,20 MAY 1990,,,
Xerez,Deportivo,3-1,https://www.besoccer.com/match/xerez/deportivo/1990745,1990,37,segunda_division,20,38,0,3,1,11,46,10,16,10,23,28,WDDDLLWWWLWLDDDLLLLDDDLDDDWLWWDWDDDW,5,9,4,11,14,2,60,18,6,12,42,35,WLDWWLLLDDLLWWWWLWWDWLLLWDWLDLWWWWWW,6,3,9,17,23,DDLWWWDDLLDLDWWDDD,LWLLDLWWLWDLLDLLWW,20 MAY 1990,,,
UD Salamanca,Real Burgos CF,2-0,https://www.besoccer.com/match/salamanca/real-burgos-cf/1990746,1990,37,segunda_division,20,38,0,2,0,10,47,13,8,15,33,32,WLLWLDWLDLLLLWWWWLWDDWLWDWLDLDDWLLLW,9,4,5,23,12,1,65,17,14,5,51,21,WWDWLWDWDWWWDWDDDWDDWWLWDLDWLLDWWWDD,3,12,3,13,15,LWDLLLWWWWDWWWDDWL,WDLDDWDDDDDLDDLDWD,20 MAY 1990,,,
Levante,Real Murcia,2-0,https://www.besoccer.com/match/levante/real-murcia/1990747,1990,37,segunda_division,20,38,0,2,0,16,41,8,17,11,31,42,LDWDDLLLWDLDDLWDWDDDWDDLDLDLDWWLWDDL,7,8,3,18,13,9,48,12,12,12,36,37,LDLLWDWLWLLDDDLLLDWDWDDWDDWWWWLDWLLW,4,8,6,19,20,LWDLWLDWWDWDDDDWWD,DLDLLDDLLWDDWDWWDL,20 MAY 1990,,,
Elche,Recreativo,2-0,https://www.besoccer.com/match/elche/recreativo/1990748,1990,37,segunda_division,20,38,0,2,0,12,45,11,12,13,36,39,LLWDDWLWLLLDDDLDLWDDLDWWLDDWLWLWDWWL,7,8,3,23,15,19,38,11,5,20,36,53,DLWDLLLWLDLLLWLDLLLWLWLWWWLLDLWWLWLL,3,2,13,17,35,LDWWLDDDLDDDWDWWWW,DWLLLLLLLLLLWLDWLL,20 MAY 1990,,,
RM Castilla,Atlético B,4-0,https://www.besoccer.com/match/rm-castilla/at-madrid-b/1990749,1990,37,segunda_division,20,38,0,4,0,18,39,10,9,17,31,41,LDDDLDWWLWLLLLLLWLWDLWDLLDLWLDLWDLWW,7,6,5,20,15,20,36,8,12,16,32,47,DDDLDDWLDDLLWLLDWWDLDLDLDLWLLWWLWLLL,1,5,12,6,27,DDDWWLLLWDWLDWDWLW,DLDLDLLDDLLLLLWLLL,20 MAY 1990,,,
Sestao Sport Club,Racing,1-0,https://www.besoccer.com/match/sestao-sport-club/racing/1990750,1990,37,segunda_division,20,38,0,1,0,15,43,11,10,15,31,32,LDLDLDLWWWWWWLWLLWDDLDWLDDDLWLWLLLDL,6,8,4,21,14,14,44,11,11,14,31,32,LWWDWWDLWDWDLDLWLLDDWLLWLWDLWLLLLDDD,5,5,8,15,19,DDDLWWWWLDDDLDWWLD,WDWLDWLLLDDLWWLLLD,20 MAY 1990,,,
Espanyol,Eibar,2-3,https://www.besoccer.com/match/espanyol/eibar/1990751,1990,38,segunda_division,20,38,2,2,3,5,57,15,12,10,48,30,LWDDWLLWLWWDDDDWLWDDWLWLLWDWLWWWDWDDL,12,4,2,34,9,17,42,10,12,15,32,40,LLLLLWLDLLLWWDWDDDDWLLWLDDLWDDLLDWWDW,2,6,10,8,20,LDWWWDDWWWWLWWWWWD,LLLLLLDDDLWDLDLLWD,27 MAY 1990,,,
UE Figueres,UD Salamanca,1-0,https://www.besoccer.com/match/figueres/salamanca/1990752,1990,38,segunda_division,20,38,0,1,0,14,45,11,12,14,36,47,WDLLDWLWDDWDDWLDLDLDWLWWWLDDDLLLLWLWL,9,5,4,26,18,8,50,14,8,15,35,32,WLLWLDWLDLLLLWWWWLWDDWLWDWLDLDDWLLLWW,4,4,10,10,20,WLWWDDWDDWWWLDLLWW,WLLWDLLWLDLDLLDLLW,27 MAY 1990,,,
Deportivo,Palamós,2-0,https://www.besoccer.com/match/deportivo/palamos-cf/1990753,1990,38,segunda_division,20,38,0,2,0,4,60,18,6,13,43,38,WLDWWLLLDDLLWWWWLWWDWLLLWDWLDLWWWWWWL,12,3,3,25,12,7,53,13,14,10,29,37,WDDWWLLDDWWWDLDLWDLDLDDWDWWDWDLLWLWDL,5,7,6,15,25,WDWLDLWWWWLWWDWWWW,WDLDWWLLDLDWWDDLLD,27 MAY 1990,,,
Real Burgos CF,Elche,2-1,https://www.besoccer.com/match/real-burgos-cf/elche/1990754,1990,38,segunda_division,20,38,0,2,1,1,65,17,14,6,51,23,WWDWLWDWDWWWDWDDDWDDWWLWDLDWLLDWWWDDL,14,2,2,38,6,12,48,12,12,13,38,39,LLWDDWLWLLLDDDLDLWDDLDWWLDDWLWLWDWWLW,4,4,10,13,24,WWWWWWWDWWWWLWLWWD,LWDLLLDLWLWLDLLDWL,27 MAY 1990,,,
Las Palmas,Sestao Sport Club,0-1,https://www.besoccer.com/match/ud-palmas/sestao-sport-club/1990755,1990,38,segunda_division,20,38,2,0,1,6,55,15,10,12,42,36,WLWLDDWLDLWDLLWDWDDLWWWLWLDDWLWWLWDLW,11,5,2,27,12,13,46,12,10,15,32,32,LDLDLDLWWWWWWLWLLWDDLDWLDDDLWLWLLLDLW,5,2,11,10,18,WWDWDWLDDWWWDWWWWL,LLLWWWLLWLWDDLLLLL,27 MAY 1990,,,
Racing,Real Betis,1-3,https://www.besoccer.com/match/racing/betis/1990756,1990,38,segunda_division,20,38,2,1,3,15,44,11,11,15,31,33,LWWDWWDLWDWDLDLWLLDDWLLWLWDLWLLLLDDDL,6,6,6,16,13,2,60,15,15,7,41,28,LWWDWWWWLWWDWLDDWWDWLDDDDDLDDDWLWLWDD,5,7,6,21,20,LWWDWDDWLWLLDWLLDD,LWWWWDLDWLDDLDDLLD,27 MAY 1990,,,
Atlético B,Levante,1-1,https://www.besoccer.com/match/at-madrid-b/levante/1990757,1990,38,segunda_division,20,38,1,1,1,20,36,8,12,17,32,51,DDDLDDWLDDLLWLLDWWDLDLDLDLWLLWWLWLLLL,7,7,4,26,20,16,44,9,17,11,33,42,LDWDDLLLWDLDDLWDWDDDWDDLDLDLDWWLWDDLW,1,9,8,13,29,DDDWDLWLWWDDDWLWWL,DDLLDDLDDDDLLLWLDL,27 MAY 1990,18:00,,
Sabadell,Bilbao Ath.,2-1,https://www.besoccer.com/match/sabadell/athletic-bilbao-b/1990758,1990,38,segunda_division,20,38,0,2,1,9,50,12,14,11,39,38,WWLDWLWLDDLWDWDWWLDLDDDLDWDWLWLDLDLWD,9,7,2,24,11,3,60,15,15,7,49,34,WWDWDWWLWDWWDWWDWLDDLWDWDLDDWDDLDLDLW,6,7,5,19,20,WLWWDWWWLDDDDWWDDW,WDDWWWWDLLDDDWDLLL,27 MAY 1990,,,
Recreativo,RM Castilla,3-1,https://www.besoccer.com/match/recreativo/rm-castilla/1990759,1990,38,segunda_division,20,38,0,3,1,19,38,11,5,21,36,55,DLWDLLLWLDLLLWLDLLLWLWLWWWLLDLWWLWLLL,8,3,7,19,18,18,42,11,9,17,35,41,LDDDLDWWLWLLLLLLWLWDLWDLLDLWLDLWDLWWW,3,3,12,11,26,LDLWDLWDLWWWWLLWWL,LDLWLLLLWLLDLLLLDW,27 MAY 1990,,,
Real Murcia,Xerez,2-0,https://www.besoccer.com/match/real-murcia/xerez/1990760,1990,38,segunda_division,20,38,0,2,0,11,48,12,12,13,36,39,LDLLWDWLWLLDDDLLLDWDWDDWDDWWWWLDWLLWL,8,4,6,17,17,10,49,11,16,10,26,29,WDDDLLWWWLWLDDDLLLLDDDLDDDWLWWDWDDDWW,5,7,6,12,14,LLWWWLDLDWDDWWLWLW,WDLWLLDLLDDDDLWWDW,27 MAY 1990,,,
