Home_Team,Away_Team,Result,Link,Season,Round,League,Number_Teams,Total_Rounds,Label,Goals_For_Home,Goals_For_Away,Position_Home,Total_Wins_Home,Total_Draw_Home,Total_Lose_Home,Total_Goals_For_Home_Team,Total_Goals_Against_Home_Team,Total_Streak_Home,Wins_When_Home,Draw_When_Home,Lose_When_Home,Goals_For_When_Home,Goals_Against_When_Home,Position_Away,Total_Wins_Away,Total_Draw_Away,Total_Lose_Away,Total_Goals_For_Away_Team,Total_Goals_Against_Away_Team,Total_Streak_Away,Wins_When_Away,Draw_When_Away,Lose_When_Away,Goals_For_When_Away,Goals_Against_When_Away,Streak_When_Home,Streak_When_Away
B. Dortmund,Kaiserslautern,1-1,/match/borussia-dortmund/kaiserslautern/1996,1996,1,bundesliga,18,34,1,1,1,0,0,0,0,0,0,,0,0,0,0,0,0,0,0,0,0,0,,0,0,0,0,0,,
Stuttgart,KFC Uerdingen 05,0-0,/match/stuttgart/kfc-uerdingen-05/1996,1996,1,bundesliga,18,34,1,0,0,0,0,0,0,0,0,,0,0,0,0,0,0,0,0,0,0,0,,0,0,0,0,0,,
Werder Bremen,Fortuna,1-1,/match/werder-bremen/fortuna-dusseldorf/1996,1996,1,bundesliga,18,34,1,1,1,0,0,0,0,0,0,,0,0,0,0,0,0,0,0,0,0,0,,0,0,0,0,0,,
Hansa Rostock,B. Leverkusen,1-2,/match/hansa-rostock/bayer-leverkusen/1996,1996,1,bundesliga,18,34,2,1,2,0,0,0,0,0,0,,0,0,0,0,0,0,0,0,0,0,0,,0,0,0,0,0,,
FC St. Pauli,1860 München,4-2,/match/st-pauli/1860-munchen/1996,1996,1,bundesliga,18,34,0,4,2,0,0,0,0,0,0,,0,0,0,0,0,0,0,0,0,0,0,,0,0,0,0,0,,
Eintracht,Karlsruher SC,2-2,/match/eintracht-frankfurt/karlsruher-sc/1996,1996,1,bundesliga,18,34,1,2,2,0,0,0,0,0,0,,0,0,0,0,0,0,0,0,0,0,0,,0,0,0,0,0,,
Bayern München,Hamburger SV,3-2,/match/bayern-munchen/hamburger-sv/1996,1996,1,bundesliga,18,34,0,3,2,0,0,0,0,0,0,,0,0,0,0,0,0,0,0,0,0,0,,0,0,0,0,0,,
Köln,Schalke 04,0-1,/match/1-fc-koln/schalke-04/1996,1996,1,bundesliga,18,34,2,0,1,0,0,0,0,0,0,,0,0,0,0,0,0,0,0,0,0,0,,0,0,0,0,0,,
Mönchengladbach,SC Freiburg,1-0,/match/borussia-monchengla/sc-freiburg/1996,1996,1,bundesliga,18,34,0,1,0,0,0,0,0,0,0,,0,0,0,0,0,0,0,0,0,0,0,,0,0,0,0,0,,
SC Freiburg,FC St. Pauli,0-2,/match/sc-freiburg/st-pauli/1996,1996,2,bundesliga,18,34,2,0,2,14,0,0,1,0,1,W,0,0,0,0,0,1,1,0,0,4,2,W,0,0,0,0,0,,
Schalke 04,Hansa Rostock,1-3,/match/schalke-04/hansa-rostock/1996,1996,2,bundesliga,18,34,2,1,3,4,1,0,0,1,0,L,0,0,0,0,0,15,0,0,1,1,2,L,0,0,0,0,0,,
Hamburger SV,Werder Bremen,3-3,/match/hamburger-sv/werder-bremen/1996,1996,2,bundesliga,18,34,1,3,3,17,0,0,1,2,3,W,0,0,0,0,0,9,0,1,0,1,1,D,0,0,0,0,0,,
Kaiserslautern,Mönchengladbach,1-3,/match/kaiserslautern/borussia-monchengla/1996,1996,2,bundesliga,18,34,2,1,3,13,0,1,0,1,1,D,0,0,0,0,0,3,1,0,0,1,0,W,0,0,0,0,0,,
Karlsruher SC,Bayern München,2-6,/match/karlsruher-sc/bayern-munchen/1996,1996,2,bundesliga,18,34,2,2,6,12,0,1,0,2,2,D,0,0,0,0,0,2,1,0,0,3,2,W,0,0,0,0,0,,
KFC Uerdingen 05,Eintracht,1-1,/match/kfc-uerdingen-05/eintracht-frankfurt/1996,1996,2,bundesliga,18,34,1,1,1,11,0,1,0,0,0,D,0,0,0,0,0,6,0,1,0,2,2,D,0,0,0,0,0,,
1860 München,Stuttgart,1-1,/match/1860-munchen/stuttgart/1996,1996,2,bundesliga,18,34,1,1,1,18,0,0,1,2,4,W,0,0,0,0,0,7,0,1,0,0,0,D,0,0,0,0,0,,
B. Leverkusen,B. Dortmund,1-1,/match/bayer-leverkusen/borussia-dortmund/1996,1996,2,bundesliga,18,34,1,1,1,8,1,0,0,2,1,L,0,0,0,0,0,5,0,1,0,1,1,D,0,0,0,0,0,,
Fortuna,Köln,1-1,/match/fortuna-dusseldorf/1-fc-koln/1996,1996,2,bundesliga,18,34,1,1,1,10,0,1,0,1,1,D,0,0,0,0,0,16,0,0,1,0,1,L,0,0,0,0,0,,
Hansa Rostock,B. Dortmund,3-2,/match/hansa-rostock/borussia-dortmund/1996,1996,3,bundesliga,18,34,0,3,2,12,1,0,1,4,3,LL,0,0,1,1,2,10,0,2,0,2,2,DD,0,1,0,1,1,L,D
Mönchengladbach,B. Leverkusen,0-0,/match/borussia-monchengla/bayer-leverkusen/1996,1996,3,bundesliga,18,34,1,0,0,2,2,0,0,4,1,WL,1,0,0,1,0,4,1,1,0,3,2,LD,1,0,0,2,1,W,L
FC St. Pauli,Kaiserslautern,1-2,/match/st-pauli/kaiserslautern/1996,1996,3,bundesliga,18,34,2,1,2,1,2,0,0,6,2,WL,1,0,0,4,2,16,0,1,1,2,4,DL,0,1,0,1,1,W,D
Werder Bremen,Karlsruher SC,1-0,/match/werder-bremen/karlsruher-sc/1996,1996,3,bundesliga,18,34,0,1,0,6,0,2,0,4,4,DD,0,1,0,1,1,15,0,1,1,4,8,DL,0,1,0,2,2,D,D
Köln,Hamburger SV,3-2,/match/1-fc-koln/hamburger-sv/1996,1996,3,bundesliga,18,34,0,3,2,17,0,1,1,1,2,LD,0,0,1,0,1,13,0,1,1,5,6,WD,0,0,1,2,3,L,W
Schalke 04,Fortuna,1-1,/match/schalke-04/fortuna-dusseldorf/1996,1996,3,bundesliga,18,34,1,1,1,11,1,0,1,2,3,LL,0,0,1,1,3,7,0,2,0,2,2,DD,0,1,0,1,1,L,D
Stuttgart,SC Freiburg,3-1,/match/stuttgart/sc-freiburg/1996,1996,3,bundesliga,18,34,0,3,1,8,0,2,0,1,1,DD,0,1,0,0,0,18,0,0,2,0,3,WL,0,0,1,0,1,D,W
Eintracht,1860 München,4-2,/match/eintracht-frankfurt/1860-munchen/1996,1996,3,bundesliga,18,34,0,4,2,9,0,2,0,3,3,DD,0,1,0,2,2,14,0,1,1,3,5,WD,0,0,1,2,4,D,W
Bayern München,KFC Uerdingen 05,2-0,/match/bayern-munchen/kfc-uerdingen-05/1996,1996,3,bundesliga,18,34,0,2,0,3,2,0,0,9,4,WL,1,0,0,3,2,5,0,2,0,1,1,DD,0,1,0,0,0,W,D
B. Dortmund,Mönchengladbach,2-1,/match/borussia-dortmund/borussia-monchengla/1996,1996,4,bundesliga,18,34,0,2,1,13,0,2,1,4,5,DDW,0,1,0,1,1,2,2,1,0,4,1,WLD,1,0,0,3,1,D,L
Karlsruher SC,Köln,1-0,/match/karlsruher-sc/1-fc-koln/1996,1996,4,bundesliga,18,34,0,1,0,17,0,1,2,4,9,DLW,0,0,1,2,6,9,1,1,1,4,4,LDW,0,1,0,1,1,L,D
Kaiserslautern,Stuttgart,1-1,/match/kaiserslautern/stuttgart/1996,1996,4,bundesliga,18,34,1,1,1,12,1,1,1,4,5,DLL,0,0,1,1,3,4,1,2,0,4,2,DDW,0,1,0,1,1,L,D
Fortuna,Hansa Rostock,2-2,/match/fortuna-dusseldorf/hansa-rostock/1996,1996,4,bundesliga,18,34,1,2,2,10,0,3,0,3,3,DDD,0,1,0,1,1,7,2,0,1,7,5,LLW,1,0,0,3,1,D,L
Hamburger SV,Schalke 04,1-1,/match/hamburger-sv/schalke-04/1996,1996,4,bundesliga,18,34,1,1,1,16,0,1,2,7,9,WDW,0,1,0,3,3,11,1,1,1,3,4,LLD,1,0,0,1,0,D,L
KFC Uerdingen 05,Werder Bremen,3-0,/match/kfc-uerdingen-05/werder-bremen/1996,1996,4,bundesliga,18,34,0,3,0,14,0,2,1,1,3,DDW,0,1,0,1,1,3,1,2,0,5,4,DDW,0,1,0,3,3,D,D
1860 München,Bayern München,0-2,/match/1860-munchen/bayern-munchen/1996,1996,4,bundesliga,18,34,2,0,2,15,0,1,2,5,9,WDW,0,1,0,1,1,1,3,0,0,11,4,WLW,1,0,0,6,2,D,L
SC Freiburg,Eintracht,2-0,/match/sc-freiburg/eintracht-frankfurt/1996,1996,4,bundesliga,18,34,0,2,0,18,0,0,3,1,6,WLW,0,0,1,0,2,5,1,2,0,7,5,DDW,0,1,0,1,1,L,D
B. Leverkusen,FC St. Pauli,1-1,/match/bayer-leverkusen/st-pauli/1996,1996,4,bundesliga,18,34,1,1,1,8,1,2,0,3,2,LDD,0,1,0,1,1,6,2,0,1,7,4,WLL,1,0,0,2,0,D,L
Werder Bremen,1860 München,2-0,/match/werder-bremen/1860-munchen/1996,1996,5,bundesliga,18,34,0,2,0,5,1,2,1,5,7,DDWW,1,1,0,2,1,18,0,1,3,5,11,WDWL,0,0,2,4,8,DW,WW
Köln,KFC Uerdingen 05,0-0,/match/1-fc-koln/kfc-uerdingen-05/1996,1996,5,bundesliga,18,34,1,0,0,14,1,1,2,4,5,LDWW,1,0,1,3,3,10,1,2,1,4,3,DDWW,0,1,1,0,2,LW,DW
Hansa Rostock,Mönchengladbach,2-3,/match/hansa-rostock/borussia-monchengla/1996,1996,5,bundesliga,18,34,2,2,3,8,2,1,1,9,7,LLWD,1,0,1,4,4,3,2,1,1,5,3,WLDW,1,0,1,4,3,LW,LW
Schalke 04,Karlsruher SC,2-1,/match/schalke-04/karlsruher-sc/1996,1996,5,bundesliga,18,34,0,2,1,13,1,2,1,4,5,LLDD,0,1,1,2,4,15,1,1,2,5,9,DLWW,0,1,1,2,3,LD,DW
Fortuna,Hamburger SV,2-2,/match/fortuna-dusseldorf/hamburger-sv/1996,1996,5,bundesliga,18,34,1,2,2,11,0,4,0,5,5,DDDD,0,2,0,3,3,16,0,2,2,8,10,WDWD,0,0,2,4,6,DD,WW
FC St. Pauli,B. Dortmund,0-3,/match/st-pauli/borussia-dortmund/1996,1996,5,bundesliga,18,34,2,0,3,7,2,1,1,8,5,WLLD,1,0,1,5,4,4,1,2,1,6,6,DDWW,0,1,1,3,4,WL,DW
Stuttgart,B. Leverkusen,1-4,/match/stuttgart/bayer-leverkusen/1996,1996,5,bundesliga,18,34,2,1,4,2,1,3,0,5,3,DDWD,1,1,0,3,1,9,1,3,0,4,3,LDDD,1,1,0,2,1,DW,LD
Eintracht,Kaiserslautern,3-1,/match/eintracht-frankfurt/kaiserslautern/1996,1996,5,bundesliga,18,34,0,3,1,6,1,2,1,7,7,DDWW,1,1,0,6,4,12,1,2,1,5,6,DLLD,1,1,0,3,2,DW,DL
Bayern München,SC Freiburg,2-0,/match/bayern-munchen/sc-freiburg/1996,1996,5,bundesliga,18,34,0,2,0,1,4,0,0,13,4,WLWL,2,0,0,5,2,17,1,0,3,3,6,WLWW,0,0,2,1,4,WW,WW
Kaiserslautern,Bayern München,2-3,/match/kaiserslautern/bayern-munchen/1996,1996,6,bundesliga,18,34,2,2,3,14,1,2,2,6,9,DLLDW,0,1,1,2,4,1,5,0,0,15,4,WLWLW,2,0,0,8,2,LD,LL
Karlsruher SC,Fortuna,3-1,/match/karlsruher-sc/fortuna-dusseldorf/1996,1996,6,bundesliga,18,34,0,3,1,15,1,1,3,6,11,DLWWW,1,0,1,3,6,9,0,5,0,7,7,DDDDD,0,2,0,2,2,LW,DD
B. Dortmund,Stuttgart,6-3,/match/borussia-dortmund/stuttgart/1996,1996,6,bundesliga,18,34,0,6,3,5,2,2,1,9,6,DDWWL,1,1,0,3,2,8,1,3,1,6,7,DDWDL,0,2,0,2,2,DW,DD
KFC Uerdingen 05,Schalke 04,1-1,/match/kfc-uerdingen-05/schalke-04/1996,1996,6,bundesliga,18,34,1,1,1,10,1,3,1,4,3,DDWWD,1,1,0,4,1,6,2,2,1,6,6,LLDDW,1,1,0,2,1,DW,LD
1860 München,Köln,2-1,/match/1860-munchen/1-fc-koln/1996,1996,6,bundesliga,18,34,0,2,1,18,0,1,4,5,13,WDWLW,0,1,1,1,3,13,1,2,2,4,5,LDWWD,0,1,1,1,2,DL,DW
SC Freiburg,Werder Bremen,0-1,/match/sc-freiburg/werder-bremen/1996,1996,6,bundesliga,18,34,2,0,1,17,1,0,4,3,8,WLWWW,1,0,1,2,2,2,2,2,1,7,7,DDWWW,0,1,1,3,6,LW,DW
B. Leverkusen,Eintracht,2-0,/match/bayer-leverkusen/eintracht-frankfurt/1996,1996,6,bundesliga,18,34,0,2,0,7,2,3,0,8,4,LDDDL,0,2,0,2,2,3,2,2,1,10,8,DDWWW,0,1,1,1,3,DD,DW
Mönchengladbach,FC St. Pauli,2-4,/match/borussia-monchengla/st-pauli/1996,1996,6,bundesliga,18,34,2,2,4,4,3,1,1,8,5,WLDWL,1,1,0,1,0,12,2,1,2,8,8,WLLDL,1,1,0,3,1,WD,LD
Hamburger SV,Hansa Rostock,1-1,/match/hamburger-sv/hansa-rostock/1996,1996,6,bundesliga,18,34,1,1,1,16,0,3,2,10,12,WDWDD,0,2,0,4,4,11,2,1,2,11,10,LLWDL,1,1,0,5,3,DD,LD
Fortuna,KFC Uerdingen 05,1-0,/match/fortuna-dusseldorf/kfc-uerdingen-05/1996,1996,7,bundesliga,18,34,0,1,0,12,0,5,1,8,10,DDDDDW,0,3,0,5,5,6,1,4,1,5,4,DDWWDD,0,2,1,0,2,DDD,DWD
Eintracht,B. Dortmund,3-4,/match/eintracht-frankfurt/borussia-dortmund/1996,1996,7,bundesliga,18,34,2,3,4,5,2,2,2,10,10,DDWWWW,2,1,0,9,5,4,3,2,1,15,9,DDWWLW,1,1,1,6,4,DWW,DWL
Hansa Rostock,FC St. Pauli,2-0,/match/hansa-rostock/st-pauli/1996,1996,7,bundesliga,18,34,0,2,0,13,2,2,2,12,11,LLWDLD,1,0,2,6,7,9,3,1,2,12,10,WLLDLL,2,1,0,7,3,LWL,LDL
Hamburger SV,Karlsruher SC,0-0,/match/hamburger-sv/karlsruher-sc/1996,1996,7,bundesliga,18,34,1,0,0,15,0,4,2,11,13,WDWDDD,0,3,0,5,5,10,2,1,3,9,12,DLWWWW,0,1,2,3,5,DDD,DWW
Stuttgart,Mönchengladbach,5-0,/match/stuttgart/borussia-monchengla/1996,1996,7,bundesliga,18,34,0,5,0,11,1,3,2,9,13,DDWDLW,1,1,1,4,5,8,3,1,2,10,9,WLDWLL,2,0,1,7,5,DWL,LWL
Bayern München,B. Leverkusen,1-0,/match/bayern-munchen/bayer-leverkusen/1996,1996,7,bundesliga,18,34,0,1,0,1,6,0,0,18,6,WLWLWL,3,0,0,7,2,2,3,3,0,10,4,LDDDLW,2,1,0,6,2,WWW,LDL
Werder Bremen,Kaiserslautern,1-1,/match/werder-bremen/kaiserslautern/1996,1996,7,bundesliga,18,34,1,1,1,3,3,2,1,8,7,DDWWWL,2,1,0,4,1,17,1,2,3,8,12,DLLDWL,1,1,1,4,5,DWW,DLW
Köln,SC Freiburg,1-1,/match/1-fc-koln/sc-freiburg/1996,1996,7,bundesliga,18,34,1,1,1,14,1,2,3,5,7,LDWWDW,1,1,1,3,3,18,1,0,5,3,9,WLWWWL,0,0,3,1,6,LWD,WWW
Schalke 04,1860 München,1-1,/match/schalke-04/1860-munchen/1996,1996,7,bundesliga,18,34,1,1,1,7,2,3,1,7,7,LLDDWD,1,1,1,4,5,16,1,1,4,7,14,WDWLWW,0,0,3,4,10,LDW,WWW
FC St. Pauli,Stuttgart,1-3,/match/st-pauli/stuttgart/1996,1996,8,bundesliga,18,34,2,1,3,13,3,1,3,12,12,WLLDLLW,1,0,2,5,7,8,2,3,2,14,13,DDWDLWW,0,2,1,5,8,WLL,DDW
KFC Uerdingen 05,Hamburger SV,1-1,/match/kfc-uerdingen-05/hamburger-sv/1996,1996,8,bundesliga,18,34,1,1,1,12,1,4,2,5,5,DDWWDDW,1,2,0,5,2,15,0,5,2,11,13,WDWDDDD,0,1,2,6,8,DWD,WWD
Kaiserslautern,Köln,1-1,/match/kaiserslautern/1-fc-koln/1996,1996,8,bundesliga,18,34,1,1,1,17,1,3,3,9,13,DLLDWLD,0,1,2,4,7,14,1,3,3,6,8,LDWWDWD,0,1,2,2,4,LDL,DWW
Karlsruher SC,Hansa Rostock,0-2,/match/karlsruher-sc/hansa-rostock/1996,1996,8,bundesliga,18,34,2,0,2,10,2,2,3,9,12,DLWWWWD,2,0,1,6,7,5,3,2,2,14,11,LLWDLDW,1,2,0,6,4,LWW,LDD
1860 München,Fortuna,2-1,/match/1860-munchen/fortuna-dusseldorf/1996,1996,8,bundesliga,18,34,0,2,1,16,1,2,4,8,15,WDWLWWD,1,1,1,3,4,7,1,5,1,9,10,DDDDDWW,0,2,1,3,5,DLW,DDW
SC Freiburg,Schalke 04,1-2,/match/sc-freiburg/schalke-04/1996,1996,8,bundesliga,18,34,2,1,2,18,1,1,5,4,10,WLWWWLD,1,0,2,2,3,6,2,4,1,8,8,LLDDWDD,1,2,0,3,2,LWL,LDD
B. Leverkusen,Werder Bremen,2-2,/match/bayer-leverkusen/werder-bremen/1996,1996,8,bundesliga,18,34,1,2,2,4,3,3,1,10,5,LDDDLWW,1,2,0,4,2,2,3,3,1,9,8,DDWWWLD,1,1,1,4,6,DDW,DWL
Mönchengladbach,Eintracht,4-1,/match/borussia-monchengla/eintracht-frankfurt/1996,1996,8,bundesliga,18,34,0,4,1,11,3,1,3,10,14,WLDWLLW,1,1,1,3,4,9,2,2,3,13,14,DDWWWWL,0,1,2,1,5,WDL,DWW
B. Dortmund,Bayern München,3-1,/match/borussia-dortmund/bayern-munchen/1996,1996,8,bundesliga,18,34,0,3,1,3,4,2,1,19,12,DDWWLWL,2,1,0,9,5,1,7,0,0,19,6,WLWLWLW,3,0,0,11,4,DWW,LLL
Hansa Rostock,Stuttgart,3-3,/match/hansa-rostock/stuttgart/1996,1996,9,bundesliga,18,34,1,3,3,5,4,2,2,16,11,LLWDLDWL,2,0,2,8,7,7,3,3,2,17,14,DDWDLWWL,1,2,1,8,9,LWLW,DDWL
Schalke 04,Kaiserslautern,1-1,/match/schalke-04/kaiserslautern/1996,1996,9,bundesliga,18,34,1,1,1,6,3,4,1,10,9,LLDDWDDL,1,2,1,5,6,17,1,4,3,10,14,DLLDWLDD,1,2,1,5,6,LDWD,DLWD
Fortuna,SC Freiburg,0-0,/match/fortuna-dusseldorf/sc-freiburg/1996,1996,9,bundesliga,18,34,1,0,0,9,1,5,2,10,12,DDDDDWWW,1,3,0,6,5,18,1,1,6,5,12,WLWWWLDL,0,1,3,2,7,DDDW,WWWD
Hamburger SV,1860 München,2-2,/match/hamburger-sv/1860-munchen/1996,1996,9,bundesliga,18,34,1,2,2,13,0,6,2,12,14,WDWDDDDD,0,4,0,5,5,12,2,2,4,10,16,WDWLWWDW,0,1,3,5,11,DDDD,WWWD
Karlsruher SC,KFC Uerdingen 05,2-0,/match/karlsruher-sc/kfc-uerdingen-05/1996,1996,9,bundesliga,18,34,0,2,0,14,2,2,4,9,14,DLWWWWDL,2,0,2,6,9,10,1,5,2,6,6,DDWWDDWD,0,2,2,0,3,LWWL,DWDW
Eintracht,FC St. Pauli,2-2,/match/eintracht-frankfurt/st-pauli/1996,1996,9,bundesliga,18,34,1,2,2,11,2,2,4,14,18,DDWWWWLW,2,1,1,12,9,16,3,1,4,13,15,WLLDLLWL,2,1,1,7,5,DWWL,LDLW
Bayern München,Mönchengladbach,1-2,/match/bayern-munchen/borussia-monchengla/1996,1996,9,bundesliga,18,34,2,1,2,1,7,0,1,20,9,WLWLWLWW,4,0,0,8,2,8,4,1,3,14,15,WLDWLLWW,2,0,2,7,10,WWWW,LWLW
Werder Bremen,B. Dortmund,2-2,/match/werder-bremen/borussia-dortmund/1996,1996,9,bundesliga,18,34,1,2,2,3,3,4,1,11,10,DDWWWLDD,2,2,0,5,2,2,5,2,1,22,13,DDWWLWLW,2,1,1,10,7,DWWD,DWLL
Köln,B. Leverkusen,2-2,/match/1-fc-koln/bayer-leverkusen/1996,1996,9,bundesliga,18,34,1,2,2,15,1,4,3,7,9,LDWWDWDD,1,2,1,4,4,4,3,4,1,12,7,LDDDLWWD,2,1,1,6,3,LWDD,LDLW
KFC Uerdingen 05,Hansa Rostock,1-1,/match/kfc-uerdingen-05/hansa-rostock/1996,1996,10,bundesliga,18,34,1,1,1,13,1,5,3,6,8,DDWWDDWDW,1,3,0,6,3,5,4,3,2,19,14,LLWDLDWLD,2,2,0,8,4,DWDD,LDDL
B. Leverkusen,Schalke 04,0-0,/match/bayer-leverkusen/schalke-04/1996,1996,10,bundesliga,18,34,1,0,0,4,3,5,1,14,9,LDDDLWWDD,1,3,0,6,4,6,3,5,1,11,10,LLDDWDDLD,2,2,0,5,3,DDWD,LDDL
Kaiserslautern,Fortuna,2-0,/match/kaiserslautern/fortuna-dusseldorf/1996,1996,10,bundesliga,18,34,0,2,0,17,1,5,3,11,15,DLLDWLDDD,0,2,2,5,8,10,1,6,2,10,12,DDDDDWWWD,0,2,2,4,7,LDLD,DDWW
B. Dortmund,Köln,3-0,/match/borussia-dortmund/1-fc-koln/1996,1996,10,bundesliga,18,34,0,3,0,2,5,3,1,24,15,DDWWLWLWD,3,1,0,12,6,12,1,5,3,9,11,LDWWDWDDD,0,2,2,3,5,DWWW,DWWD
FC St. Pauli,Bayern München,0-1,/match/st-pauli/bayern-munchen/1996,1996,10,bundesliga,18,34,2,0,1,16,3,2,4,15,17,WLLDLLWLD,1,0,3,6,10,1,7,0,2,21,11,WLWLWLWWL,3,0,1,12,7,WLLL,LLLW
Stuttgart,Eintracht,3-2,/match/stuttgart/eintracht-frankfurt/1996,1996,10,bundesliga,18,34,0,3,2,8,3,4,2,20,17,DDWDLWWLD,2,1,1,9,5,11,2,3,4,16,20,DDWWWWLWD,0,1,3,2,9,DWLW,DWWW
1860 München,Karlsruher SC,1-1,/match/1860-munchen/karlsruher-sc/1996,1996,10,bundesliga,18,34,1,1,1,15,2,3,4,12,18,WDWLWWDWD,2,1,1,5,5,9,3,2,4,11,14,DLWWWWDLW,0,2,2,3,5,DLWW,DWWD
SC Freiburg,Hamburger SV,0-3,/match/sc-freiburg/hamburger-sv/1996,1996,10,bundesliga,18,34,2,0,3,18,1,2,6,5,12,WLWWWLDLD,1,0,3,3,5,14,0,7,2,14,16,WDWDDDDDD,0,2,2,7,9,LWLL,WWDD
Mönchengladbach,Werder Bremen,1-0,/match/borussia-monchengla/werder-bremen/1996,1996,10,bundesliga,18,34,0,1,0,7,5,1,3,16,16,WLDWLLWWL,2,1,1,7,5,3,3,5,1,13,12,DDWWWLDDD,1,2,1,6,8,WDLW,DWLD
Karlsruher SC,SC Freiburg,1-1,/match/karlsruher-sc/sc-freiburg/1996,1996,11,bundesliga,18,34,1,1,1,9,3,3,4,12,15,DLWWWWDLWD,3,0,2,8,9,18,1,2,7,5,15,WLWWWLDLDL,0,2,3,2,7,LWWLW,WWWDD
Köln,Mönchengladbach,0-2,/match/1-fc-koln/borussia-monchengla/1996,1996,11,bundesliga,18,34,2,0,2,16,1,5,4,9,14,LDWWDWDDDW,1,3,1,6,6,3,6,1,3,17,16,WLDWLLWWLW,3,0,2,9,11,LWDDD,LWLWL
Hansa Rostock,Eintracht,1-1,/match/hansa-rostock/eintracht-frankfurt/1996,1996,11,bundesliga,18,34,1,1,1,7,4,4,2,20,15,LLWDLDWLDD,2,1,2,11,10,14,2,3,5,18,23,DDWWWWLWDW,0,1,4,4,12,LWLWD,DWWWW
Schalke 04,B. Dortmund,1-2,/match/schalke-04/borussia-dortmund/1996,1996,11,bundesliga,18,34,2,1,2,8,3,6,1,11,10,LLDDWDDLDD,1,3,1,6,7,2,6,3,1,27,15,DDWWLWLWDW,2,2,1,12,9,LDWDD,DWLLD
Fortuna,B. Leverkusen,1-1,/match/fortuna-dusseldorf/bayer-leverkusen/1996,1996,11,bundesliga,18,34,1,1,1,13,1,6,3,10,14,DDDDDWWWDW,1,4,0,6,5,6,3,6,1,14,9,LDDDLWWDDD,2,2,1,8,5,DDDWD,LDLWD
Hamburger SV,Kaiserslautern,1-0,/match/hamburger-sv/kaiserslautern/1996,1996,11,bundesliga,18,34,0,1,0,12,1,7,2,17,16,WDWDDDDDDL,0,5,0,7,7,15,2,5,3,13,15,DLLDWLDDDW,1,3,1,6,7,DDDDD,DLWDD
Bayern München,Stuttgart,5-3,/match/bayern-munchen/stuttgart/1996,1996,11,bundesliga,18,34,0,5,3,1,8,0,2,22,11,WLWLWLWWLL,4,0,1,9,4,4,4,4,2,23,19,DDWDLWWLDW,1,3,1,11,12,WWWWL,DDWLD
Werder Bremen,FC St. Pauli,1-1,/match/werder-bremen/st-pauli/1996,1996,11,bundesliga,18,34,1,1,1,5,3,5,2,13,13,DDWWWLDDDW,2,3,0,7,4,17,3,2,5,15,18,WLLDLLWLDL,2,2,1,9,7,DWWDD,LDLWD
KFC Uerdingen 05,1860 München,2-0,/match/kfc-uerdingen-05/1860-munchen/1996,1996,11,bundesliga,18,34,0,2,0,10,1,6,3,7,9,DDWWDDWDWD,1,4,0,7,4,11,2,4,4,13,19,WDWLWWDWDD,0,2,3,7,13,DWDDD,WWWDD
FC St. Pauli,Köln,3-3,/match/st-pauli/1-fc-koln/1996,1996,12,bundesliga,18,34,1,3,3,17,3,3,5,16,19,WLLDLLWLDLD,1,0,4,6,11,16,1,5,5,9,16,LDWWDWDDDWL,0,2,3,3,8,WLLLL,DWWDW
B. Leverkusen,Hamburger SV,0-1,/match/bayer-leverkusen/hamburger-sv/1996,1996,12,bundesliga,18,34,2,0,1,6,3,7,1,15,10,LDDDLWWDDDD,1,4,0,6,4,8,2,7,2,18,16,WDWDDDDDDLW,1,2,2,10,9,DDWDD,WWDDL
Kaiserslautern,Karlsruher SC,2-2,/match/kaiserslautern/karlsruher-sc/1996,1996,12,bundesliga,18,34,1,2,2,15,2,5,4,13,16,DLLDWLDDDWW,1,2,2,7,8,10,3,4,4,13,16,DLWWWWDLWDD,0,3,2,4,6,LDLDW,DWWDD
B. Dortmund,Fortuna,3-0,/match/borussia-dortmund/fortuna-dusseldorf/1996,1996,12,bundesliga,18,34,0,3,0,2,7,3,1,29,16,DDWWLWLWDWL,4,1,0,15,6,12,1,7,3,11,15,DDDDDWWWDWD,0,2,3,4,9,DWWWW,DDWWW
Stuttgart,Werder Bremen,1-1,/match/stuttgart/werder-bremen/1996,1996,12,bundesliga,18,34,1,1,1,5,4,4,3,26,24,DDWDLWWLDWW,3,1,1,12,7,4,3,6,2,14,14,DDWWWLDDDWD,1,2,2,6,9,DWLWW,DWLDW
Eintracht,Bayern München,4-1,/match/eintracht-frankfurt/bayern-munchen/1996,1996,12,bundesliga,18,34,0,4,1,14,2,4,5,19,24,DDWWWWLWDWD,2,2,1,14,11,1,9,0,2,27,14,WLWLWLWWLLW,4,0,1,13,7,DWWLD,LLLWL
1860 München,Hansa Rostock,1-1,/match/1860-munchen/hansa-rostock/1996,1996,12,bundesliga,18,34,1,1,1,13,2,4,5,13,21,WDWLWWDWDDW,2,2,1,6,6,7,4,5,2,21,16,LLWDLDWLDDD,2,3,0,9,5,DLWWD,LDDLD
SC Freiburg,KFC Uerdingen 05,1-1,/match/sc-freiburg/kfc-uerdingen-05/1996,1996,12,bundesliga,18,34,1,1,1,18,1,3,7,6,16,WLWWWLDLDLD,1,0,4,3,8,9,2,6,3,9,9,DDWWDDWDWDW,0,2,3,0,5,LWLLL,DWDWW
Mönchengladbach,Schalke 04,4-1,/match/borussia-monchengla/schalke-04/1996,1996,12,bundesliga,18,34,0,4,1,3,7,1,3,19,16,WLDWLLWWLWL,3,1,1,8,5,11,3,6,2,12,12,LLDDWDDLDDL,2,3,0,5,3,WDLWW,LDDLD
Hansa Rostock,Bayern München,0-0,/match/hansa-rostock/bayern-munchen/1996,1996,13,bundesliga,18,34,1,0,0,6,4,6,2,22,17,LLWDLDWLDDDD,2,2,2,12,11,2,9,0,3,28,18,WLWLWLWWLLWW,4,0,2,14,11,LWLWDD,LLLWLW
Hamburger SV,B. Dortmund,2-2,/match/hamburger-sv/borussia-dortmund/1996,1996,13,bundesliga,18,34,1,2,2,7,3,7,2,19,16,WDWDDDDDDLWL,1,5,0,8,7,1,8,3,1,32,16,DDWWLWLWDWLW,3,2,1,14,10,DDDDDW,DWLLDL
KFC Uerdingen 05,Kaiserslautern,1-1,/match/kfc-uerdingen-05/kaiserslautern/1996,1996,13,bundesliga,18,34,1,1,1,9,2,7,3,10,10,DDWWDDWDWDWD,2,4,0,9,4,15,2,6,4,15,18,DLLDWLDDDWWD,1,3,2,6,8,DWDDDW,DLWDDW
Schalke 04,FC St. Pauli,2-0,/match/schalke-04/st-pauli/1996,1996,13,bundesliga,18,34,0,2,0,12,3,6,3,13,16,LLDDWDDLDDLW,1,3,2,7,9,17,3,4,5,19,22,WLLDLLWLDLDD,2,3,1,10,8,LDWDDL,LDLWDD
Fortuna,Mönchengladbach,3-2,/match/fortuna-dusseldorf/borussia-monchengla/1996,1996,13,bundesliga,18,34,0,3,2,13,1,7,4,11,18,DDDDDWWWDWDW,1,5,0,7,6,3,8,1,3,23,17,WLDWLLWWLWLW,4,0,2,11,11,DDDWDD,LWLWLL
Karlsruher SC,B. Leverkusen,1-4,/match/karlsruher-sc/bayer-leverkusen/1996,1996,13,bundesliga,18,34,2,1,4,11,3,5,4,15,18,DLWWWWDLWDDD,3,1,2,9,10,8,3,7,2,15,11,LDDDLWWDDDDL,2,3,1,9,6,LWWLWD,LDLWDD
1860 München,SC Freiburg,3-0,/match/1860-munchen/sc-freiburg/1996,1996,13,bundesliga,18,34,0,3,0,14,2,5,5,14,22,WDWLWWDWDDWD,2,3,1,7,7,18,1,4,7,7,17,WLWWWLDLDLDD,0,3,3,3,8,DLWWDD,WWWDDD
Werder Bremen,Eintracht,1-1,/match/werder-bremen/eintracht-frankfurt/1996,1996,13,bundesliga,18,34,1,1,1,4,3,7,2,15,15,DDWWWLDDDWDD,2,4,0,8,5,10,3,4,5,23,25,DDWWWWLWDWDW,0,2,4,5,13,DWWDDD,DWWWWD
Köln,Stuttgart,2-2,/match/1-fc-koln/stuttgart/1996,1996,13,bundesliga,18,34,1,2,2,16,1,6,5,12,19,LDWWDWDDDWLD,1,3,2,6,8,5,4,5,3,27,25,DDWDLWWLDWWD,1,3,2,14,17,LWDDDL,DDWLDW
Mönchengladbach,Hamburger SV,1-2,/match/borussia-monchengla/hamburger-sv/1996,1996,14,bundesliga,18,34,2,1,2,3,8,1,4,25,20,WLDWLLWWLWLWW,4,1,1,12,6,7,3,8,2,21,18,WDWDDDDDDLWLD,2,2,2,11,9,WDLWWW,WWDDLL
FC St. Pauli,Fortuna,2-1,/match/st-pauli/fortuna-dusseldorf/1996,1996,14,bundesliga,18,34,0,2,1,17,3,4,6,19,24,WLLDLLWLDLDDW,1,1,4,9,14,11,2,7,4,14,20,DDDDDWWWDWDWW,0,2,4,4,12,WLLLLD,DDWWWW
Kaiserslautern,1860 München,0-0,/match/kaiserslautern/1860-munchen/1996,1996,14,bundesliga,18,34,1,0,0,15,2,7,4,16,19,DLLDWLDDDWWDD,1,3,2,9,10,12,3,5,5,17,22,WDWLWWDWDDWDW,0,2,4,7,15,LDLDWD,WWWDDW
B. Dortmund,Karlsruher SC,4-1,/match/borussia-dortmund/karlsruher-sc/1996,1996,14,bundesliga,18,34,0,4,1,1,8,4,1,34,18,DDWWLWLWDWLWD,5,1,0,18,6,14,3,5,5,16,22,DLWWWWDLWDDDL,0,4,2,6,8,DWWWWW,DWWDDD
Eintracht,Köln,1-0,/match/eintracht-frankfurt/1-fc-koln/1996,1996,14,bundesliga,18,34,0,1,0,13,3,5,5,24,26,DDWWWWLWDWDWD,3,2,1,18,12,16,1,7,5,14,21,LDWWDWDDDWLDD,0,3,3,6,11,DWWLDW,DWWDWD
Bayern München,Werder Bremen,2-0,/match/bayern-munchen/werder-bremen/1996,1996,14,bundesliga,18,34,0,2,0,2,9,1,3,28,18,WLWLWLWWLLWWD,5,0,1,14,7,4,3,8,2,16,16,DDWWWLDDDWDDD,1,3,2,7,10,WWWWLW,DWLDWD
SC Freiburg,Hansa Rostock,2-1,/match/sc-freiburg/hansa-rostock/1996,1996,14,bundesliga,18,34,0,2,1,18,1,4,8,7,20,WLWWWLDLDLDDW,1,1,4,4,9,6,4,7,2,22,17,LLWDLDWLDDDDD,2,4,0,10,6,LWLLLD,LDDLDD
B. Leverkusen,KFC Uerdingen 05,2-1,/match/bayer-leverkusen/kfc-uerdingen-05/1996,1996,14,bundesliga,18,34,0,2,1,8,4,7,2,19,12,LDDDLWWDDDDLL,1,4,1,6,5,9,2,8,3,11,11,DDWWDDWDWDWDD,0,3,3,1,6,DDWDDL,DWDWWD
Stuttgart,Schalke 04,2-2,/match/stuttgart/schalke-04/1996,1996,14,bundesliga,18,34,1,2,2,5,4,6,3,29,27,DDWDLWWLDWWDD,3,2,1,13,8,10,4,6,3,15,16,LLDDWDDLDDLWW,2,3,1,6,7,DWLWWD,LDDLDW
Fortuna,Stuttgart,1-2,/match/fortuna-dusseldorf/stuttgart/1996,1996,15,bundesliga,18,34,2,1,2,13,2,7,5,15,22,DDDDDWWWDWDWWW,2,5,0,10,8,5,4,7,3,31,29,DDWDLWWLDWWDDD,1,4,2,16,19,DDDWDDW,DDWLDWD
Hamburger SV,FC St. Pauli,1-0,/match/hamburger-sv/st-pauli/1996,1996,15,bundesliga,18,34,0,1,0,6,4,8,2,23,19,WDWDDDDDDLWLDL,1,6,0,10,9,16,4,4,6,21,25,WLLDLLWLDLDDWW,2,3,2,10,10,DDDDDWD,LDLWDDW
Kaiserslautern,SC Freiburg,1-2,/match/kaiserslautern/sc-freiburg/1996,1996,15,bundesliga,18,34,2,1,2,15,2,8,4,16,19,DLLDWLDDDWWDDD,1,4,2,9,10,18,2,4,8,9,21,WLWWWLDLDLDDWW,0,3,4,3,11,LDLDWDD,WWWDDDW
Schalke 04,Eintracht,2-0,/match/schalke-04/eintracht-frankfurt/1996,1996,15,bundesliga,18,34,0,2,0,9,4,7,3,17,18,LLDDWDDLDDLWWD,2,3,2,9,9,8,4,5,5,25,26,DDWWWWLWDWDWDW,0,3,4,6,14,LDWDDLW,DWWWWDD
Karlsruher SC,Mönchengladbach,4-0,/match/karlsruher-sc/borussia-monchengla/1996,1996,15,bundesliga,18,34,0,4,0,14,3,5,6,17,26,DLWWWWDLWDDDLW,3,1,3,10,14,3,8,1,5,26,22,WLDWLLWWLWLWWL,4,0,3,13,14,LWWLWDL,LWLWLLW
KFC Uerdingen 05,B. Dortmund,0-2,/match/kfc-uerdingen-05/borussia-dortmund/1996,1996,15,bundesliga,18,34,2,0,2,11,2,8,4,12,13,DDWWDDWDWDWDDW,2,5,0,10,5,1,9,4,1,38,19,DDWWLWLWDWLWDW,3,3,1,16,12,DWDDDWD,DWLLDLD
1860 München,B. Leverkusen,0-1,/match/1860-munchen/bayer-leverkusen/1996,1996,15,bundesliga,18,34,2,0,1,12,3,6,5,17,22,WDWLWWDWDDWDWD,3,3,1,10,7,4,5,7,2,21,13,LDDDLWWDDDDLLW,3,3,1,13,7,DLWWDDW,LDLWDDL
Werder Bremen,Hansa Rostock,0-2,/match/werder-bremen/hansa-rostock/1996,1996,15,bundesliga,18,34,2,0,2,7,3,8,3,16,18,DDWWWLDDDWDDDW,2,5,0,9,6,10,4,7,3,23,19,LLWDLDWLDDDDDW,2,4,1,11,8,DWWDDDD,LDDLDDW
Köln,Bayern München,0-0,/match/1-fc-koln/bayern-munchen/1996,1996,15,bundesliga,18,34,1,0,0,17,1,7,6,14,22,LDWWDWDDDWLDDW,1,4,2,8,10,2,10,1,3,30,18,WLWLWLWWLLWWDW,4,1,2,14,11,LWDDDLD,LLLWLWD
B. Dortmund,1860 München,3-1,/match/borussia-dortmund/1860-munchen/1996,1996,16,bundesliga,18,34,0,3,1,1,10,4,1,40,19,DDWWLWLWDWLWDWL,6,1,0,22,7,13,3,6,6,17,23,WDWLWWDWDDWDWDL,0,3,4,7,15,DWWWWWW,WWWDDWD
Werder Bremen,Köln,0-1,/match/werder-bremen/1-fc-koln/1996,1996,16,bundesliga,18,34,2,0,1,10,3,8,4,16,20,DDWWWLDDDWDDDWL,2,5,1,9,8,17,1,8,6,14,22,LDWWDWDDDWLDDWD,0,3,4,6,12,DWWDDDDL,DWWDWDW
B. Leverkusen,SC Freiburg,0-1,/match/bayer-leverkusen/sc-freiburg/1996,1996,16,bundesliga,18,34,2,0,1,4,6,7,2,22,13,LDDDLWWDDDDLLWL,2,4,1,8,6,18,3,4,8,11,22,WLWWWLDLDLDDWWL,1,3,4,5,12,DDWDDLW,WWWDDDWL
Hansa Rostock,Kaiserslautern,3-0,/match/hansa-rostock/kaiserslautern/1996,1996,16,bundesliga,18,34,0,3,0,8,5,7,3,25,19,LLWDLDWLDDDDDWL,2,3,2,12,11,15,2,8,5,17,21,DLLDWLDDDWWDDDL,1,4,2,7,9,LWLWDDD,DLWDDWD
Mönchengladbach,KFC Uerdingen 05,2-1,/match/borussia-monchengla/kfc-uerdingen-05/1996,1996,16,bundesliga,18,34,0,2,1,6,8,1,6,26,26,WLDWLLWWLWLWWLW,4,1,2,13,8,12,2,8,5,12,15,DDWWDDWDWDWDDWL,0,3,4,2,8,WDLWWWL,DWDWWDW
FC St. Pauli,Karlsruher SC,1-1,/match/st-pauli/karlsruher-sc/1996,1996,16,bundesliga,18,34,1,1,1,16,4,4,7,21,26,WLLDLLWLDLDDWWW,2,1,4,11,15,11,4,5,6,21,26,DLWWWWDLWDDDLWW,0,4,3,7,12,WLLLLDW,DWWDDDW
Stuttgart,Hamburger SV,3-0,/match/stuttgart/hamburger-sv/1996,1996,16,bundesliga,18,34,0,3,0,7,5,7,3,33,30,DDWDLWWLDWWDDDL,3,3,1,15,10,3,5,8,2,24,19,WDWDDDDDDLWLDLW,3,2,2,13,10,DWLWWDD,WWDDLLL
Eintracht,Fortuna,3-0,/match/eintracht-frankfurt/fortuna-dusseldorf/1996,1996,16,bundesliga,18,34,0,3,0,9,4,5,6,25,28,DDWWWWLWDWDWDWW,4,2,1,19,12,14,2,7,6,16,24,DDDDDWWWDWDWWWL,0,2,5,5,14,DWWLDWW,DDWWWWW
Bayern München,Schalke 04,4-0,/match/bayern-munchen/schalke-04/1996,1996,16,bundesliga,18,34,0,4,0,2,10,2,3,30,18,WLWLWLWWLLWWDWD,6,0,1,16,7,5,5,7,3,19,18,LLDDWDDLDDLWWDW,2,4,1,8,9,WWWWLWW,LDDLDWD
Hamburger SV,Eintracht,5-1,/match/hamburger-sv/eintracht-frankfurt/1996,1996,17,bundesliga,18,34,0,5,1,5,5,8,3,24,22,WDWDDDDDDLWLDLWW,2,6,0,11,9,8,5,5,6,28,28,DDWWWWLWDWDWDWWW,0,3,5,6,16,DDDDDWDW,DWWWWDDW
KFC Uerdingen 05,FC St. Pauli,2-5,/match/kfc-uerdingen-05/st-pauli/1996,1996,17,bundesliga,18,34,2,2,5,12,2,8,6,13,17,DDWWDDWDWDWDDWLW,2,5,1,10,7,15,4,5,7,22,27,WLLDLLWLDLDDWWWD,2,3,3,10,11,DWDDDWDL,LDLWDDWW
Kaiserslautern,B. Leverkusen,1-0,/match/kaiserslautern/bayer-leverkusen/1996,1996,17,bundesliga,18,34,0,1,0,17,2,8,6,17,24,DLLDWLDDDWWDDDLW,1,4,3,10,12,7,6,7,3,22,14,LDDDLWWDDDDLLWLL,4,3,1,14,7,LDLDWDDL,LDLWDDLL
Schalke 04,Werder Bremen,2-1,/match/schalke-04/werder-bremen/1996,1996,17,bundesliga,18,34,0,2,1,9,5,7,4,19,22,LLDDWDDLDDLWWDWW,3,3,2,11,9,11,3,8,5,16,21,DDWWWLDDDWDDDWLL,1,3,3,7,12,LDWDDLWW,DWLDWDW
Fortuna,Bayern München,0-2,/match/fortuna-dusseldorf/bayern-munchen/1996,1996,17,bundesliga,18,34,2,0,2,14,2,7,7,16,27,DDDDDWWWDWDWWWLW,2,5,1,11,10,2,11,2,3,34,18,WLWLWLWWLLWWDWDW,4,2,2,14,11,DDDWDDWL,LLLWLWDD
Karlsruher SC,Stuttgart,1-2,/match/karlsruher-sc/stuttgart/1996,1996,17,bundesliga,18,34,2,1,2,10,4,6,6,22,27,DLWWWWDLWDDDLWWD,4,1,3,14,14,4,6,7,3,36,30,DDWDLWWLDWWDDDLW,2,4,2,18,20,LWWLWDLW,DDWLDWDL
1860 München,Mönchengladbach,4-0,/match/1860-munchen/borussia-monchengla/1996,1996,17,bundesliga,18,34,0,4,0,13,3,6,7,18,26,WDWLWWDWDDWDWDLW,3,3,2,10,8,3,9,1,6,28,27,WLDWLLWWLWLWWLWW,4,0,4,13,18,DLWWDDWL,LWLWLLWW
SC Freiburg,B. Dortmund,0-1,/match/sc-freiburg/borussia-dortmund/1996,1996,17,bundesliga,18,34,2,0,1,18,4,4,8,12,22,WLWWWLDLDLDDWWLL,2,1,4,6,10,1,11,4,1,43,20,DDWWLWLWDWLWDWLW,4,3,1,18,12,LWLLLDW,DWLLDLDL
Köln,Hansa Rostock,3-0,/match/1-fc-koln/hansa-rostock/1996,1996,17,bundesliga,18,34,0,3,0,16,2,8,6,15,22,LDWWDWDDDWLDDWDL,1,5,2,8,10,6,6,7,3,28,19,LLWDLDWLDDDDDWLW,3,4,1,13,8,LWDDDLDD,LDDLDDWL
SC Freiburg,Mönchengladbach,0-0,/match/sc-freiburg/borussia-monchengla/1996,1996,18,bundesliga,18,34,1,0,0,18,4,4,9,12,23,WLWWWLDLDLDDWWLLL,2,1,5,6,11,5,9,1,7,28,31,WLDWLLWWLWLWWLWWW,4,0,5,13,22,LWLLLDWL,LWLWLLWWW
Kaiserslautern,B. Dortmund,1-1,/match/kaiserslautern/borussia-dortmund/1996,1996,18,bundesliga,18,34,1,1,1,14,3,8,6,18,24,DLLDWLDDDWWDDDLWW,2,4,3,11,12,1,12,4,1,44,20,DDWWLWLWDWLWDWLWL,5,3,1,19,12,LDLDWDDLW,DWLLDLDLL
1860 München,FC St. Pauli,2-0,/match/1860-munchen/st-pauli/1996,1996,18,bundesliga,18,34,0,2,0,10,4,6,7,22,26,WDWLWWDWDDWDWDLWW,4,3,2,14,8,16,5,5,7,27,29,WLLDLLWLDLDDWWWDL,3,3,3,15,13,DLWWDDWLW,LDLWDDWWL
Karlsruher SC,Eintracht,1-1,/match/karlsruher-sc/eintracht-frankfurt/1996,1996,18,bundesliga,18,34,1,1,1,12,4,6,7,23,29,DLWWWWDLWDDDLWWDL,4,1,4,15,16,9,5,5,7,29,33,DDWWWWLWDWDWDWWWW,0,3,6,7,21,LWWLWDLWL,DWWWWDDWW
Hamburger SV,Bayern München,2-1,/match/hamburger-sv/bayern-munchen/1996,1996,18,bundesliga,18,34,0,2,1,4,6,8,3,29,23,WDWDDDDDDLWLDLWWW,3,6,0,16,10,2,12,2,3,36,18,WLWLWLWWLLWWDWDWL,5,2,2,16,11,DDDDDWDWW,LLLWLWDDL
Schalke 04,Köln,0-0,/match/schalke-04/1-fc-koln/1996,1996,18,bundesliga,18,34,1,0,0,6,6,7,4,21,23,LLDDWDDLDDLWWDWWW,4,3,2,13,10,11,3,8,6,18,22,LDWWDWDDDWLDDWDLW,1,3,4,7,12,LDWDDLWWW,DWWDWDWL
Fortuna,Werder Bremen,1-1,/match/fortuna-dusseldorf/werder-bremen/1996,1996,18,bundesliga,18,34,1,1,1,17,2,7,8,16,29,DDDDDWWWDWDWWWLWL,2,5,2,11,12,13,3,8,6,17,23,DDWWWLDDDWDDDWLLW,1,3,4,8,14,DDDWDDWLL,DWLDWDWW
B. Leverkusen,Hansa Rostock,2-0,/match/bayer-leverkusen/hansa-rostock/1996,1996,18,bundesliga,18,34,0,2,0,8,6,7,4,22,15,LDDDLWWDDDDLLWLLW,2,4,2,8,7,7,6,7,4,28,22,LLWDLDWLDDDDDWLWW,3,4,2,13,11,DDWDDLWL,LDDLDDWLW
KFC Uerdingen 05,Stuttgart,3-4,/match/kfc-uerdingen-05/stuttgart/1996,1996,18,bundesliga,18,34,2,3,4,15,2,8,7,15,22,DDWWDDWDWDWDDWLWL,2,5,2,12,12,3,7,7,3,38,31,DDWDLWWLDWWDDDLWL,3,4,2,20,21,DWDDDWDLL,DDWLDWDLL
Köln,Fortuna,0-0,/match/1-fc-koln/fortuna-dusseldorf/1996,1996,19,bundesliga,18,34,1,0,0,12,3,9,6,18,22,LDWWDWDDDWLDDWDLWD,2,5,2,11,10,15,2,8,8,17,30,DDDDDWWWDWDWWWLWLD,0,2,6,5,17,LWDDDLDDW,DDWWWWWW
Eintracht,KFC Uerdingen 05,1-0,/match/eintracht-frankfurt/kfc-uerdingen-05/1996,1996,19,bundesliga,18,34,0,1,0,9,5,6,7,30,34,DDWWWWLWDWDWDWWWWD,5,2,1,22,12,16,2,8,8,18,26,DDWWDDWDWDWDDWLWLL,0,3,5,3,10,DWWLDWWW,DWDWWDWW
Bayern München,Karlsruher SC,1-4,/match/bayern-munchen/karlsruher-sc/1996,1996,19,bundesliga,18,34,2,1,4,2,12,2,4,37,20,WLWLWLWWLLWWDWDWLW,7,0,1,20,7,11,4,7,7,24,30,DLWWWWDLWDDDLWWDLD,0,5,3,8,13,WWWWLWWW,DWWDDDWD
Stuttgart,1860 München,2-3,/match/stuttgart/1860-munchen/1996,1996,19,bundesliga,18,34,2,2,3,4,8,7,3,42,34,DDWDLWWLDWWDDDLWLL,4,3,1,18,10,8,5,6,7,24,26,WDWLWWDWDDWDWDLWWW,0,3,5,8,18,DWLWWDDW,WWWDDWDW
Werder Bremen,Hamburger SV,2-1,/match/werder-bremen/hamburger-sv/1996,1996,19,bundesliga,18,34,0,2,1,13,3,9,6,18,24,DDWWWLDDDWDDDWLLWD,2,5,2,9,9,3,7,8,3,31,24,WDWDDDDDDLWLDLWWWW,3,2,3,13,13,DWWDDDDLL,WWDDLLLW
FC St. Pauli,SC Freiburg,1-1,/match/st-pauli/sc-freiburg/1996,1996,19,bundesliga,18,34,1,1,1,17,5,5,8,27,31,WLLDLLWLDLDDWWWDLW,2,2,4,12,16,18,4,5,9,12,23,WLWWWLDLDLDDWWLLLD,2,3,4,6,12,WLLLLDWD,WWWDDDWLL
Mönchengladbach,Kaiserslautern,1-1,/match/borussia-monchengla/kaiserslautern/1996,1996,19,bundesliga,18,34,1,1,1,7,9,2,7,28,31,WLDWLLWWLWLWWLWWWD,5,1,2,15,9,14,3,9,6,19,25,DLLDWLDDDWWDDDLWWD,1,4,3,7,12,WDLWWWLW,DLWDDWDW
Hansa Rostock,Schalke 04,1-2,/match/hansa-rostock/schalke-04/1996,1996,19,bundesliga,18,34,2,1,2,10,6,7,5,28,24,LLWDLDWLDDDDDWLWWW,3,3,2,15,11,5,6,8,4,21,23,LLDDWDDLDDLWWDWWWD,2,4,2,8,13,LWLWDDDW,LDDLDWDW
B. Dortmund,B. Leverkusen,2-0,/match/borussia-dortmund/bayer-leverkusen/1996,1996,19,bundesliga,18,34,0,2,0,1,12,5,1,45,21,DDWWLWLWDWLWDWLWLD,7,1,0,25,8,6,7,7,4,24,15,LDDDLWWDDDDLLWLLWW,4,3,2,14,8,DWWWWWWW,LDLWDDLLW
B. Leverkusen,Mönchengladbach,0-0,/match/bayer-leverkusen/borussia-monchengla/1996,1996,20,bundesliga,18,34,1,0,0,8,7,7,5,24,17,LDDDLWWDDDDLLWLLWWW,3,4,2,10,7,6,9,3,7,29,32,WLDWLLWWLWLWWLWWWDD,4,1,5,13,22,DDWDDLWLW,LWLWLLWWWD
Kaiserslautern,FC St. Pauli,0-0,/match/kaiserslautern/st-pauli/1996,1996,20,bundesliga,18,34,1,0,0,14,3,10,6,20,26,DLLDWLDDDWWDDDLWWDD,2,5,3,12,13,16,5,6,8,28,32,WLLDLLWLDLDDWWWDLWD,3,3,4,15,15,LDLDWDDLWD,LDLWDDWWLW
B. Dortmund,Hansa Rostock,1-2,/match/borussia-dortmund/hansa-rostock/1996,1996,20,bundesliga,18,34,2,1,2,1,13,5,1,47,21,DDWWLWLWDWLWDWLWLDW,8,1,0,27,8,11,6,7,6,29,26,LLWDLDWLDDDDDWLWWWL,3,4,3,13,13,DWWWWWWWW,LDDLDDWLWW
Fortuna,Schalke 04,2-0,/match/fortuna-dusseldorf/schalke-04/1996,1996,20,bundesliga,18,34,0,2,0,15,2,9,8,17,30,DDDDDWWWDWDWWWLWLDD,2,6,2,12,13,5,7,8,4,23,24,LLDDWDDLDDLWWDWWWDL,3,4,2,10,14,DDDWDDWLLD,LDDLDWDWL
SC Freiburg,Stuttgart,2-1,/match/sc-freiburg/stuttgart/1996,1996,20,bundesliga,18,34,0,2,1,18,4,6,9,13,24,WLWWWLDLDLDDWWLLLDD,2,2,5,6,11,4,8,7,4,44,37,DDWDLWWLDWWDDDLWLLL,4,4,2,24,24,LWLLLDWLD,DDWLDWDLLL
1860 München,Eintracht,3-1,/match/1860-munchen/eintracht-frankfurt/1996,1996,20,bundesliga,18,34,0,3,1,9,6,6,7,27,28,WDWLWWDWDDWDWDLWWWL,5,3,2,16,8,7,6,6,7,31,34,DDWWWWLWDWDWDWWWWDW,0,4,6,8,22,DLWWDDWLWW,DWWWWDDWWD
Karlsruher SC,Werder Bremen,1-1,/match/karlsruher-sc/werder-bremen/1996,1996,20,bundesliga,18,34,1,1,1,12,5,7,7,28,31,DLWWWWDLWDDDLWWDLDL,4,2,4,16,17,10,4,9,6,20,25,DDWWWLDDDWDDDWLLWDW,1,4,4,9,15,LWWLWDLWLD,DWLDWDWWD
KFC Uerdingen 05,Bayern München,1-6,/match/kfc-uerdingen-05/bayern-munchen/1996,1996,20,bundesliga,18,34,2,1,6,17,2,8,9,18,27,DDWWDDWDWDWDDWLWLLW,2,5,3,15,16,2,12,2,5,38,24,WLWLWLWWLLWWDWDWLWL,5,2,3,17,13,DWDDDWDLLL,LLLWLWDDLW
Hamburger SV,Köln,0-0,/match/hamburger-sv/1-fc-koln/1996,1996,20,bundesliga,18,34,1,0,0,3,7,8,4,32,26,WDWDDDDDDLWLDLWWWWW,4,6,0,18,11,13,3,10,6,18,22,LDWWDWDDDWLDDWDLWDD,1,4,4,7,12,DDDDDWDWWW,DWWDWDWLD
Werder Bremen,KFC Uerdingen 05,1-0,/match/werder-bremen/kfc-uerdingen-05/1996,1996,21,bundesliga,18,34,0,1,0,12,4,10,6,21,26,DDWWWLDDDWDDDWLLWDWD,3,5,2,11,10,18,2,8,10,19,33,DDWWDDWDWDWDDWLWLLWL,0,3,6,3,11,DWWDDDDLLW,DWDWWDWWW
Stuttgart,Kaiserslautern,2-0,/match/stuttgart/kaiserslautern/1996,1996,21,bundesliga,18,34,0,2,0,5,8,7,5,45,39,DDWDLWWLDWWDDDLWLLLW,4,3,2,20,13,14,3,11,6,20,26,DLLDWLDDDWWDDDLWWDDD,1,5,3,8,13,DWLWWDDWL,DLWDDWDWD
Mönchengladbach,B. Dortmund,2-2,/match/borussia-monchengla/borussia-dortmund/1996,1996,21,bundesliga,18,34,1,2,2,7,9,4,7,29,32,WLDWLLWWLWLWWLWWWDDD,5,2,2,16,10,1,13,5,2,48,23,DDWWLWLWDWLWDWLWLDWL,5,4,1,20,13,WDLWWWLWD,DWLLDLDLLD
Schalke 04,Hamburger SV,3-0,/match/schalke-04/hamburger-sv/1996,1996,21,bundesliga,18,34,0,3,0,6,7,8,5,23,26,LLDDWDDLDDLWWDWWWDLW,4,4,2,13,10,3,7,9,4,32,26,WDWDDDDDDLWLDLWWWWWD,3,2,4,14,15,LDWDDLWWWD,WWDDLLLWW
Köln,Karlsruher SC,0-1,/match/1-fc-koln/karlsruher-sc/1996,1996,21,bundesliga,18,34,2,0,1,13,3,11,6,18,22,LDWWDWDDDWLDDWDLWDDD,2,6,2,11,10,11,5,8,7,29,32,DLWWWWDLWDDDLWWDLDLD,1,5,3,12,14,LWDDDLDDWD,DWWDDDWDL
Bayern München,1860 München,4-2,/match/bayern-munchen/1860-munchen/1996,1996,21,bundesliga,18,34,0,4,2,2,13,2,5,44,25,WLWLWLWWLLWWDWDWLWLL,7,0,2,21,11,4,7,6,7,30,29,WDWLWWDWDDWDWDLWWWLW,1,3,5,11,20,WWWWLWWWL,WWWDDWDWL
Eintracht,SC Freiburg,0-1,/match/eintracht-frankfurt/sc-freiburg/1996,1996,21,bundesliga,18,34,2,0,1,9,6,6,8,32,37,DDWWWWLWDWDWDWWWWDWW,6,2,1,23,12,17,5,6,9,15,25,WLWWWLDLDLDDWWLLLDDW,2,4,4,7,13,DWWLDWWWW,WWWDDDWLLD
Hansa Rostock,Fortuna,0-0,/match/hansa-rostock/fortuna-dusseldorf/1996,1996,21,bundesliga,18,34,1,0,0,10,7,7,6,31,27,LLWDLDWLDDDDDWLWWWLL,3,3,3,16,13,15,3,9,8,19,30,DDDDDWWWDWDWWWLWLDDW,0,3,6,5,17,LWLWDDDWL,DDWWWWWWD
FC St. Pauli,B. Leverkusen,2-1,/match/st-pauli/bayer-leverkusen/1996,1996,21,bundesliga,18,34,0,2,1,16,5,7,8,28,32,WLLDLLWLDLDDWWWDLWDD,2,3,4,13,17,8,7,8,5,24,17,LDDDLWWDDDDLLWLLWWWD,4,3,3,14,10,WLLLLDWDD,LDLWDDLLWW
Hamburger SV,Fortuna,4-1,/match/hamburger-sv/fortuna-dusseldorf/1996,1996,22,bundesliga,18,34,0,4,1,3,7,9,5,32,29,WDWDDDDDDLWLDLWWWWWDW,4,7,0,18,11,13,3,10,8,19,30,DDDDDWWWDWDWWWLWLDDWD,0,4,6,5,17,DDDDDWDWWWD,DDWWWWWWDD
B. Leverkusen,Stuttgart,0-0,/match/bayer-leverkusen/stuttgart/1996,1996,22,bundesliga,18,34,1,0,0,8,7,8,6,25,19,LDDDLWWDDDDLLWLLWWWDW,3,5,2,10,7,4,9,7,5,47,39,DDWDLWWLDWWDDDLWLLLWW,4,4,3,25,26,DDWDDLWLWD,DDWLDWDLLLW
Karlsruher SC,Schalke 04,0-1,/match/karlsruher-sc/schalke-04/1996,1996,22,bundesliga,18,34,2,0,1,12,6,8,7,30,32,DLWWWWDLWDDDLWWDLDLDL,4,3,4,17,18,5,8,8,5,26,26,LLDDWDDLDDLWWDWWWDLWW,3,4,3,10,16,LWWLWDLWLDD,LDDLDWDWLW
B. Dortmund,FC St. Pauli,1-0,/match/borussia-dortmund/st-pauli/1996,1996,22,bundesliga,18,34,0,1,0,1,13,6,2,50,25,DDWWLWLWDWLWDWLWLDWLD,8,1,1,28,10,14,6,7,8,30,33,WLLDLLWLDLDDWWWDLWDDW,3,4,4,15,15,DWWWWWWWWL,LDLWDDWWLWD
Kaiserslautern,Eintracht,1-1,/match/kaiserslautern/eintracht-frankfurt/1996,1996,22,bundesliga,18,34,1,1,1,16,3,11,7,20,28,DLLDWLDDDWWDDDLWWDDDW,2,6,3,12,13,11,6,6,9,32,38,DDWWWWLWDWDWDWWWWDWWL,0,4,7,9,25,LDLDWDDLWDD,DWWWWDDWWDW
SC Freiburg,Bayern München,3-1,/match/sc-freiburg/bayern-munchen/1996,1996,22,bundesliga,18,34,0,3,1,17,6,6,9,16,25,WLWWWLDLDLDDWWLLLDDWL,3,2,5,8,12,2,14,2,5,48,27,WLWLWLWWLLWWDWDWLWLLW,6,2,3,23,14,LWLLLDWLDW,LLLWLWDDLWL
1860 München,Werder Bremen,1-1,/match/1860-munchen/werder-bremen/1996,1996,22,bundesliga,18,34,1,1,1,7,7,6,8,32,33,WDWLWWDWDDWDWDLWWWLWW,6,3,2,19,9,9,5,10,6,22,26,DDWWWLDDDWDDDWLLWDWDW,1,5,4,10,16,DLWWDDWLWWW,DWLDWDWWDD
KFC Uerdingen 05,Köln,1-1,/match/kfc-uerdingen-05/1-fc-koln/1996,1996,22,bundesliga,18,34,1,1,1,18,2,8,11,19,34,DDWWDDWDWDWDDWLWLLWLW,2,5,4,16,22,15,3,11,7,18,23,LDWWDWDDDWLDDWDLWDDDL,1,5,4,7,12,DWDDDWDLLLL,DWWDWDWLDD
Mönchengladbach,Hansa Rostock,3-2,/match/borussia-monchengla/hansa-rostock/1996,1996,22,bundesliga,18,34,0,3,2,6,9,5,7,31,34,WLDWLLWWLWLWWLWWWDDDD,5,3,2,18,12,10,7,8,6,31,27,LLWDLDWLDDDDDWLWWWLLD,4,4,3,15,14,WDLWWWLWDD,LDDLDDWLWWL
Werder Bremen,SC Freiburg,0-2,/match/werder-bremen/sc-freiburg/1996,1996,23,bundesliga,18,34,2,0,2,9,5,11,6,23,27,DDWWWLDDDWDDDWLLWDWDWD,4,5,2,12,10,13,7,6,9,19,26,WLWWWLDLDLDDWWLLLDDWLW,3,4,4,8,13,DWWDDDDLLWW,WWWDDDWLLDL
Köln,1860 München,2-0,/match/1-fc-koln/1860-munchen/1996,1996,23,bundesliga,18,34,0,2,0,17,3,12,7,19,24,LDWWDWDDDWLDDWDLWDDDLD,2,6,3,11,11,7,7,7,8,33,34,WDWLWWDWDDWDWDLWWWLWWD,1,3,6,13,24,LWDDDLDDWDL,WWWDDWDWLW
Bayern München,Kaiserslautern,2-0,/match/bayern-munchen/kaiserslautern/1996,1996,23,bundesliga,18,34,0,2,0,2,14,2,6,49,30,WLWLWLWWLLWWDWDWLWLLWW,8,0,2,25,13,14,3,12,7,21,29,DLLDWLDDDWWDDDLWWDDDWD,1,5,4,8,15,WWWWLWWWLW,DLWDDWDWDW
FC St. Pauli,Mönchengladbach,0-2,/match/st-pauli/borussia-monchengla/1996,1996,23,bundesliga,18,34,2,0,2,16,6,7,9,30,34,WLLDLLWLDLDDWWWDLWDDWW,3,3,4,15,18,5,10,5,7,34,36,WLDWLLWWLWLWWLWWWDDDDW,4,2,5,13,22,WLLLLDWDDW,LWLWLLWWWDD
Schalke 04,KFC Uerdingen 05,1-1,/match/schalke-04/kfc-uerdingen-05/1996,1996,23,bundesliga,18,34,1,1,1,4,9,8,5,27,26,LLDDWDDLDDLWWDWWWDLWWL,5,4,2,16,10,18,2,9,11,20,35,DDWWDDWDWDWDDWLWLLWLWD,0,3,7,3,12,LDWDDLWWWDW,DWDWWDWWWW
Eintracht,B. Leverkusen,1-1,/match/eintracht-frankfurt/bayer-leverkusen/1996,1996,23,bundesliga,18,34,1,1,1,10,6,7,9,33,39,DDWWWWLWDWDWDWWWWDWWLD,6,2,2,23,13,8,7,9,6,25,19,LDDDLWWDDDDLLWLLWWWDWD,4,3,4,15,12,DWWLDWWWWL,LDLWDDLLWWW
Stuttgart,B. Dortmund,0-5,/match/stuttgart/borussia-dortmund/1996,1996,23,bundesliga,18,34,2,0,5,6,9,8,5,47,39,DDWDLWWLDWWDDDLWLLLWWD,5,3,2,22,13,1,14,6,2,51,25,DDWWLWLWDWLWDWLWLDWLDW,5,5,1,22,15,DWLWWDDWLW,DWLLDLDLLDD
Fortuna,Karlsruher SC,2-0,/match/fortuna-dusseldorf/karlsruher-sc/1996,1996,23,bundesliga,18,34,0,2,0,15,3,10,9,20,34,DDDDDWWWDWDWWWLWLDDWDW,3,6,2,14,13,12,6,8,8,30,33,DLWWWWDLWDDDLWWDLDLDLL,2,5,3,13,14,DDDWDDWLLDW,DWWDDDWDLL
Hansa Rostock,Hamburger SV,2-0,/match/hansa-rostock/hamburger-sv/1996,1996,23,bundesliga,18,34,0,2,0,11,7,8,7,33,30,LLWDLDWLDDDDDWLWWWLLDW,3,4,3,16,13,3,8,9,5,36,30,WDWDDDDDDLWLDLWWWWWDWW,3,2,5,14,18,LWLWDDDWLD,WWDDLLLWWW
1860 München,Schalke 04,1-1,/match/1860-munchen/schalke-04/1996,1996,24,bundesliga,18,34,1,1,1,7,7,7,9,33,36,WDWLWWDWDDWDWDLWWWLWWDW,6,4,2,20,10,4,9,9,5,28,27,LLDDWDDLDDLWWDWWWDLWWLD,4,4,3,11,16,DLWWDDWLWWWD,LDDLDWDWLWL
Karlsruher SC,Hamburger SV,3-1,/match/karlsruher-sc/hamburger-sv/1996,1996,24,bundesliga,18,34,0,3,1,15,6,8,9,30,35,DLWWWWDLWDDDLWWDLDLDLLW,4,3,5,17,19,3,8,9,6,36,32,WDWDDDDDDLWLDLWWWWWDWWW,3,2,6,14,20,LWWLWDLWLDDL,WWDDLLLWWWW
KFC Uerdingen 05,Fortuna,1-3,/match/kfc-uerdingen-05/fortuna-dusseldorf/1996,1996,24,bundesliga,18,34,2,1,3,18,2,10,11,21,36,DDWWDDWDWDWDDWLWLLWLWDD,2,6,4,17,23,13,4,10,9,22,34,DDDDDWWWDWDWWWLWLDDWDWW,0,4,7,6,21,DWDDDWDLLLLD,DDWWWWWWDDW
B. Dortmund,Eintracht,6-0,/match/borussia-dortmund/eintracht-frankfurt/1996,1996,24,bundesliga,18,34,0,6,0,1,15,6,2,56,25,DDWWLWLWDWLWDWLWLDWLDWL,9,1,1,29,10,10,6,8,9,34,40,DDWWWWLWDWDWDWWWWDWWLDD,0,5,7,10,26,DWWWWWWWWLW,DWWWWDDWWDWD
B. Leverkusen,Bayern München,1-2,/match/bayer-leverkusen/bayern-munchen/1996,1996,24,bundesliga,18,34,2,1,2,8,7,10,6,26,20,LDDDLWWDDDDLLWLLWWWDWDD,3,6,2,10,7,2,15,2,6,51,30,WLWLWLWWLLWWDWDWLWLLWWW,6,2,4,24,17,DDWDDLWLWDD,LLLWLWDDLWLW
Kaiserslautern,Werder Bremen,0-0,/match/kaiserslautern/werder-bremen/1996,1996,24,bundesliga,18,34,1,0,0,16,3,12,8,21,31,DLLDWLDDDWWDDDLWWDDDWDW,2,7,3,13,14,11,5,11,7,23,29,DDWWWLDDDWDDDWLLWDWDWDL,1,6,4,11,17,LDLDWDDLWDDD,DWLDWDWWDDD
SC Freiburg,Köln,2-0,/match/sc-freiburg/1-fc-koln/1996,1996,24,bundesliga,18,34,0,2,0,12,8,6,9,21,26,WLWWWLDLDLDDWWLLLDDWLWL,4,2,5,11,13,14,4,12,7,21,24,LDWWDWDDDWLDDWDLWDDDLDW,1,6,4,8,13,LWLLLDWLDWW,DWWDWDWLDDD
FC St. Pauli,Hansa Rostock,3-2,/match/st-pauli/hansa-rostock/1996,1996,24,bundesliga,18,34,0,3,2,17,6,7,10,30,36,WLLDLLWLDLDDWWWDLWDDWWL,3,3,5,15,20,9,8,8,7,35,30,LLWDLDWLDDDDDWLWWWLLDWW,4,4,4,17,17,WLLLLDWDDWL,LDDLDDWLWWLW
Mönchengladbach,Stuttgart,1-1,/match/borussia-monchengla/stuttgart/1996,1996,24,bundesliga,18,34,1,1,1,5,11,5,7,36,36,WLDWLLWWLWLWWLWWWDDDDWL,6,3,2,21,14,6,9,8,6,47,44,DDWDLWWLDWWDDDLWLLLWWDL,4,5,3,25,26,WDLWWWLWDDW,DDWLDWDLLLWD
Köln,Kaiserslautern,0-1,/match/1-fc-koln/kaiserslautern/1996,1996,25,bundesliga,18,34,2,0,1,15,4,12,8,21,26,LDWWDWDDDWLDDWDLWDDDLDWW,3,6,3,13,11,17,3,13,8,21,31,DLLDWLDDDWWDDDLWWDDDWDWD,1,5,5,8,17,LWDDDLDDWDLW,DLWDDWDWDWW
Hamburger SV,KFC Uerdingen 05,0-0,/match/hamburger-sv/kfc-uerdingen-05/1996,1996,25,bundesliga,18,34,1,0,0,5,8,9,7,37,35,WDWDDDDDDLWLDLWWWWWDWWWW,5,7,0,22,12,18,2,10,12,22,39,DDWWDDWDWDWDDWLWLLWLWDDL,0,4,7,4,13,DDDDDWDWWWDW,DWDWWDWWWWD
Eintracht,Mönchengladbach,0-2,/match/eintracht-frankfurt/borussia-monchengla/1996,1996,25,bundesliga,18,34,2,0,2,12,6,8,10,34,46,DDWWWWLWDWDWDWWWWDWWLDDW,6,3,2,24,14,3,11,6,7,37,37,WLDWLLWWLWLWWLWWWDDDDWLD,5,2,5,15,22,DWWLDWWWWLD,LWLWLLWWWDDL
Stuttgart,FC St. Pauli,1-1,/match/stuttgart/st-pauli/1996,1996,25,bundesliga,18,34,1,1,1,6,9,9,6,48,45,DDWDLWWLDWWDDDLWLLLWWDLD,5,3,3,22,18,16,7,7,10,33,38,WLLDLLWLDLDDWWWDLWDDWWLW,3,4,5,15,16,DWLWWDDWLWL,LDLWDDWWLWDW
Hansa Rostock,Karlsruher SC,1-1,/match/hansa-rostock/karlsruher-sc/1996,1996,25,bundesliga,18,34,1,1,1,10,8,8,8,37,33,LLWDLDWLDDDDDWLWWWLLDWWW,4,4,3,18,13,11,7,8,9,33,36,DLWWWWDLWDDDLWWDLDLDLLWW,2,5,4,13,16,LWLWDDDWLDW,DWWDDDWDLLW
Schalke 04,SC Freiburg,3-0,/match/schalke-04/sc-freiburg/1996,1996,25,bundesliga,18,34,0,3,0,4,9,10,5,29,28,LLDDWDDLDDLWWDWWWDLWWLDD,5,5,2,17,11,8,9,6,9,23,26,WLWWWLDLDLDDWWLLLDDWLWLW,4,4,4,10,13,LDWDDLWWWDWD,WWWDDDWLLDLL
Werder Bremen,B. Leverkusen,2-1,/match/werder-bremen/bayer-leverkusen/1996,1996,25,bundesliga,18,34,0,2,1,13,5,12,7,23,29,DDWWWLDDDWDDDWLLWDWDWDLD,4,5,3,12,12,9,7,10,7,27,22,LDDDLWWDDDDLLWLLWWWDWDDL,4,4,4,16,13,DWWDDDDLLWWL,LDLWDDLLWWWD
Bayern München,B. Dortmund,1-0,/match/bayern-munchen/borussia-dortmund/1996,1996,25,bundesliga,18,34,0,1,0,2,16,2,6,53,31,WLWLWLWWLLWWDWDWLWLLWWWL,9,0,2,27,13,1,16,6,2,62,25,DDWWLWLWDWLWDWLWLDWLDWLW,6,5,1,27,15,WWWWLWWWLWW,DWLLDLDLLDDL
Fortuna,1860 München,1-1,/match/fortuna-dusseldorf/1860-munchen/1996,1996,25,bundesliga,18,34,1,1,1,14,5,10,9,25,35,DDDDDWWWDWDWWWLWLDDWDWWL,4,6,2,16,13,7,7,8,9,34,37,WDWLWWDWDDWDWDLWWWLWWDWD,1,3,7,13,26,DDDWDDWLLDWW,WWWDDWDWLWW
Stuttgart,Hansa Rostock,1-1,/match/stuttgart/hansa-rostock/1996,1996,26,bundesliga,18,34,1,1,1,6,9,10,6,49,46,DDWDLWWLDWWDDDLWLLLWWDLDD,5,4,3,23,19,9,8,9,8,38,34,LLWDLDWLDDDDDWLWWWLLDWWWD,4,4,5,19,20,DWLWWDDWLWLD,LDDLDDWLWWLWW
Kaiserslautern,Schalke 04,0-0,/match/kaiserslautern/schalke-04/1996,1996,26,bundesliga,18,34,1,0,0,16,4,13,8,22,31,DLLDWLDDDWWDDDLWWDDDWDWDL,2,8,3,13,14,3,10,10,5,32,28,LLDDWDDLDDLWWDWWWDLWWLDDW,4,5,3,12,17,LDLDWDDLWDDDD,LDDLDWDWLWLD
KFC Uerdingen 05,Karlsruher SC,2-3,/match/kfc-uerdingen-05/karlsruher-sc/1996,1996,26,bundesliga,18,34,2,2,3,18,2,11,12,22,39,DDWWDDWDWDWDDWLWLLWLWDDLD,2,6,5,18,26,11,7,9,9,34,37,DLWWWWDLWDDDLWWDLDLDLLWWD,2,6,4,14,17,DWDDDWDLLLLDL,DWWDDDWDLLWD
SC Freiburg,Fortuna,1-1,/match/sc-freiburg/fortuna-dusseldorf/1996,1996,26,bundesliga,18,34,1,1,1,12,9,6,10,23,29,WLWWWLDLDLDDWWLLLDDWLWLWW,5,2,5,13,13,13,5,11,9,26,36,DDDDDWWWDWDWWWLWLDDWDWWLD,1,4,7,9,22,LWLLLDWLDWWW,DDWWWWWWDDWL
1860 München,Hamburger SV,5-0,/match/1860-munchen/hamburger-sv/1996,1996,26,bundesliga,18,34,0,5,0,7,7,9,9,35,38,WDWLWWDWDDWDWDLWWWLWWDWDD,6,5,2,21,11,5,8,10,7,37,35,WDWDDDDDDLWLDLWWWWWDWWWWD,3,2,7,15,23,DLWWDDWLWWWDD,WWDDLLLWWWWW
FC St. Pauli,Eintracht,2-1,/match/st-pauli/eintracht-frankfurt/1996,1996,26,bundesliga,18,34,0,2,1,15,7,8,10,34,39,WLLDLLWLDLDDWWWDLWDDWWLWD,4,3,5,18,22,14,6,8,11,34,48,DDWWWWLWDWDWDWWWWDWWLDDWL,0,5,8,10,32,WLLLLDWDDWLW,DWWWWDDWWDWDW
B. Dortmund,Werder Bremen,1-1,/match/borussia-dortmund/werder-bremen/1996,1996,26,bundesliga,18,34,1,1,1,1,16,6,3,62,26,DDWWLWLWDWLWDWLWLDWLDWLWW,10,1,1,35,10,8,6,12,7,25,30,DDWWWLDDDWDDDWLLWDWDWDLDW,1,7,4,11,17,DWWWWWWWWLWW,DWLDWDWWDDDD
B. Leverkusen,Köln,1-2,/match/bayer-leverkusen/1-fc-koln/1996,1996,26,bundesliga,18,34,2,1,2,10,7,10,8,28,24,LDDDLWWDDDDLLWLLWWWDWDDLW,3,6,3,11,9,17,4,12,9,21,27,LDWWDWDDDWLDDWDLWDDDLDWWL,1,6,5,8,15,DDWDDLWLWDDL,DWWDWDWLDDDW
Mönchengladbach,Bayern München,3-1,/match/borussia-monchengla/bayern-munchen/1996,1996,26,bundesliga,18,34,0,3,1,4,12,6,7,39,37,WLDWLLWWLWLWWLWWWDDDDWLDL,6,4,2,22,15,2,17,2,6,54,31,WLWLWLWWLLWWDWDWLWLLWWWLW,7,2,4,26,18,WDLWWWLWDDWD,LLLWLWDDLWLWL
Hansa Rostock,KFC Uerdingen 05,1-0,/match/hansa-rostock/kfc-uerdingen-05/1996,1996,27,bundesliga,18,34,0,1,0,9,8,10,8,39,35,LLWDLDWLDDDDDWLWWWLLDWWWDD,4,5,3,19,14,18,2,11,13,24,42,DDWWDDWDWDWDDWLWLLWLWDDLDL,0,5,7,4,13,LWLWDDDWLDWD,DWDWWDWWWWDD
Köln,B. Dortmund,0-0,/match/1-fc-koln/borussia-dortmund/1996,1996,27,bundesliga,18,34,1,0,0,17,5,12,9,23,28,LDWWDWDDDWLDDWDLWDDDLDWWLL,3,6,4,13,12,1,16,7,3,63,27,DDWWLWLWDWLWDWLWLDWLDWLWWD,6,5,2,27,16,LWDDDLDDWDLWL,DWLLDLDLLDDLW
Eintracht,Stuttgart,2-2,/match/eintracht-frankfurt/stuttgart/1996,1996,27,bundesliga,18,34,1,2,2,15,6,8,12,35,50,DDWWWWLWDWDWDWWWWDWWLDDWLW,6,3,3,24,16,6,9,11,6,50,47,DDWDLWWLDWWDDDLWLLLWWDLDDD,4,6,3,26,27,DWWLDWWWWLDL,DDWLDWDLLLWDD
Karlsruher SC,1860 München,1-1,/match/karlsruher-sc/1860-munchen/1996,1996,27,bundesliga,18,34,1,1,1,10,8,9,9,37,39,DLWWWWDLWDDDLWWDLDLDLLWWDL,5,3,5,20,20,7,8,9,9,40,38,WDWLWWDWDDWDWDLWWWLWWDWDDW,1,4,7,14,27,LWWLWDLWLDDLW,WWWDDWDWLWWD
Schalke 04,B. Leverkusen,1-1,/match/schalke-04/bayer-leverkusen/1996,1996,27,bundesliga,18,34,1,1,1,4,10,11,5,32,28,LLDDWDDLDDLWWDWWWDLWWLDDWD,6,5,2,20,11,14,7,10,9,29,26,LDDDLWWDDDDLLWLLWWWDWDDLWL,4,4,5,17,15,LDWDDLWWWDWDW,LDLWDDLLWWWDW
Fortuna,Kaiserslautern,2-1,/match/fortuna-dusseldorf/kaiserslautern/1996,1996,27,bundesliga,18,34,0,2,1,13,5,12,9,27,37,DDDDDWWWDWDWWWLWLDDWDWWLDD,4,7,2,17,14,16,4,14,8,22,31,DLLDWLDDDWWDDDLWWDDDWDWDLD,2,5,5,9,17,DDDWDDWLLDWWD,DLWDDWDWDWWL
Werder Bremen,Mönchengladbach,2-0,/match/werder-bremen/borussia-monchengla/1996,1996,27,bundesliga,18,34,0,2,0,8,6,13,7,26,31,DDWWWLDDDWDDDWLLWDWDWDLDWD,5,5,3,14,13,3,13,6,7,42,38,WLDWLLWWLWLWWLWWWDDDDWLDLW,6,2,5,17,22,DWWDDDDLLWWLW,LWLWLLWWWDDLL
Bayern München,FC St. Pauli,1-1,/match/bayern-munchen/st-pauli/1996,1996,27,bundesliga,18,34,1,1,1,2,17,2,7,55,34,WLWLWLWWLLWWDWDWLWLLWWWLWW,10,0,2,28,13,12,8,8,10,36,40,WLLDLLWLDLDDWWWDLWDDWWLWDW,3,5,5,16,17,WWWWLWWWLWWW,LDLWDDWWLWDWD
Hamburger SV,SC Freiburg,0-0,/match/hamburger-sv/sc-freiburg/1996,1996,27,bundesliga,18,34,1,0,0,5,8,10,8,37,40,WDWDDDDDDLWLDLWWWWWDWWWWDW,5,8,0,22,12,11,9,7,10,24,30,WLWWWLDLDLDDWWLLLDDWLWLWWD,4,4,5,10,16,DDDDDWDWWWDWD,WWWDDDWLLDLLW
Eintracht,Hansa Rostock,1-3,/match/eintracht-frankfurt/hansa-rostock/1996,1996,28,bundesliga,18,34,2,1,3,15,6,9,12,37,52,DDWWWWLWDWDWDWWWWDWWLDDWLWD,6,4,3,26,18,9,9,10,8,40,35,LLWDLDWLDDDDDWLWWWLLDWWWDDW,4,5,5,20,21,DWWLDWWWWLDLD,LDDLDDWLWWLWWD
1860 München,KFC Uerdingen 05,2-1,/match/1860-munchen/kfc-uerdingen-05/1996,1996,28,bundesliga,18,34,0,2,1,7,8,10,9,41,39,WDWLWWDWDDWDWDLWWWLWWDWDDWD,7,5,2,26,11,18,2,11,14,24,43,DDWWDDWDWDWDDWLWLLWLWDDLDLW,0,5,8,4,14,DLWWDDWLWWWDDW,DWDWWDWWWWDDW
B. Dortmund,Schalke 04,0-0,/match/borussia-dortmund/schalke-04/1996,1996,28,bundesliga,18,34,1,0,0,1,16,8,3,63,27,DDWWLWLWDWLWDWLWLDWLDWLWWDD,10,2,1,36,11,4,10,12,5,33,29,LLDDWDDLDDLWWDWWWDLWWLDDWDD,4,6,3,12,17,DWWWWWWWWLWWD,LDDLDWDWLWLDD
Kaiserslautern,Hamburger SV,1-2,/match/kaiserslautern/hamburger-sv/1996,1996,28,bundesliga,18,34,2,1,2,17,4,14,9,23,33,DLLDWLDDDWWDDDLWWDDDWDWDLDW,2,9,3,13,14,5,8,11,8,37,40,WDWDDDDDDLWLDLWWWWWDWWWWDWD,3,2,8,15,28,LDLDWDDLWDDDDD,WWDDLLLWWWWWW
SC Freiburg,Karlsruher SC,0-3,/match/sc-freiburg/karlsruher-sc/1996,1996,28,bundesliga,18,34,2,0,3,12,9,8,10,24,30,WLWWWLDLDLDDWWLLLDDWLWLWWDD,5,3,5,14,14,11,8,10,9,38,40,DLWWWWDLWDDDLWWDLDLDLLWWDLD,3,6,4,17,19,LWLLLDWLDWWWD,DWWDDDWDLLWDL
Stuttgart,Bayern München,0-1,/match/stuttgart/bayern-munchen/1996,1996,28,bundesliga,18,34,2,0,1,6,9,12,6,52,49,DDWDLWWLDWWDDDLWLLLWWDLDDDD,5,5,3,24,20,2,17,3,7,56,35,WLWLWLWWLLWWDWDWLWLLWWWLWWD,7,2,5,27,21,DWLWWDDWLWLDD,LLLWLWDDLWLWLW
FC St. Pauli,Werder Bremen,1-2,/match/st-pauli/werder-bremen/1996,1996,28,bundesliga,18,34,2,1,2,13,8,9,10,37,41,WLLDLLWLDLDDWWWDLWDDWWLWDWD,5,3,5,20,23,8,7,13,7,28,31,DDWWWLDDDWDDDWLLWDWDWDLDWDW,1,8,4,12,18,WLLLLDWDDWLWW,DWLDWDWWDDDDD
Mönchengladbach,Köln,2-1,/match/borussia-monchengla/1-fc-koln/1996,1996,28,bundesliga,18,34,0,2,1,3,13,6,8,42,40,WLDWLLWWLWLWWLWWWDDDDWLDLWW,7,4,2,25,16,16,5,13,9,23,28,LDWWDWDDDWLDDWDLWDDDLDWWLLD,2,6,5,10,16,WDLWWWLWDDWDW,DWWDWDWLDDDWL
B. Leverkusen,Fortuna,0-0,/match/bayer-leverkusen/fortuna-dusseldorf/1996,1996,28,bundesliga,18,34,1,0,0,14,7,11,9,30,27,LDDDLWWDDDDLLWLLWWWDWDDLWLD,3,6,4,12,11,10,6,12,9,29,38,DDDDDWWWDWDWWWLWLDDWDWWLDDW,1,5,7,10,23,DDWDDLWLWDDLL,DDWWWWWWDDWLD
Karlsruher SC,Kaiserslautern,0-0,/match/karlsruher-sc/kaiserslautern/1996,1996,29,bundesliga,18,34,1,0,0,10,9,10,9,41,40,DLWWWWDLWDDDLWWDLDLDLLWWDLDL,5,4,5,21,21,17,4,14,10,24,35,DLLDWLDDDWWDDDLWWDDDWDWDLDWL,2,5,6,10,19,LWWLWDLWLDDLWD,DLWDDWDWDWWLW
KFC Uerdingen 05,SC Freiburg,3-1,/match/kfc-uerdingen-05/sc-freiburg/1996,1996,29,bundesliga,18,34,0,3,1,18,2,11,15,25,45,DDWWDDWDWDWDDWLWLLWLWDDLDLWW,2,6,6,20,29,12,9,8,11,24,33,WLWWWLDLDLDDWWLLLDDWLWLWWDDL,4,5,5,10,16,DWDDDWDLLLLDLL,WWWDDDWLLDLLWD
Fortuna,B. Dortmund,1-2,/match/fortuna-dusseldorf/borussia-dortmund/1996,1996,29,bundesliga,18,34,2,1,2,11,6,13,9,29,38,DDDDDWWWDWDWWWLWLDDWDWWLDDWD,5,7,2,19,15,1,16,9,3,63,27,DDWWLWLWDWLWDWLWLDWLDWLWWDDD,6,6,2,27,16,DDDWDDWLLDWWDW,DWLLDLDLLDDLWD
Köln,FC St. Pauli,1-0,/match/1-fc-koln/st-pauli/1996,1996,29,bundesliga,18,34,0,1,0,16,5,13,10,24,30,LDWWDWDDDWLDDWDLWDDDLDWWLLDW,3,7,4,13,12,14,8,9,11,38,43,WLLDLLWLDLDDWWWDLWDDWWLWDWDL,3,6,5,17,18,LWDDDLDDWDLWLD,LDLWDDWWLWDWDD
Werder Bremen,Stuttgart,2-2,/match/werder-bremen/stuttgart/1996,1996,29,bundesliga,18,34,1,2,2,7,8,13,7,30,32,DDWWWLDDDWDDDWLLWDWDWDLDWDWL,6,5,3,16,13,8,9,12,7,52,50,DDWDLWWLDWWDDDLWLLLWWDLDDDDL,4,7,3,28,29,DWWDDDDLLWWLWW,DDWLDWDLLLWDDD
Bayern München,Eintracht,1-1,/match/bayern-munchen/eintracht-frankfurt/1996,1996,29,bundesliga,18,34,1,1,1,2,18,3,7,57,35,WLWLWLWWLLWWDWDWLWLLWWWLWWDL,10,1,2,29,14,15,6,9,13,38,55,DDWWWWLWDWDWDWWWWDWWLDDWLWDL,0,5,9,11,34,WWWWLWWWLWWWD,DWWWWDDWWDWDWW
Hansa Rostock,1860 München,0-3,/match/hansa-rostock/1860-munchen/1996,1996,29,bundesliga,18,34,2,0,3,9,10,10,8,43,36,LLWDLDWLDDDDDWLWWWLLDWWWDDWL,5,5,3,20,14,5,9,10,9,43,40,WDWLWWDWDDWDWDLWWWLWWDWDDWDW,1,5,7,15,28,LWLWDDDWLDWDW,WWWDDWDWLWWDD
Schalke 04,Mönchengladbach,3-3,/match/schalke-04/borussia-monchengla/1996,1996,29,bundesliga,18,34,1,3,3,4,10,13,5,33,29,LLDDWDDLDDLWWDWWWDLWWLDDWDDD,6,6,2,21,12,3,14,6,8,44,41,WLDWLLWWLWLWWLWWWDDDDWLDLWWW,6,2,6,17,24,LDWDDLWWWDWDWD,LWLWLLWWWDDLLW
Hamburger SV,B. Leverkusen,2-2,/match/hamburger-sv/bayer-leverkusen/1996,1996,29,bundesliga,18,34,1,2,2,6,9,11,8,39,41,WDWDDDDDDLWLDLWWWWWDWWWWDWDL,5,9,0,22,12,13,7,12,9,30,27,LDDDLWWDDDDLLWLLWWWDWDDLWLDD,4,5,5,18,16,DDDDDWDWWWDWDD,LDLWDDLLWWWDWD
FC St. Pauli,Schalke 04,2-0,/match/st-pauli/schalke-04/1996,1996,30,bundesliga,18,34,0,2,0,15,8,9,12,38,44,WLLDLLWLDLDDWWWDLWDDWWLWDWDLW,5,3,6,21,25,4,10,14,5,36,32,LLDDWDDLDDLWWDWWWDLWWLDDWDDDD,4,7,3,12,17,WLLLLDWDDWLWWL,LDDLDWDWLWLDDD
Kaiserslautern,KFC Uerdingen 05,3-0,/match/kaiserslautern/kfc-uerdingen-05/1996,1996,30,bundesliga,18,34,0,3,0,17,4,15,10,24,35,DLLDWLDDDWWDDDLWWDDDWDWDLDWLD,2,9,4,14,16,18,3,11,15,28,46,DDWWDDWDWDWDDWLWLLWLWDDLDLWWW,0,5,9,5,16,LDLDWDDLWDDDDDL,DWDWWDWWWWDDWW
B. Dortmund,Hamburger SV,1-1,/match/borussia-dortmund/hamburger-sv/1996,1996,30,bundesliga,18,34,1,1,1,1,17,9,3,65,28,DDWWLWLWDWLWDWLWLDWLDWLWWDDDL,10,3,1,36,11,6,9,12,8,41,43,WDWDDDDDDLWLDLWWWWWDWWWWDWDLD,4,2,8,17,29,DWWWWWWWWLWWDD,WWDDLLLWWWWWWL
B. Leverkusen,Karlsruher SC,1-2,/match/bayer-leverkusen/karlsruher-sc/1996,1996,30,bundesliga,18,34,2,1,2,12,7,13,9,32,29,LDDDLWWDDDDLLWLLWWWDWDDLWLDDD,3,7,4,12,11,10,9,11,9,41,40,DLWWWWDLWDDDLWWDLDLDLLWWDLDLD,4,6,4,20,19,DDWDDLWLWDDLLD,DWWDDDWDLLWDLL
SC Freiburg,1860 München,1-0,/match/sc-freiburg/1860-munchen/1996,1996,30,bundesliga,18,34,0,1,0,14,9,8,12,25,36,WLWWWLDLDLDDWWLLLDDWLWLWWDDLW,5,3,6,14,17,5,10,10,9,46,40,WDWLWWDWDDWDWDLWWWLWWDWDDWDWL,2,5,7,18,28,LWLLLDWLDWWWDL,WWWDDWDWLWWDDL
Eintracht,Werder Bremen,1-0,/match/eintracht-frankfurt/werder-bremen/1996,1996,30,bundesliga,18,34,0,1,0,16,6,10,13,39,56,DDWWWWLWDWDWDWWWWDWWLDDWLWDLD,6,4,4,27,21,7,8,14,7,32,34,DDWWWLDDDWDDDWLLWDWDWDLDWDWLD,2,8,4,14,19,DWWLDWWWWLDLDL,DWLDWDWWDDDDDL
Stuttgart,Köln,0-1,/match/stuttgart/1-fc-koln/1996,1996,30,bundesliga,18,34,2,0,1,8,9,13,7,54,52,DDWDLWWLDWWDDDLWLLLWWDLDDDDLD,5,5,4,24,21,13,6,13,10,25,30,LDWWDWDDDWLDDWDLWDDDLDWWLLDWW,2,6,6,11,18,DWLWWDDWLWLDDL,DWWDWDWLDDDWLW
Bayern München,Hansa Rostock,0-1,/match/bayern-munchen/hansa-rostock/1996,1996,30,bundesliga,18,34,2,0,1,2,18,4,7,58,36,WLWLWLWWLLWWDWDWLWLLWWWLWWDLD,10,2,2,30,15,9,10,10,9,43,39,LLWDLDWLDDDDDWLWWWLLDWWWDDWLL,5,5,5,23,22,WWWWLWWWLWWWDD,LDDLDDWLWWLWWDL
Mönchengladbach,Fortuna,1-1,/match/borussia-monchengla/fortuna-dusseldorf/1996,1996,30,bundesliga,18,34,1,1,1,3,14,7,8,47,44,WLDWLLWWLWLWWLWWWDDDDWLDLWWWD,8,4,2,27,17,11,6,13,10,30,40,DDDDDWWWDWDWWWLWLDDWDWWLDDWDL,1,6,7,10,23,WDLWWWLWDDWDWW,DDWWWWWWDDWLDD
Hansa Rostock,SC Freiburg,1-0,/match/hansa-rostock/sc-freiburg/1996,1996,31,bundesliga,18,34,0,1,0,8,11,10,9,44,39,LLWDLDWLDDDDDWLWWWLLDWWWDDWLLL,5,5,4,20,17,12,10,8,12,26,36,WLWWWLDLDLDDWWLLLDDWLWLWWDDLWW,4,5,6,11,19,LWLWDDDWLDWDWL,WWWDDDWLLDLLWDW
KFC Uerdingen 05,B. Leverkusen,3-0,/match/kfc-uerdingen-05/bayer-leverkusen/1996,1996,31,bundesliga,18,34,0,3,0,18,3,11,16,28,49,DDWWDDWDWDWDDWLWLLWLWDDLDLWWWW,3,6,6,23,30,16,7,13,10,33,31,LDDDLWWDDDDLLWLLWWWDWDDLWLDDDL,4,6,5,20,18,DWDDDWDLLLLDLLW,LDLWDDLLWWWDWDD
Schalke 04,Stuttgart,2-0,/match/schalke-04/stuttgart/1996,1996,31,bundesliga,18,34,0,2,0,4,10,14,6,36,34,LLDDWDDLDDLWWDWWWDLWWLDDWDDDDW,6,7,2,24,15,10,9,13,8,54,53,DDWDLWWLDWWDDDLWLLLWWDLDDDDLDL,4,8,3,30,31,LDWDDLWWWDWDWDD,DDWLDWDLLLWDDDD
Karlsruher SC,B. Dortmund,5-0,/match/karlsruher-sc/borussia-dortmund/1996,1996,31,bundesliga,18,34,0,5,0,9,10,11,9,43,41,DLWWWWDLWDDDLWWDLDLDLLWWDLDLDL,5,5,5,21,21,1,17,10,3,66,29,DDWWLWLWDWLWDWLWLDWLDWLWWDDDLD,7,6,2,29,17,LWWLWDLWLDDLWDD,DWLLDLDLLDDLWDL
Köln,Eintracht,3-0,/match/1-fc-koln/eintracht-frankfurt/1996,1996,31,bundesliga,18,34,0,3,0,13,7,13,10,26,30,LDWWDWDDDWLDDWDLWDDDLDWWLLDWWL,4,7,4,14,12,15,7,10,13,40,56,DDWWWWLWDWDWDWWWWDWWLDDWLWDLDW,0,6,9,12,35,LWDDDLDDWDLWLDW,DWWWWDDWWDWDWWD
Fortuna,FC St. Pauli,2-0,/match/fortuna-dusseldorf/st-pauli/1996,1996,31,bundesliga,18,34,0,2,0,11,6,14,10,31,41,DDDDDWWWDWDWWWLWLDDWDWWLDDWDLD,5,7,3,20,17,14,9,9,12,40,44,WLLDLLWLDLDDWWWDLWDDWWLWDWDLWW,3,6,6,17,19,DDDWDDWLLDWWDWL,LDLWDDWWLWDWDDW
Hamburger SV,Mönchengladbach,2-1,/match/hamburger-sv/borussia-monchengla/1996,1996,31,bundesliga,18,34,0,2,1,6,9,13,8,42,44,WDWDDDDDDLWLDLWWWWWDWWWWDWDLDD,5,10,0,24,14,3,14,8,8,48,45,WLDWLLWWLWLWWLWWWDDDDWLDLWWWDD,6,3,6,20,27,DDDDDWDWWWDWDDD,LWLWLLWWWDDLLWD
Werder Bremen,Bayern München,3-2,/match/werder-bremen/bayern-munchen/1996,1996,31,bundesliga,18,34,0,3,2,7,8,14,8,32,35,DDWWWLDDDWDDDWLLWDWDWDLDWDWLDW,6,6,3,18,15,2,18,4,8,58,37,WLWLWLWWLLWWDWDWLWLLWWWLWWDLDL,8,2,5,28,21,DWWDDDDLLWWLWWD,LLLWLWDDLWLWLWL
1860 München,Kaiserslautern,1-1,/match/1860-munchen/kaiserslautern/1996,1996,31,bundesliga,18,34,1,1,1,5,10,10,10,46,41,WDWLWWDWDDWDWDLWWWLWWDWDDWDWLW,8,5,2,28,12,17,5,15,10,27,35,DLLDWLDDDWWDDDLWWDDDWDWDLDWLDW,2,6,6,10,19,DLWWDDWLWWWDDWW,DLWDDWDWDWWLWD
B. Dortmund,KFC Uerdingen 05,5-0,/match/borussia-dortmund/kfc-uerdingen-05/1996,1996,32,bundesliga,18,34,0,5,0,1,17,10,4,66,34,DDWWLWLWDWLWDWLWLDWLDWLWWDDDLDW,10,4,1,37,12,18,4,11,16,31,49,DDWWDDWDWDWDDWLWLLWLWDDLDLWWWWW,0,5,10,5,19,DWWWWWWWWLWWDDD,DWDWWDWWWWDDWWW
SC Freiburg,Kaiserslautern,0-0,/match/sc-freiburg/kaiserslautern/1996,1996,32,bundesliga,18,34,1,0,0,13,10,8,13,26,37,WLWWWLDLDLDDWWLLLDDWLWLWWDDLWWW,6,3,6,15,17,16,5,16,10,28,36,DLLDWLDDDWWDDDLWWDDDWDWDLDWLDWD,2,7,6,11,20,LWLLLDWLDWWWDLW,DLWDDWDWDWWLWDD
Bayern München,Köln,3-2,/match/bayern-munchen/1-fc-koln/1996,1996,32,bundesliga,18,34,0,3,2,2,18,4,9,60,40,WLWLWLWWLLWWDWDWLWLLWWWLWWDLDLW,10,2,3,30,16,11,8,13,10,29,30,LDWWDWDDDWLDDWDLWDDDLDWWLLDWWLW,3,6,6,12,18,WWWWLWWWLWWWDDL,DWWDWDWLDDDWLWL
Hansa Rostock,Werder Bremen,2-1,/match/hansa-rostock/werder-bremen/1996,1996,32,bundesliga,18,34,0,2,1,8,12,10,9,45,39,LLWDLDWLDDDDDWLWWWLLDWWWDDWLLLW,6,5,4,21,17,7,9,14,8,35,37,DDWWWLDDDWDDDWLLWDWDWDLDWDWLDWW,2,8,5,14,20,LWLWDDDWLDWDWLW,DWLDWDWWDDDDDLW
B. Leverkusen,1860 München,2-1,/match/bayer-leverkusen/1860-munchen/1996,1996,32,bundesliga,18,34,0,2,1,17,7,13,11,33,34,LDDDLWWDDDDLLWLLWWWDWDDLWLDDDLW,3,7,5,13,13,6,10,11,10,47,42,WDWLWWDWDDWDWDLWWWLWWDWDDWDWLWD,2,5,8,18,29,DDWDDLWLWDDLLDL,WWWDDWDWLWWDDLW
Mönchengladbach,Karlsruher SC,1-2,/match/borussia-monchengla/karlsruher-sc/1996,1996,32,bundesliga,18,34,2,1,2,3,14,8,9,49,47,WLDWLLWWLWLWWLWWWDDDDWLDLWWWDDW,8,5,2,28,18,9,11,11,9,48,41,DLWWWWDLWDDDLWWDLDLDLLWWDLDLDLW,5,6,4,22,20,WDLWWWLWDDWDWWD,DWWDDDWDLLWDLLL
Stuttgart,Fortuna,2-3,/match/stuttgart/fortuna-dusseldorf/1996,1996,32,bundesliga,18,34,2,2,3,12,9,13,9,54,55,DDWDLWWLDWWDDDLWLLLWWDLDDDDLDLW,5,5,5,24,22,10,7,14,10,33,41,DDDDDWWWDWDWWWLWLDDWDWWLDDWDLDW,1,7,7,11,24,DWLWWDDWLWLDDLL,DDWWWWWWDDWLDDD
Eintracht,Schalke 04,0-3,/match/eintracht-frankfurt/schalke-04/1996,1996,32,bundesliga,18,34,2,0,3,15,7,10,14,40,59,DDWWWWLWDWDWDWWWWDWWLDDWLWDLDWW,7,4,4,28,21,4,11,14,6,38,34,LLDDWDDLDDLWWDWWWDLWWLDDWDDDDWW,4,7,4,12,19,DWWLDWWWWLDLDLW,LDDLDWDWLWLDDDW
FC St. Pauli,Hamburger SV,1-1,/match/st-pauli/hamburger-sv/1996,1996,32,bundesliga,18,34,1,1,1,14,9,9,13,40,46,WLLDLLWLDLDDWWWDLWDDWWLWDWDLWWW,6,3,6,23,25,5,10,13,8,44,45,WDWDDDDDDLWLDLWWWWWDWWWWDWDLDDW,4,3,8,18,30,WLLLLDWDDWLWWLW,WWDDLLLWWWWWWLD
SC Freiburg,B. Leverkusen,2-1,/match/sc-freiburg/bayer-leverkusen/1996,1996,33,bundesliga,18,34,0,2,1,13,10,9,13,26,37,WLWWWLDLDLDDWWLLLDDWLWLWWDDLWWWD,6,4,6,15,17,15,8,13,11,35,35,LDDDLWWDDDDLLWLLWWWDWDDLWLDDDLWW,4,6,6,20,21,LWLLLDWLDWWWDLWD,LDLWDDLLWWWDWDDW
Köln,Werder Bremen,1-2,/match/1-fc-koln/werder-bremen/1996,1996,33,bundesliga,18,34,2,1,2,11,8,13,11,31,33,LDWWDWDDDWLDDWDLWDDDLDWWLLDWWLWW,5,7,4,17,12,8,9,14,9,36,39,DDWWWLDDDWDDDWLLWDWDWDLDWDWLDWWW,2,8,6,15,22,LWDDDLDDWDLWLDWW,DWLDWDWWDDDDDLWW
Schalke 04,Bayern München,2-1,/match/schalke-04/bayern-munchen/1996,1996,33,bundesliga,18,34,0,2,1,3,12,14,6,41,34,LLDDWDDLDDLWWDWWWDLWWLDDWDDDDWWL,7,7,2,26,15,2,19,4,9,63,42,WLWLWLWWLLWWDWDWLWLLWWWLWWDLDLWW,8,2,6,30,24,LDWDDLWWWDWDWDDW,LLLWLWDDLWLWLWLW
Fortuna,Eintracht,2-2,/match/fortuna-dusseldorf/eintracht-frankfurt/1996,1996,33,bundesliga,18,34,1,2,2,10,8,14,10,36,43,DDDDDWWWDWDWWWLWLDDWDWWLDDWDLDWL,6,7,3,22,17,16,7,10,15,40,62,DDWWWWLWDWDWDWWWWDWWLDDWLWDLDWWL,0,6,10,12,38,DDDWDDWLLDWWDWLW,DWWWWDDWWDWDWWDW
Hamburger SV,Stuttgart,3-0,/match/hamburger-sv/stuttgart/1996,1996,33,bundesliga,18,34,0,3,0,5,10,14,8,45,46,WDWDDDDDDLWLDLWWWWWDWWWWDWDLDDWD,6,10,0,26,15,12,9,13,10,56,58,DDWDLWWLDWWDDDLWLLLWWDLDDDDLDLWL,4,8,4,30,33,DDDDDWDWWWDWDDDW,DDWLDWDLLLWDDDDW
Karlsruher SC,FC St. Pauli,2-2,/match/karlsruher-sc/st-pauli/1996,1996,33,bundesliga,18,34,1,2,2,9,12,11,9,50,42,DLWWWWDLWDDDLWWDLDLDLLWWDLDLDLWL,6,5,5,26,21,14,9,10,13,41,47,WLLDLLWLDLDDWWWDLWDDWWLWDWDLWWWD,3,6,7,17,21,LWWLWDLWLDDLWDDW,LDLWDDWWLWDWDDWW
KFC Uerdingen 05,Mönchengladbach,0-2,/match/kfc-uerdingen-05/borussia-monchengla/1996,1996,33,bundesliga,18,34,2,0,2,18,4,11,17,31,54,DDWWDDWDWDWDDWLWLLWLWDDLDLWWWWWW,4,6,6,26,30,4,14,8,10,50,49,WLDWLLWWLWLWWLWWWDDDDWLDLWWWDDWL,6,3,7,21,29,DWDDDWDLLLLDLLWW,LWLWLLWWWDDLLWDW
1860 München,B. Dortmund,2-2,/match/1860-munchen/borussia-dortmund/1996,1996,33,bundesliga,18,34,1,2,2,7,10,11,11,48,44,WDWLWWDWDDWDWDLWWWLWWDWDDWDWLWDW,8,6,2,29,13,1,18,10,4,71,34,DDWWLWLWDWLWDWLWLDWLDWLWWDDDLDWW,7,6,3,29,22,DLWWDDWLWWWDDWWD,DWLLDLDLLDDLWDLW
Kaiserslautern,Hansa Rostock,2-0,/match/kaiserslautern/hansa-rostock/1996,1996,33,bundesliga,18,34,0,2,0,17,5,17,10,28,36,DLLDWLDDDWWDDDLWWDDDWDWDLDWLDWDD,3,9,4,17,16,6,13,10,9,47,40,LLWDLDWLDDDDDWLWWWLLDWWWDDWLLLWW,6,5,5,24,22,LDLDWDDLWDDDDDLW,LDDLDDWLWWLWWDLL
Hansa Rostock,Köln,0-1,/match/hansa-rostock/1-fc-koln/1996,1996,34,bundesliga,18,34,2,0,1,6,13,10,10,47,42,LLWDLDWLDDDDDWLWWWLLDWWWDDWLLLWWW,7,5,4,23,18,12,8,13,12,32,35,LDWWDWDDDWLDDWDLWDDDLDWWLLDWWLWWL,3,6,7,14,21,LWLWDDDWLDWDWLWW,DWWDWDWLDDDWLWLW
B. Dortmund,SC Freiburg,3-2,/match/borussia-dortmund/sc-freiburg/1996,1996,34,bundesliga,18,34,0,3,2,1,18,11,4,73,36,DDWWLWLWDWLWDWLWLDWLDWLWWDDDLDWWD,11,4,1,42,12,11,11,9,13,28,38,WLWWWLDLDLDDWWLLLDDWLWLWWDDLWWWDW,4,5,7,11,20,DWWWWWWWWLWWDDDW,WWWDDDWLLDLLWDWW
Mönchengladbach,1860 München,0-2,/match/borussia-monchengla/1860-munchen/1996,1996,34,bundesliga,18,34,2,0,2,5,15,8,10,52,49,WLDWLLWWLWLWWLWWWDDDDWLDLWWWDDWLL,8,5,3,29,20,7,10,12,11,50,46,WDWLWWDWDDWDWDLWWWLWWDWDDWDWLWDWD,2,5,9,19,31,WDLWWWLWDDWDWWDL,WWWDDWDWLWWDDLWW
FC St. Pauli,KFC Uerdingen 05,0-2,/match/st-pauli/kfc-uerdingen-05/1996,1996,34,bundesliga,18,34,2,0,2,15,9,11,13,43,49,WLLDLLWLDLDDWWWDLWDDWWLWDWDLWWWDD,6,4,6,24,26,18,4,11,18,31,56,DDWWDDWDWDWDDWLWLLWLWDDLDLWWWWWWL,0,5,11,5,24,WLLLLDWDDWLWWLWD,DWDWWDWWWWDDWWWW
Stuttgart,Karlsruher SC,3-1,/match/stuttgart/karlsruher-sc/1996,1996,34,bundesliga,18,34,0,3,1,13,9,13,11,56,61,DDWDLWWLDWWDDDLWLLLWWDLDDDDLDLWLW,5,5,6,26,25,9,12,12,9,52,44,DLWWWWDLWDDDLWWDLDLDLLWWDLDLDLWLD,6,6,4,24,21,DWLWWDDWLWLDDLLL,DWWDDDWDLLWDLLLL
Eintracht,Hamburger SV,1-4,/match/eintracht-frankfurt/hamburger-sv/1996,1996,34,bundesliga,18,34,2,1,4,17,7,11,15,42,64,DDWWWWLWDWDWDWWWWDWWLDDWLWDLDWWLD,7,4,5,28,24,4,11,14,8,48,46,WDWDDDDDDLWLDLWWWWWDWWWWDWDLDDWDW,4,4,8,19,31,DWWLDWWWWLDLDLWL,WWDDLLLWWWWWWLDD
Bayern München,Fortuna,2-2,/match/bayern-munchen/fortuna-dusseldorf/1996,1996,34,bundesliga,18,34,1,2,2,2,19,4,10,64,44,WLWLWLWWLLWWDWDWLWLLWWWLWWDLDLWWW,11,2,3,33,18,10,8,15,10,38,45,DDDDDWWWDWDWWWLWLDDWDWWLDDWDLDWLD,2,7,7,14,26,WWWWLWWWLWWWDDLW,DDWWWWWWDDWLDDDL
Werder Bremen,Schalke 04,1-2,/match/werder-bremen/schalke-04/1996,1996,34,bundesliga,18,34,2,1,2,8,10,14,9,38,40,DDWWWLDDDWDDDWLLWDWDWDLDWDWLDWWWL,7,6,3,21,17,3,13,14,6,43,35,LLDDWDDLDDLWWDWWWDLWWLDDWDDDDWWLW,5,7,4,15,19,DWWDDDDLLWWLWWDW,LDDLDWDWLWLDDDWL
B. Leverkusen,Kaiserslautern,1-1,/match/bayer-leverkusen/kaiserslautern/1996,1996,34,bundesliga,18,34,1,1,1,16,8,13,12,36,37,LDDDLWWDDDDLLWLLWWWDWDDLWLDDDLWWW,4,7,5,15,14,14,6,17,10,30,36,DLLDWLDDDWWDDDLWWDDDWDWDLDWLDWDDW,2,8,6,11,20,DDWDDLWLWDDLLDLW,DLWDDWDWDWWLWDDD
