Position,Team,Points,Win,Draw,Lose,Goals_For,Goals_Against,Number_Teams,Year,Round,League
1,Man. Utd,3,1,0,0,4,1,20,1990,1,premier_league
2,Liverpool,3,1,0,0,3,1,20,1990,1,premier_league
3,Norwich City,3,1,0,0,2,0,20,1990,1,premier_league
4,Queens Park Range.,3,1,0,0,2,0,20,1990,1,premier_league
5,Coventry City,3,1,0,0,2,0,20,1990,1,premier_league
6,Tottenham Hotspur,3,1,0,0,2,1,20,1990,1,premier_league
7,Millwall,3,1,0,0,2,1,20,1990,1,premier_league
8,Chelsea,3,1,0,0,1,0,20,1990,1,premier_league
9,Nottingham Forest,1,0,1,0,1,1,20,1990,1,premier_league
10,Aston Villa,1,0,1,0,1,1,20,1990,1,premier_league
11,Derby County,1,0,1,0,0,0,20,1990,1,premier_league
12,Charlton Athletic,1,0,1,0,0,0,20,1990,1,premier_league
13,Southampton,0,0,0,1,1,2,20,1990,1,premier_league
14,Luton Town,0,0,0,1,1,2,20,1990,1,premier_league
15,Wimbledon FC,0,0,0,1,0,1,20,1990,1,premier_league
16,Man. City,0,0,0,1,1,3,20,1990,1,premier_league
17,Crystal Palace,0,0,0,1,0,2,20,1990,1,premier_league
18,Sheffield,0,0,0,1,0,2,20,1990,1,premier_league
19,Everton,0,0,0,1,0,2,20,1990,1,premier_league
20,Arsenal,0,0,0,1,1,4,20,1990,1,premier_league
1,Man. Utd,4,1,1,0,5,2,20,1990,2,premier_league
2,Liverpool,4,1,1,0,4,2,20,1990,2,premier_league
3,Queens Park Range.,4,1,1,0,3,1,20,1990,2,premier_league
4,Norwich City,4,1,1,0,3,1,20,1990,2,premier_league
5,Millwall,4,1,1,0,4,3,20,1990,2,premier_league
6,Chelsea,4,1,1,0,2,1,20,1990,2,premier_league
7,Luton Town,3,1,0,1,3,2,20,1990,2,premier_league
8,Tottenham Hotspur,3,1,0,1,3,3,20,1990,2,premier_league
9,Southampton,3,1,0,1,3,3,20,1990,2,premier_league
10,Coventry City,3,1,0,1,2,2,20,1990,2,premier_league
11,Arsenal,3,1,0,1,3,4,20,1990,2,premier_league
12,Everton,3,1,0,1,2,3,20,1990,2,premier_league
13,Nottingham Forest,2,0,2,0,2,2,20,1990,2,premier_league
14,Aston Villa,2,0,2,0,2,2,20,1990,2,premier_league
15,Charlton Athletic,2,0,2,0,2,2,20,1990,2,premier_league
16,Derby County,2,0,2,0,1,1,20,1990,2,premier_league
17,Wimbledon FC,1,0,1,1,1,2,20,1990,2,premier_league
18,Crystal Palace,1,0,1,1,1,3,20,1990,2,premier_league
19,Man. City,0,0,0,2,2,5,20,1990,2,premier_league
20,Sheffield,0,0,0,2,0,4,20,1990,2,premier_league
1,Chelsea,7,2,1,0,6,1,20,1990,3,premier_league
2,Millwall,7,2,1,0,5,3,20,1990,3,premier_league
3,Everton,6,2,0,1,5,3,20,1990,3,premier_league
4,Coventry City,6,2,0,1,3,2,20,1990,3,premier_league
5,Liverpool,5,1,2,0,4,2,20,1990,3,premier_league
6,Queens Park Range.,5,1,2,0,3,1,20,1990,3,premier_league
7,Norwich City,5,1,2,0,3,1,20,1990,3,premier_league
8,Derby County,5,1,2,0,3,1,20,1990,3,premier_league
9,Man. Utd,4,1,1,1,5,4,20,1990,3,premier_league
10,Luton Town,4,1,1,1,3,2,20,1990,3,premier_league
11,Tottenham Hotspur,4,1,1,1,4,4,20,1990,3,premier_league
12,Arsenal,4,1,1,1,3,4,20,1990,3,premier_league
13,Aston Villa,3,0,3,0,3,3,20,1990,3,premier_league
14,Charlton Athletic,3,0,3,0,3,3,20,1990,3,premier_league
15,Southampton,3,1,0,2,3,6,20,1990,3,premier_league
16,Nottingham Forest,2,0,2,1,2,3,20,1990,3,premier_league
17,Wimbledon FC,2,0,2,1,1,2,20,1990,3,premier_league
18,Man. City,1,0,1,2,3,6,20,1990,3,premier_league
19,Crystal Palace,1,0,1,2,1,4,20,1990,3,premier_league
20,Sheffield,0,0,0,3,0,8,20,1990,3,premier_league
1,Coventry City,9,3,0,1,5,3,20,1990,4,premier_league
2,Liverpool,8,2,2,0,13,2,20,1990,4,premier_league
3,Norwich City,8,2,2,0,5,1,20,1990,4,premier_league
4,Millwall,8,2,2,0,7,5,20,1990,4,premier_league
5,Chelsea,7,2,1,1,6,4,20,1990,4,premier_league
6,Everton,7,2,1,1,6,4,20,1990,4,premier_league
7,Tottenham Hotspur,7,2,1,1,6,5,20,1990,4,premier_league
8,Charlton Athletic,6,1,3,0,6,3,20,1990,4,premier_league
9,Queens Park Range.,6,1,3,0,3,1,20,1990,4,premier_league
10,Southampton,6,2,0,2,5,7,20,1990,4,premier_league
11,Derby County,5,1,2,1,4,3,20,1990,4,premier_league
12,Luton Town,5,1,2,1,3,2,20,1990,4,premier_league
13,Nottingham Forest,5,1,2,1,4,4,20,1990,4,premier_league
14,Man. Utd,4,1,1,2,5,6,20,1990,4,premier_league
15,Arsenal,4,1,1,2,4,6,20,1990,4,premier_league
16,Aston Villa,3,0,3,1,4,5,20,1990,4,premier_league
17,Wimbledon FC,3,0,3,1,3,4,20,1990,4,premier_league
18,Man. City,1,0,1,3,4,8,20,1990,4,premier_league
19,Sheffield,1,0,1,3,1,9,20,1990,4,premier_league
20,Crystal Palace,1,0,1,3,1,13,20,1990,4,premier_league
1,Liverpool,11,3,2,0,16,2,20,1990,5,premier_league
2,Millwall,11,3,2,0,11,6,20,1990,5,premier_league
3,Everton,10,3,1,1,9,6,20,1990,5,premier_league
4,Norwich City,9,2,3,0,9,5,20,1990,5,premier_league
5,Coventry City,9,3,0,2,6,7,20,1990,5,premier_league
6,Chelsea,8,2,2,1,8,6,20,1990,5,premier_league
7,Luton Town,8,2,2,1,4,2,20,1990,5,premier_league
8,Arsenal,7,2,1,2,9,6,20,1990,5,premier_league
9,Tottenham Hotspur,7,2,1,2,6,7,20,1990,5,premier_league
10,Southampton,7,2,1,2,9,11,20,1990,5,premier_league
11,Charlton Athletic,6,1,3,1,6,4,20,1990,5,premier_league
12,Aston Villa,6,1,3,1,6,5,20,1990,5,premier_league
13,Queens Park Range.,6,1,3,1,3,2,20,1990,5,premier_league
14,Nottingham Forest,6,1,3,1,6,6,20,1990,5,premier_league
15,Derby County,5,1,2,2,4,6,20,1990,5,premier_league
16,Man. Utd,4,1,1,3,7,9,20,1990,5,premier_league
17,Man. City,4,1,1,3,5,8,20,1990,5,premier_league
18,Crystal Palace,4,1,1,3,3,13,20,1990,5,premier_league
19,Wimbledon FC,3,0,3,2,3,6,20,1990,5,premier_league
20,Sheffield,1,0,1,4,1,14,20,1990,5,premier_league
1,Everton,13,4,1,1,10,6,20,1990,6,premier_league
2,Liverpool,12,3,3,0,16,2,20,1990,6,premier_league
3,Coventry City,12,4,0,2,7,7,20,1990,6,premier_league
4,Chelsea,11,3,2,1,12,7,20,1990,6,premier_league
5,Millwall,11,3,2,1,12,11,20,1990,6,premier_league
6,Arsenal,10,3,1,2,11,7,20,1990,6,premier_league
7,Norwich City,10,2,4,0,9,5,20,1990,6,premier_league
8,Luton Town,8,2,2,2,4,3,20,1990,6,premier_league
9,Derby County,8,2,2,2,5,6,20,1990,6,premier_league
10,Southampton,8,2,2,2,10,12,20,1990,6,premier_league
11,Man. Utd,7,2,1,3,12,10,20,1990,6,premier_league
12,Tottenham Hotspur,7,2,1,3,7,11,20,1990,6,premier_league
13,Charlton Athletic,6,1,3,2,6,5,20,1990,6,premier_league
14,Aston Villa,6,1,3,2,6,6,20,1990,6,premier_league
15,Queens Park Range.,6,1,3,2,3,3,20,1990,6,premier_league
16,Nottingham Forest,6,1,3,2,7,8,20,1990,6,premier_league
17,Wimbledon FC,6,1,3,2,4,6,20,1990,6,premier_league
18,Crystal Palace,5,1,2,3,4,14,20,1990,6,premier_league
19,Man. City,4,1,1,4,5,9,20,1990,6,premier_league
20,Sheffield,4,1,1,4,2,14,20,1990,6,premier_league
1,Liverpool,15,4,3,0,19,3,20,1990,7,premier_league
2,Chelsea,14,4,2,1,13,7,20,1990,7,premier_league
3,Millwall,14,4,2,1,14,11,20,1990,7,premier_league
4,Arsenal,13,4,1,2,12,7,20,1990,7,premier_league
5,Everton,13,4,1,2,11,9,20,1990,7,premier_league
6,Coventry City,12,4,0,3,7,8,20,1990,7,premier_league
7,Norwich City,11,2,5,0,11,7,20,1990,7,premier_league
8,Southampton,11,3,2,2,11,12,20,1990,7,premier_league
9,Queens Park Range.,9,2,3,2,6,4,20,1990,7,premier_league
10,Luton Town,9,2,3,2,5,4,20,1990,7,premier_league
11,Derby County,8,2,2,3,5,7,20,1990,7,premier_league
12,Tottenham Hotspur,8,2,2,3,9,13,20,1990,7,premier_league
13,Crystal Palace,8,2,2,3,5,14,20,1990,7,premier_league
14,Man. City,7,2,1,4,10,10,20,1990,7,premier_league
15,Man. Utd,7,2,1,4,13,15,20,1990,7,premier_league
16,Wimbledon FC,7,1,4,2,5,7,20,1990,7,premier_league
17,Charlton Athletic,6,1,3,3,6,6,20,1990,7,premier_league
18,Aston Villa,6,1,3,3,7,9,20,1990,7,premier_league
19,Nottingham Forest,6,1,3,3,7,9,20,1990,7,premier_league
20,Sheffield,4,1,1,5,2,16,20,1990,7,premier_league
1,Liverpool,16,4,4,0,19,3,20,1990,8,premier_league
2,Chelsea,15,4,3,1,13,7,20,1990,8,premier_league
3,Arsenal,14,4,2,2,12,7,20,1990,8,premier_league
4,Norwich City,14,3,5,0,12,7,20,1990,8,premier_league
5,Millwall,14,4,2,2,14,12,20,1990,8,premier_league
6,Everton,13,4,1,3,12,11,20,1990,8,premier_league
7,Coventry City,13,4,1,3,7,8,20,1990,8,premier_league
8,Southampton,12,3,3,2,13,14,20,1990,8,premier_league
9,Tottenham Hotspur,11,3,2,3,12,15,20,1990,8,premier_league
10,Crystal Palace,11,3,2,3,7,15,20,1990,8,premier_league
11,Man. City,10,3,1,4,13,11,20,1990,8,premier_league
12,Queens Park Range.,9,2,3,3,8,7,20,1990,8,premier_league
13,Nottingham Forest,9,2,3,3,9,9,20,1990,8,premier_league
14,Aston Villa,9,2,3,3,8,9,20,1990,8,premier_league
15,Luton Town,9,2,3,3,6,7,20,1990,8,premier_league
16,Man. Utd,8,2,2,4,13,15,20,1990,8,premier_league
17,Wimbledon FC,8,1,5,2,7,9,20,1990,8,premier_league
18,Derby County,8,2,2,4,5,8,20,1990,8,premier_league
19,Charlton Athletic,6,1,3,4,6,8,20,1990,8,premier_league
20,Sheffield,5,1,2,5,2,16,20,1990,8,premier_league
1,Liverpool,19,5,4,0,21,4,20,1990,9,premier_league
2,Arsenal,17,5,2,2,16,7,20,1990,9,premier_league
3,Norwich City,17,4,5,0,14,7,20,1990,9,premier_league
4,Everton,16,5,1,3,14,12,20,1990,9,premier_league
5,Chelsea,15,4,3,2,13,9,20,1990,9,premier_league
6,Southampton,15,4,3,2,17,15,20,1990,9,premier_league
7,Millwall,14,4,2,3,15,14,20,1990,9,premier_league
8,Tottenham Hotspur,14,4,2,3,15,16,20,1990,9,premier_league
9,Coventry City,13,4,1,4,7,10,20,1990,9,premier_league
10,Nottingham Forest,12,3,3,3,11,9,20,1990,9,premier_league
11,Aston Villa,12,3,3,3,9,9,20,1990,9,premier_league
12,Derby County,11,3,2,4,8,9,20,1990,9,premier_league
13,Crystal Palace,11,3,2,4,8,18,20,1990,9,premier_league
14,Man. City,10,3,1,5,13,15,20,1990,9,premier_league
15,Man. Utd,9,2,3,4,13,15,20,1990,9,premier_league
16,Queens Park Range.,9,2,3,4,9,11,20,1990,9,premier_league
17,Luton Town,9,2,3,4,6,8,20,1990,9,premier_league
18,Wimbledon FC,8,1,5,3,8,11,20,1990,9,premier_league
19,Charlton Athletic,6,1,3,5,7,11,20,1990,9,premier_league
20,Sheffield,6,1,3,5,2,16,20,1990,9,premier_league
1,Liverpool,19,5,4,1,22,8,20,1990,10,premier_league
2,Everton,19,6,1,3,17,12,20,1990,10,premier_league
3,Southampton,18,5,3,2,21,16,20,1990,10,premier_league
4,Chelsea,18,5,3,2,14,9,20,1990,10,premier_league
5,Arsenal,17,5,2,3,16,10,20,1990,10,premier_league
6,Norwich City,17,4,5,1,15,11,20,1990,10,premier_league
7,Tottenham Hotspur,17,5,2,3,18,16,20,1990,10,premier_league
8,Nottingham Forest,15,4,3,3,14,10,20,1990,10,premier_league
9,Aston Villa,15,4,3,3,11,9,20,1990,10,premier_league
10,Millwall,14,4,2,4,18,18,20,1990,10,premier_league
11,Crystal Palace,14,4,2,4,12,21,20,1990,10,premier_league
12,Coventry City,13,4,1,5,8,14,20,1990,10,premier_league
13,Man. Utd,12,3,3,4,17,16,20,1990,10,premier_league
14,Luton Town,12,3,3,4,10,9,20,1990,10,premier_league
15,Derby County,11,3,2,5,8,10,20,1990,10,premier_league
16,Man. City,10,3,1,6,13,17,20,1990,10,premier_league
17,Queens Park Range.,9,2,3,5,9,12,20,1990,10,premier_league
18,Charlton Athletic,9,2,3,5,8,11,20,1990,10,premier_league
19,Wimbledon FC,8,1,5,4,9,14,20,1990,10,premier_league
20,Sheffield,6,1,3,6,2,19,20,1990,10,premier_league
1,Liverpool,22,6,4,1,23,8,20,1990,11,premier_league
2,Everton,20,6,2,3,18,13,20,1990,11,premier_league
3,Chelsea,19,5,4,2,15,10,20,1990,11,premier_league
4,Arsenal,18,5,3,3,17,11,20,1990,11,premier_league
5,Southampton,18,5,3,3,22,18,20,1990,11,premier_league
6,Norwich City,18,4,6,1,16,12,20,1990,11,premier_league
7,Aston Villa,18,5,3,3,13,10,20,1990,11,premier_league
8,Tottenham Hotspur,17,5,2,4,18,17,20,1990,11,premier_league
9,Nottingham Forest,16,4,4,3,16,12,20,1990,11,premier_league
10,Man. Utd,15,4,3,4,19,17,20,1990,11,premier_league
11,Millwall,15,4,3,4,19,19,20,1990,11,premier_league
12,Coventry City,14,4,2,5,9,15,20,1990,11,premier_league
13,Crystal Palace,14,4,2,5,13,23,20,1990,11,premier_league
14,Luton Town,13,3,4,4,11,10,20,1990,11,premier_league
15,Derby County,12,3,3,5,9,11,20,1990,11,premier_league
16,Man. City,11,3,2,6,14,18,20,1990,11,premier_league
17,Wimbledon FC,11,2,5,4,10,14,20,1990,11,premier_league
18,Queens Park Range.,10,2,4,5,11,14,20,1990,11,premier_league
19,Charlton Athletic,10,2,4,5,9,12,20,1990,11,premier_league
20,Sheffield,6,1,3,7,2,20,20,1990,11,premier_league
1,Liverpool,22,6,4,2,23,9,20,1990,12,premier_league
2,Chelsea,22,6,4,2,19,10,20,1990,12,premier_league
3,Arsenal,21,6,3,3,21,14,20,1990,12,premier_league
4,Aston Villa,21,6,3,3,19,12,20,1990,12,premier_league
5,Everton,20,6,2,4,20,19,20,1990,12,premier_league
6,Southampton,19,5,4,3,23,19,20,1990,12,premier_league
7,Norwich City,18,4,6,2,19,16,20,1990,12,premier_league
8,Tottenham Hotspur,18,5,3,4,19,18,20,1990,12,premier_league
9,Coventry City,17,5,2,5,10,15,20,1990,12,premier_league
10,Nottingham Forest,16,4,4,4,16,13,20,1990,12,premier_league
11,Luton Town,16,4,4,4,12,10,20,1990,12,premier_league
12,Man. Utd,15,4,3,5,19,19,20,1990,12,premier_league
13,Millwall,15,4,3,5,19,23,20,1990,12,premier_league
14,Man. City,14,4,2,6,17,18,20,1990,12,premier_league
15,Crystal Palace,14,4,2,6,13,26,20,1990,12,premier_league
16,Charlton Athletic,13,3,4,5,11,12,20,1990,12,premier_league
17,Derby County,12,3,3,6,9,12,20,1990,12,premier_league
18,Wimbledon FC,12,2,6,4,10,14,20,1990,12,premier_league
19,Queens Park Range.,11,2,5,5,11,14,20,1990,12,premier_league
20,Sheffield,9,2,3,7,3,20,20,1990,12,premier_league
1,Chelsea,25,7,4,2,20,10,20,1990,13,premier_league
2,Arsenal,24,7,3,3,23,15,20,1990,13,premier_league
3,Liverpool,22,6,4,3,25,12,20,1990,13,premier_league
4,Norwich City,21,5,6,2,21,16,20,1990,13,premier_league
5,Aston Villa,21,6,3,4,19,14,20,1990,13,premier_league
6,Everton,20,6,2,5,20,20,20,1990,13,premier_league
7,Coventry City,20,6,2,5,11,15,20,1990,13,premier_league
8,Southampton,19,5,4,4,23,20,20,1990,13,premier_league
9,Man. Utd,18,5,3,5,20,19,20,1990,13,premier_league
10,Tottenham Hotspur,18,5,3,5,19,19,20,1990,13,premier_league
11,Luton Town,17,4,5,4,13,11,20,1990,13,premier_league
12,Nottingham Forest,16,4,4,5,16,14,20,1990,13,premier_league
13,Derby County,15,4,3,6,15,12,20,1990,13,premier_league
14,Wimbledon FC,15,3,6,4,11,14,20,1990,13,premier_league
15,Millwall,15,4,3,6,20,25,20,1990,13,premier_league
16,Crystal Palace,15,4,3,6,14,27,20,1990,13,premier_league
17,Queens Park Range.,14,3,5,5,14,16,20,1990,13,premier_league
18,Man. City,14,4,2,7,17,24,20,1990,13,premier_league
19,Charlton Athletic,13,3,4,6,11,15,20,1990,13,premier_league
20,Sheffield,12,3,3,7,6,20,20,1990,13,premier_league
1,Arsenal,27,8,3,3,26,15,20,1990,14,premier_league
2,Chelsea,26,7,5,2,22,12,20,1990,14,premier_league
3,Liverpool,25,7,4,3,27,13,20,1990,14,premier_league
4,Aston Villa,24,7,3,4,23,15,20,1990,14,premier_league
5,Norwich City,22,5,7,2,21,16,20,1990,14,premier_league
6,Man. Utd,21,6,3,5,23,20,20,1990,14,premier_league
7,Tottenham Hotspur,21,6,3,5,22,21,20,1990,14,premier_league
8,Everton,21,6,3,5,21,21,20,1990,14,premier_league
9,Southampton,20,5,5,4,25,22,20,1990,14,premier_league
10,Coventry City,20,6,2,6,12,19,20,1990,14,premier_league
11,Nottingham Forest,19,5,4,5,19,14,20,1990,14,premier_league
12,Derby County,18,5,3,6,17,12,20,1990,14,premier_league
13,Luton Town,17,4,5,5,14,14,20,1990,14,premier_league
14,Wimbledon FC,16,3,7,4,12,15,20,1990,14,premier_league
15,Millwall,15,4,3,7,21,27,20,1990,14,premier_league
16,Crystal Palace,15,4,3,7,16,30,20,1990,14,premier_league
17,Charlton Athletic,14,3,5,6,11,15,20,1990,14,premier_league
18,Queens Park Range.,14,3,5,6,14,19,20,1990,14,premier_league
19,Man. City,14,4,2,8,17,27,20,1990,14,premier_league
20,Sheffield,12,3,3,8,6,22,20,1990,14,premier_league
1,Liverpool,28,8,4,3,29,14,20,1990,15,premier_league
2,Arsenal,27,8,3,4,27,17,20,1990,15,premier_league
3,Aston Villa,27,8,3,4,25,15,20,1990,15,premier_league
4,Chelsea,27,7,6,2,22,12,20,1990,15,premier_league
5,Southampton,23,6,5,4,31,25,20,1990,15,premier_league
6,Coventry City,23,7,2,6,13,19,20,1990,15,premier_league
7,Nottingham Forest,22,6,4,5,20,14,20,1990,15,premier_league
8,Norwich City,22,5,7,3,21,17,20,1990,15,premier_league
9,Man. Utd,22,6,4,5,23,20,20,1990,15,premier_league
10,Derby County,21,6,3,6,19,13,20,1990,15,premier_league
11,Tottenham Hotspur,21,6,3,6,23,23,20,1990,15,premier_league
12,Everton,21,6,3,6,21,22,20,1990,15,premier_league
13,Luton Town,17,4,5,6,17,20,20,1990,15,premier_league
14,Wimbledon FC,16,3,7,5,12,17,20,1990,15,premier_league
15,Millwall,16,4,4,7,21,27,20,1990,15,premier_league
16,Crystal Palace,16,4,4,7,18,32,20,1990,15,premier_league
17,Charlton Athletic,15,3,6,6,12,16,20,1990,15,premier_league
18,Queens Park Range.,15,3,6,6,14,19,20,1990,15,premier_league
19,Man. City,15,4,3,8,18,28,20,1990,15,premier_league
20,Sheffield,13,3,4,8,8,24,20,1990,15,premier_league
1,Liverpool,31,9,4,3,33,15,20,1990,16,premier_league
2,Arsenal,30,9,3,4,28,17,20,1990,16,premier_league
3,Aston Villa,30,9,3,4,27,16,20,1990,16,premier_league
4,Chelsea,27,7,6,3,24,17,20,1990,16,premier_league
5,Norwich City,25,6,7,3,23,18,20,1990,16,premier_league
6,Derby County,24,7,3,6,21,13,20,1990,16,premier_league
7,Southampton,24,6,6,4,33,27,20,1990,16,premier_league
8,Everton,24,7,3,6,23,22,20,1990,16,premier_league
9,Coventry City,23,7,2,7,13,21,20,1990,16,premier_league
10,Nottingham Forest,22,6,4,6,21,16,20,1990,16,premier_league
11,Man. Utd,22,6,4,6,23,21,20,1990,16,premier_league
12,Tottenham Hotspur,22,6,4,6,23,23,20,1990,16,premier_league
13,Wimbledon FC,19,4,7,5,17,19,20,1990,16,premier_league
14,Queens Park Range.,18,4,6,6,17,19,20,1990,16,premier_league
15,Luton Town,18,4,6,6,17,20,20,1990,16,premier_league
16,Millwall,17,4,5,7,23,29,20,1990,16,premier_league
17,Crystal Palace,16,4,4,8,18,35,20,1990,16,premier_league
18,Charlton Athletic,15,3,6,7,12,18,20,1990,16,premier_league
19,Man. City,15,4,3,9,19,32,20,1990,16,premier_league
20,Sheffield,13,3,4,9,9,26,20,1990,16,premier_league
1,Arsenal,33,10,3,4,29,17,20,1990,17,premier_league
2,Liverpool,32,9,5,3,34,16,20,1990,17,premier_league
3,Aston Villa,31,9,4,4,28,17,20,1990,17,premier_league
4,Norwich City,28,7,7,3,24,18,20,1990,17,premier_league
5,Southampton,27,7,6,4,35,28,20,1990,17,premier_league
6,Chelsea,27,7,6,4,26,21,20,1990,17,premier_league
7,Derby County,25,7,4,6,22,14,20,1990,17,premier_league
8,Tottenham Hotspur,25,7,4,6,25,24,20,1990,17,premier_league
9,Everton,24,7,3,7,24,24,20,1990,17,premier_league
10,Coventry City,23,7,2,8,13,22,20,1990,17,premier_league
11,Nottingham Forest,22,6,4,7,21,17,20,1990,17,premier_league
12,Man. Utd,22,6,4,7,24,23,20,1990,17,premier_league
13,Queens Park Range.,21,5,6,6,21,21,20,1990,17,premier_league
14,Wimbledon FC,20,4,8,5,18,20,20,1990,17,premier_league
15,Luton Town,19,4,7,6,18,21,20,1990,17,premier_league
16,Crystal Palace,19,5,4,8,20,36,20,1990,17,premier_league
17,Millwall,18,4,6,7,24,30,20,1990,17,premier_league
18,Charlton Athletic,16,3,7,7,13,19,20,1990,17,premier_league
19,Man. City,15,4,3,10,20,34,20,1990,17,premier_league
20,Sheffield,14,3,5,9,10,27,20,1990,17,premier_league
1,Arsenal,36,11,3,4,32,19,20,1990,18,premier_league
2,Liverpool,35,10,5,3,39,18,20,1990,18,premier_league
3,Aston Villa,31,9,4,5,28,19,20,1990,18,premier_league
4,Norwich City,31,8,7,3,25,18,20,1990,18,premier_league
5,Tottenham Hotspur,28,8,4,6,26,24,20,1990,18,premier_league
6,Southampton,27,7,6,5,35,30,20,1990,18,premier_league
7,Chelsea,27,7,6,5,28,26,20,1990,18,premier_league
8,Coventry City,26,8,2,8,15,23,20,1990,18,premier_league
9,Derby County,25,7,4,7,22,15,20,1990,18,premier_league
10,Nottingham Forest,25,7,4,7,23,17,20,1990,18,premier_league
11,Everton,25,7,4,7,24,24,20,1990,18,premier_league
12,Man. Utd,22,6,4,8,24,24,20,1990,18,premier_league
13,Crystal Palace,22,6,4,8,22,37,20,1990,18,premier_league
14,Queens Park Range.,21,5,6,7,21,23,20,1990,18,premier_league
15,Millwall,21,5,6,7,26,30,20,1990,18,premier_league
16,Wimbledon FC,20,4,8,6,19,22,20,1990,18,premier_league
17,Luton Town,19,4,7,7,20,24,20,1990,18,premier_league
18,Sheffield,17,4,5,9,12,27,20,1990,18,premier_league
19,Charlton Athletic,16,3,7,8,14,21,20,1990,18,premier_league
20,Man. City,16,4,4,10,20,34,20,1990,18,premier_league
1,Liverpool,38,11,5,3,41,19,20,1990,19,premier_league
2,Arsenal,36,11,3,5,32,20,20,1990,19,premier_league
3,Aston Villa,34,10,4,5,31,19,20,1990,19,premier_league
4,Norwich City,31,8,7,4,25,19,20,1990,19,premier_league
5,Tottenham Hotspur,31,9,4,6,29,25,20,1990,19,premier_league
6,Southampton,30,8,6,5,36,30,20,1990,19,premier_league
7,Chelsea,28,7,7,5,30,28,20,1990,19,premier_league
8,Everton,28,8,4,7,25,24,20,1990,19,premier_league
9,Coventry City,27,8,3,8,16,24,20,1990,19,premier_league
10,Nottingham Forest,26,7,5,7,24,18,20,1990,19,premier_league
11,Derby County,25,7,4,8,22,16,20,1990,19,premier_league
12,Wimbledon FC,23,5,8,6,22,23,20,1990,19,premier_league
13,Crystal Palace,23,6,5,8,24,39,20,1990,19,premier_league
14,Queens Park Range.,22,5,7,7,22,24,20,1990,19,premier_league
15,Man. Utd,22,6,4,9,24,27,20,1990,19,premier_league
16,Millwall,21,5,6,8,27,33,20,1990,19,premier_league
17,Luton Town,20,4,8,7,21,25,20,1990,19,premier_league
18,Man. City,19,5,4,10,21,34,20,1990,19,premier_league
19,Sheffield,17,4,5,10,13,29,20,1990,19,premier_league
20,Charlton Athletic,16,3,7,9,15,24,20,1990,19,premier_league
1,Liverpool,41,12,5,3,42,19,20,1990,20,premier_league
2,Aston Villa,37,11,4,5,33,20,20,1990,20,premier_league
3,Arsenal,36,11,3,6,33,22,20,1990,20,premier_league
4,Southampton,31,8,7,5,38,32,20,1990,20,premier_league
5,Chelsea,31,8,7,5,33,28,20,1990,20,premier_league
6,Norwich City,31,8,7,5,25,20,20,1990,20,premier_league
7,Tottenham Hotspur,31,9,4,7,31,28,20,1990,20,premier_league
8,Nottingham Forest,29,8,5,7,27,20,20,1990,20,premier_league
9,Derby County,28,8,4,8,26,17,20,1990,20,premier_league
10,Everton,28,8,4,8,25,25,20,1990,20,premier_league
11,Coventry City,27,8,3,9,17,28,20,1990,20,premier_league
12,Crystal Palace,26,7,5,8,25,39,20,1990,20,premier_league
13,Queens Park Range.,25,6,7,7,23,24,20,1990,20,premier_league
14,Wimbledon FC,24,5,9,6,24,25,20,1990,20,premier_league
15,Man. Utd,23,6,5,9,26,29,20,1990,20,premier_league
16,Man. City,22,6,4,10,23,34,20,1990,20,premier_league
17,Millwall,21,5,6,9,27,35,20,1990,20,premier_league
18,Luton Town,20,4,8,8,21,28,20,1990,20,premier_league
19,Sheffield,18,4,6,10,15,31,20,1990,20,premier_league
20,Charlton Athletic,16,3,7,10,15,25,20,1990,20,premier_league
1,Liverpool,42,12,6,3,44,21,20,1990,21,premier_league
2,Aston Villa,40,12,4,5,36,20,20,1990,21,premier_league
3,Arsenal,39,12,3,6,37,23,20,1990,21,premier_league
4,Southampton,34,9,7,5,42,34,20,1990,21,premier_league
5,Tottenham Hotspur,32,9,5,7,31,28,20,1990,21,premier_league
6,Norwich City,31,8,7,6,25,21,20,1990,21,premier_league
7,Chelsea,31,8,7,6,33,31,20,1990,21,premier_league
8,Everton,31,9,4,8,27,26,20,1990,21,premier_league
9,Nottingham Forest,30,8,6,7,29,22,20,1990,21,premier_league
10,Derby County,29,8,5,8,27,18,20,1990,21,premier_league
11,Coventry City,28,8,4,9,17,28,20,1990,21,premier_league
12,Wimbledon FC,27,6,9,6,25,25,20,1990,21,premier_league
13,Queens Park Range.,26,6,8,7,23,24,20,1990,21,premier_league
14,Crystal Palace,26,7,5,9,26,43,20,1990,21,premier_league
15,Man. Utd,24,6,6,9,26,29,20,1990,21,premier_league
16,Millwall,22,5,7,9,28,36,20,1990,21,premier_league
17,Man. City,22,6,4,11,23,36,20,1990,21,premier_league
18,Sheffield,21,5,6,10,17,31,20,1990,21,premier_league
19,Luton Town,20,4,8,9,22,30,20,1990,21,premier_league
20,Charlton Athletic,16,3,7,11,17,29,20,1990,21,premier_league
1,Liverpool,43,12,7,3,46,23,20,1990,22,premier_league
2,Aston Villa,43,13,4,5,38,20,20,1990,22,premier_league
3,Arsenal,39,12,3,7,37,24,20,1990,22,premier_league
4,Southampton,35,9,8,5,44,36,20,1990,22,premier_league
5,Nottingham Forest,33,9,6,7,32,23,20,1990,22,premier_league
6,Tottenham Hotspur,33,9,6,7,32,29,20,1990,22,premier_league
7,Derby County,32,9,5,8,29,19,20,1990,22,premier_league
8,Chelsea,32,8,8,6,34,32,20,1990,22,premier_league
9,Everton,32,9,5,8,29,28,20,1990,22,premier_league
10,Norwich City,31,8,7,7,26,23,20,1990,22,premier_league
11,Coventry City,31,9,4,9,18,28,20,1990,22,premier_league
12,Wimbledon FC,30,7,9,6,26,25,20,1990,22,premier_league
13,Queens Park Range.,29,7,8,7,25,25,20,1990,22,premier_league
14,Crystal Palace,26,7,5,10,26,44,20,1990,22,premier_league
15,Man. Utd,24,6,6,10,27,31,20,1990,22,premier_league
16,Man. City,23,6,5,11,24,37,20,1990,22,premier_league
17,Millwall,22,5,7,10,29,39,20,1990,22,premier_league
18,Sheffield,22,5,7,10,18,32,20,1990,22,premier_league
19,Luton Town,21,4,9,9,24,32,20,1990,22,premier_league
20,Charlton Athletic,16,3,7,12,17,31,20,1990,22,premier_league
1,Liverpool,46,13,7,3,48,23,20,1990,23,premier_league
2,Aston Villa,46,14,4,5,40,21,20,1990,23,premier_league
3,Arsenal,42,13,3,7,38,24,20,1990,23,premier_league
4,Nottingham Forest,36,10,6,7,34,23,20,1990,23,premier_league
5,Southampton,35,9,8,6,45,38,20,1990,23,premier_league
6,Chelsea,35,9,8,6,37,33,20,1990,23,premier_league
7,Everton,35,10,5,8,31,28,20,1990,23,premier_league
8,Norwich City,34,9,7,7,28,23,20,1990,23,premier_league
9,Tottenham Hotspur,33,9,6,8,32,30,20,1990,23,premier_league
10,Derby County,32,9,5,9,29,21,20,1990,23,premier_league
11,Wimbledon FC,31,7,10,6,26,25,20,1990,23,premier_league
12,Coventry City,31,9,4,10,18,29,20,1990,23,premier_league
13,Queens Park Range.,30,7,9,7,26,26,20,1990,23,premier_league
14,Man. City,26,7,5,11,25,37,20,1990,23,premier_league
15,Crystal Palace,26,7,5,11,26,46,20,1990,23,premier_league
16,Man. Utd,24,6,6,11,27,33,20,1990,23,premier_league
17,Millwall,23,5,8,10,29,39,20,1990,23,premier_league
18,Luton Town,22,4,10,9,25,33,20,1990,23,premier_league
19,Sheffield,22,5,7,11,18,34,20,1990,23,premier_league
20,Charlton Athletic,16,3,7,13,18,34,20,1990,23,premier_league
1,Liverpool,49,14,7,3,50,24,20,1990,24,premier_league
2,Aston Villa,47,14,5,5,41,22,20,1990,24,premier_league
3,Arsenal,43,13,4,7,38,24,20,1990,24,premier_league
4,Nottingham Forest,39,11,6,7,37,24,20,1990,24,premier_league
5,Southampton,38,10,8,6,47,39,20,1990,24,premier_league
6,Tottenham Hotspur,36,10,6,8,36,30,20,1990,24,premier_league
7,Chelsea,35,9,8,7,39,36,20,1990,24,premier_league
8,Everton,35,10,5,9,32,30,20,1990,24,premier_league
9,Norwich City,34,9,7,8,28,27,20,1990,24,premier_league
10,Coventry City,34,10,4,10,21,31,20,1990,24,premier_league
11,Derby County,32,9,5,10,30,23,20,1990,24,premier_league
12,Wimbledon FC,31,7,10,7,27,27,20,1990,24,premier_league
13,Queens Park Range.,31,7,10,7,27,27,20,1990,24,premier_league
14,Man. City,27,7,6,11,26,38,20,1990,24,premier_league
15,Crystal Palace,26,7,5,12,27,49,20,1990,24,premier_league
16,Man. Utd,25,6,7,11,28,34,20,1990,24,premier_league
17,Luton Town,25,5,10,9,27,34,20,1990,24,premier_league
18,Millwall,24,5,9,10,30,40,20,1990,24,premier_league
19,Sheffield,23,5,8,11,19,35,20,1990,24,premier_league
20,Charlton Athletic,17,3,8,13,18,34,20,1990,24,premier_league
1,Liverpool,50,14,8,3,50,24,20,1990,25,premier_league
2,Aston Villa,50,15,5,5,42,22,20,1990,25,premier_league
3,Arsenal,46,14,4,7,41,24,20,1990,25,premier_league
4,Nottingham Forest,39,11,6,8,37,27,20,1990,25,premier_league
5,Tottenham Hotspur,39,11,6,8,38,31,20,1990,25,premier_league
6,Southampton,38,10,8,7,48,42,20,1990,25,premier_league
7,Everton,38,11,5,9,34,31,20,1990,25,premier_league
8,Derby County,35,10,5,10,32,23,20,1990,25,premier_league
9,Chelsea,35,9,8,8,40,38,20,1990,25,premier_league
10,Norwich City,35,9,8,8,28,27,20,1990,25,premier_league
11,Coventry City,34,10,4,11,23,34,20,1990,25,premier_league
12,Wimbledon FC,32,7,11,7,28,28,20,1990,25,premier_league
13,Queens Park Range.,31,7,10,8,27,29,20,1990,25,premier_league
14,Crystal Palace,29,8,5,12,30,50,20,1990,25,premier_league
15,Man. Utd,28,7,7,11,30,35,20,1990,25,premier_league
16,Luton Town,28,6,10,9,30,36,20,1990,25,premier_league
17,Man. City,28,7,7,11,27,39,20,1990,25,premier_league
18,Millwall,24,5,9,11,31,42,20,1990,25,premier_league
19,Sheffield,23,5,8,12,19,36,20,1990,25,premier_league
20,Charlton Athletic,17,3,8,14,19,36,20,1990,25,premier_league
1,Liverpool,53,15,8,3,51,24,20,1990,26,premier_league
2,Aston Villa,53,16,5,5,44,22,20,1990,26,premier_league
3,Arsenal,46,14,4,8,41,25,20,1990,26,premier_league
4,Southampton,41,11,8,7,52,43,20,1990,26,premier_league
5,Nottingham Forest,40,11,7,8,38,28,20,1990,26,premier_league
6,Tottenham Hotspur,39,11,6,9,38,33,20,1990,26,premier_league
7,Everton,39,11,6,9,34,31,20,1990,26,premier_league
8,Coventry City,37,11,4,11,26,35,20,1990,26,premier_league
9,Chelsea,36,9,9,8,41,39,20,1990,26,premier_league
10,Derby County,35,10,5,11,32,24,20,1990,26,premier_league
11,Norwich City,35,9,8,9,29,31,20,1990,26,premier_league
12,Wimbledon FC,32,7,11,8,28,29,20,1990,26,premier_league
13,Crystal Palace,32,9,5,12,31,50,20,1990,26,premier_league
14,Queens Park Range.,31,7,10,9,28,32,20,1990,26,premier_league
15,Man. City,31,8,7,11,30,40,20,1990,26,premier_league
16,Man. Utd,29,7,8,11,30,35,20,1990,26,premier_league
17,Luton Town,28,6,10,10,30,38,20,1990,26,premier_league
18,Sheffield,26,6,8,12,20,36,20,1990,26,premier_league
19,Millwall,24,5,9,12,32,45,20,1990,26,premier_league
20,Charlton Athletic,20,4,8,14,21,36,20,1990,26,premier_league
1,Liverpool,54,15,9,3,52,25,20,1990,27,premier_league
2,Aston Villa,53,16,5,6,44,25,20,1990,27,premier_league
3,Arsenal,47,14,5,8,42,26,20,1990,27,premier_league
4,Southampton,42,11,9,7,53,44,20,1990,27,premier_league
5,Everton,42,12,6,9,38,31,20,1990,27,premier_league
6,Nottingham Forest,40,11,7,9,38,32,20,1990,27,premier_league
7,Tottenham Hotspur,39,11,6,10,39,35,20,1990,27,premier_league
8,Chelsea,39,10,9,8,42,39,20,1990,27,premier_league
9,Derby County,38,11,5,11,34,25,20,1990,27,premier_league
10,Coventry City,38,11,5,11,26,35,20,1990,27,premier_league
11,Norwich City,36,9,9,9,29,31,20,1990,27,premier_league
12,Wimbledon FC,35,8,11,8,31,29,20,1990,27,premier_league
13,Queens Park Range.,34,8,10,9,30,33,20,1990,27,premier_league
14,Crystal Palace,33,9,6,12,32,51,20,1990,27,premier_league
15,Man. City,31,8,7,12,31,42,20,1990,27,premier_league
16,Man. Utd,29,7,8,12,30,36,20,1990,27,premier_league
17,Luton Town,29,6,11,10,31,39,20,1990,27,premier_league
18,Sheffield,27,6,9,12,21,37,20,1990,27,premier_league
19,Millwall,24,5,9,13,33,47,20,1990,27,premier_league
20,Charlton Athletic,23,5,8,14,23,37,20,1990,27,premier_league
1,Liverpool,57,16,9,3,53,25,20,1990,28,premier_league
2,Aston Villa,53,16,5,7,44,27,20,1990,28,premier_league
3,Arsenal,47,14,5,9,42,28,20,1990,28,premier_league
4,Nottingham Forest,43,12,7,9,39,32,20,1990,28,premier_league
5,Southampton,42,11,9,8,55,47,20,1990,28,premier_league
6,Everton,42,12,6,10,39,34,20,1990,28,premier_league
7,Chelsea,42,11,9,8,45,41,20,1990,28,premier_league
8,Coventry City,41,12,5,11,28,35,20,1990,28,premier_league
9,Tottenham Hotspur,39,11,6,11,39,36,20,1990,28,premier_league
10,Norwich City,39,10,9,9,30,31,20,1990,28,premier_league
11,Derby County,38,11,5,12,34,26,20,1990,28,premier_league
12,Wimbledon FC,38,9,11,8,34,30,20,1990,28,premier_league
13,Queens Park Range.,37,9,10,9,32,33,20,1990,28,premier_league
14,Crystal Palace,36,10,6,12,33,51,20,1990,28,premier_league
15,Man. Utd,32,8,8,12,34,37,20,1990,28,premier_league
16,Man. City,31,8,7,13,31,43,20,1990,28,premier_league
17,Sheffield,30,7,9,12,22,37,20,1990,28,premier_league
18,Luton Town,29,6,11,11,32,43,20,1990,28,premier_league
19,Millwall,24,5,9,14,33,48,20,1990,28,premier_league
20,Charlton Athletic,23,5,8,15,23,38,20,1990,28,premier_league
1,Liverpool,60,17,9,3,55,26,20,1990,29,premier_league
2,Aston Villa,56,17,5,7,46,27,20,1990,29,premier_league
3,Arsenal,48,14,6,9,43,29,20,1990,29,premier_league
4,Everton,45,13,6,10,41,35,20,1990,29,premier_league
5,Coventry City,44,13,5,11,32,37,20,1990,29,premier_league
6,Nottingham Forest,43,12,7,10,41,36,20,1990,29,premier_league
7,Chelsea,43,11,10,8,45,41,20,1990,29,premier_league
8,Southampton,42,11,9,9,55,49,20,1990,29,premier_league
9,Tottenham Hotspur,42,12,6,11,42,36,20,1990,29,premier_league
10,Queens Park Range.,40,10,10,9,34,33,20,1990,29,premier_league
11,Norwich City,40,10,10,9,30,31,20,1990,29,premier_league
12,Derby County,39,11,6,12,35,27,20,1990,29,premier_league
13,Wimbledon FC,38,9,11,9,35,32,20,1990,29,premier_league
14,Crystal Palace,37,10,7,12,34,52,20,1990,29,premier_league
15,Sheffield,33,8,9,12,23,37,20,1990,29,premier_league
16,Man. Utd,32,8,8,13,34,38,20,1990,29,premier_league
17,Man. City,32,8,8,13,32,44,20,1990,29,premier_league
18,Luton Town,29,6,11,12,32,45,20,1990,29,premier_league
19,Millwall,24,5,9,15,34,50,20,1990,29,premier_league
20,Charlton Athletic,23,5,8,16,23,41,20,1990,29,premier_league
1,Liverpool,63,18,9,3,57,27,20,1990,30,premier_league
2,Aston Villa,59,18,5,7,47,27,20,1990,30,premier_league
3,Arsenal,48,14,6,10,43,30,20,1990,30,premier_league
4,Everton,48,14,6,10,45,35,20,1990,30,premier_league
5,Chelsea,46,12,10,8,46,41,20,1990,30,premier_league
6,Nottingham Forest,44,12,8,10,42,37,20,1990,30,premier_league
7,Coventry City,44,13,5,12,33,41,20,1990,30,premier_league
8,Southampton,43,11,10,9,58,52,20,1990,30,premier_league
9,Queens Park Range.,43,11,10,9,37,34,20,1990,30,premier_league
10,Tottenham Hotspur,42,12,6,12,43,39,20,1990,30,premier_league
11,Norwich City,41,10,11,9,31,32,20,1990,30,premier_league
12,Derby County,39,11,6,13,35,28,20,1990,30,premier_league
13,Wimbledon FC,39,9,12,9,38,35,20,1990,30,premier_league
14,Crystal Palace,37,10,7,13,34,56,20,1990,30,premier_league
15,Sheffield,36,9,9,12,27,38,20,1990,30,premier_league
16,Man. City,33,8,9,13,33,45,20,1990,30,premier_league
17,Man. Utd,32,8,8,14,35,40,20,1990,30,premier_league
18,Luton Town,30,6,12,12,33,46,20,1990,30,premier_league
19,Millwall,25,5,10,15,35,51,20,1990,30,premier_league
20,Charlton Athletic,24,5,9,16,24,42,20,1990,30,premier_league
1,Liverpool,63,18,9,4,57,28,20,1990,31,premier_league
2,Aston Villa,59,18,5,8,47,28,20,1990,31,premier_league
3,Arsenal,51,15,6,10,46,31,20,1990,31,premier_league
4,Everton,51,15,6,10,48,36,20,1990,31,premier_league
5,Chelsea,47,12,11,8,47,42,20,1990,31,premier_league
6,Queens Park Range.,46,12,10,9,39,34,20,1990,31,premier_league
7,Tottenham Hotspur,45,13,6,12,44,39,20,1990,31,premier_league
8,Nottingham Forest,44,12,8,11,42,39,20,1990,31,premier_league
9,Coventry City,44,13,5,13,34,43,20,1990,31,premier_league
10,Southampton,43,11,10,10,58,54,20,1990,31,premier_league
11,Norwich City,41,10,11,10,32,35,20,1990,31,premier_league
12,Wimbledon FC,40,9,13,9,39,36,20,1990,31,premier_league
13,Crystal Palace,40,11,7,13,35,56,20,1990,31,premier_league
14,Derby County,39,11,6,14,36,31,20,1990,31,premier_league
15,Sheffield,37,9,10,12,28,39,20,1990,31,premier_league
16,Man. Utd,35,9,8,14,37,40,20,1990,31,premier_league
17,Man. City,34,8,10,13,34,46,20,1990,31,premier_league
18,Luton Town,33,7,12,12,35,47,20,1990,31,premier_league
19,Charlton Athletic,27,6,9,16,26,43,20,1990,31,premier_league
20,Millwall,25,5,10,16,36,53,20,1990,31,premier_league
1,Liverpool,66,19,9,4,60,30,20,1990,32,premier_league
2,Aston Villa,59,18,5,9,48,30,20,1990,32,premier_league
3,Arsenal,54,16,6,10,47,31,20,1990,32,premier_league
4,Everton,51,15,6,11,48,37,20,1990,32,premier_league
5,Tottenham Hotspur,48,14,6,12,48,41,20,1990,32,premier_league
6,Chelsea,48,12,12,8,48,43,20,1990,32,premier_league
7,Queens Park Range.,46,12,10,10,39,35,20,1990,32,premier_league
8,Nottingham Forest,44,12,8,12,42,40,20,1990,32,premier_league
9,Norwich City,44,11,11,10,34,35,20,1990,32,premier_league
10,Coventry City,44,13,5,14,34,46,20,1990,32,premier_league
11,Wimbledon FC,43,10,13,9,40,36,20,1990,32,premier_league
12,Southampton,43,11,10,11,60,57,20,1990,32,premier_league
13,Crystal Palace,43,12,7,13,37,57,20,1990,32,premier_league
14,Derby County,40,11,7,14,37,32,20,1990,32,premier_league
15,Man. Utd,38,10,8,14,40,40,20,1990,32,premier_league
16,Man. City,37,9,10,13,36,47,20,1990,32,premier_league
17,Sheffield,37,9,10,13,30,43,20,1990,32,premier_league
18,Luton Town,33,7,12,13,35,49,20,1990,32,premier_league
19,Charlton Athletic,30,7,9,16,27,43,20,1990,32,premier_league
20,Millwall,25,5,10,17,37,55,20,1990,32,premier_league
1,Liverpool,69,20,9,4,64,30,20,1990,33,premier_league
2,Aston Villa,62,19,5,9,49,30,20,1990,33,premier_league
3,Arsenal,54,16,6,11,47,32,20,1990,33,premier_league
4,Everton,54,16,6,11,49,37,20,1990,33,premier_league
5,Tottenham Hotspur,51,15,6,12,51,42,20,1990,33,premier_league
6,Chelsea,51,13,12,8,49,43,20,1990,33,premier_league
7,Norwich City,47,12,11,10,36,35,20,1990,33,premier_league
8,Coventry City,47,14,5,14,35,46,20,1990,33,premier_league
9,Southampton,46,12,10,11,61,57,20,1990,33,premier_league
10,Queens Park Range.,46,12,10,11,39,36,20,1990,33,premier_league
11,Wimbledon FC,44,10,14,9,40,36,20,1990,33,premier_league
12,Nottingham Forest,44,12,8,13,43,43,20,1990,33,premier_league
13,Crystal Palace,43,12,7,14,37,59,20,1990,33,premier_league
14,Derby County,40,11,7,15,37,33,20,1990,33,premier_league
15,Man. Utd,39,10,9,14,40,40,20,1990,33,premier_league
16,Man. City,38,9,11,13,37,48,20,1990,33,premier_league
17,Sheffield,37,9,10,14,30,44,20,1990,33,premier_league
18,Luton Town,33,7,12,14,35,50,20,1990,33,premier_league
19,Charlton Athletic,30,7,9,17,27,47,20,1990,33,premier_league
20,Millwall,26,5,11,17,38,56,20,1990,33,premier_league
1,Liverpool,70,20,10,4,66,32,20,1990,34,premier_league
2,Aston Villa,65,20,5,9,50,30,20,1990,34,premier_league
3,Arsenal,55,16,7,11,48,33,20,1990,34,premier_league
4,Everton,55,16,7,11,51,39,20,1990,34,premier_league
5,Tottenham Hotspur,54,16,6,12,54,44,20,1990,34,premier_league
6,Chelsea,51,13,12,9,49,44,20,1990,34,premier_league
7,Southampton,49,13,10,11,64,59,20,1990,34,premier_league
8,Norwich City,48,12,12,10,37,36,20,1990,34,premier_league
9,Coventry City,47,14,5,15,37,49,20,1990,34,premier_league
10,Queens Park Range.,46,12,10,12,40,38,20,1990,34,premier_league
11,Wimbledon FC,45,10,15,9,41,37,20,1990,34,premier_league
12,Nottingham Forest,45,12,9,13,45,45,20,1990,34,premier_league
13,Crystal Palace,44,12,8,14,38,60,20,1990,34,premier_league
14,Derby County,43,12,7,15,39,33,20,1990,34,premier_league
15,Man. Utd,42,11,9,14,42,41,20,1990,34,premier_league
16,Man. City,41,10,11,13,39,49,20,1990,34,premier_league
17,Sheffield,37,9,10,15,31,46,20,1990,34,premier_league
18,Luton Town,34,7,13,14,37,52,20,1990,34,premier_league
19,Charlton Athletic,30,7,9,18,29,50,20,1990,34,premier_league
20,Millwall,26,5,11,18,38,58,20,1990,34,premier_league
1,Liverpool,70,20,10,5,66,34,20,1990,35,premier_league
2,Aston Villa,65,20,5,10,50,32,20,1990,35,premier_league
3,Arsenal,58,17,7,11,50,34,20,1990,35,premier_league
4,Everton,58,17,7,11,53,40,20,1990,35,premier_league
5,Tottenham Hotspur,57,17,6,12,55,44,20,1990,35,premier_league
6,Chelsea,54,14,12,9,52,44,20,1990,35,premier_league
7,Southampton,49,13,10,12,65,61,20,1990,35,premier_league
8,Wimbledon FC,48,11,15,9,43,38,20,1990,35,premier_league
9,Nottingham Forest,48,13,9,13,48,45,20,1990,35,premier_league
10,Norwich City,48,12,12,11,37,37,20,1990,35,premier_league
11,Coventry City,48,14,6,15,38,50,20,1990,35,premier_league
12,Queens Park Range.,47,12,11,12,41,39,20,1990,35,premier_league
13,Man. Utd,45,12,9,14,44,41,20,1990,35,premier_league
14,Man. City,44,11,11,13,40,49,20,1990,35,premier_league
15,Crystal Palace,44,12,8,15,38,63,20,1990,35,premier_league
16,Derby County,43,12,7,16,40,35,20,1990,35,premier_league
17,Sheffield,40,10,10,15,33,46,20,1990,35,premier_league
18,Luton Town,34,7,13,15,37,55,20,1990,35,premier_league
19,Charlton Athletic,30,7,9,19,30,52,20,1990,35,premier_league
20,Millwall,26,5,11,19,38,59,20,1990,35,premier_league
1,Liverpool,73,21,10,5,70,35,20,1990,36,premier_league
2,Aston Villa,68,21,5,10,51,32,20,1990,36,premier_league
3,Tottenham Hotspur,60,18,6,12,57,45,20,1990,36,premier_league
4,Arsenal,58,17,7,12,50,36,20,1990,36,premier_league
5,Everton,58,17,7,12,53,41,20,1990,36,premier_league
6,Chelsea,54,14,12,10,53,48,20,1990,36,premier_league
7,Southampton,52,14,10,12,67,61,20,1990,36,premier_league
8,Norwich City,51,13,12,11,39,37,20,1990,36,premier_league
9,Queens Park Range.,50,13,11,12,42,39,20,1990,36,premier_league
10,Wimbledon FC,49,11,16,9,43,38,20,1990,36,premier_league
11,Coventry City,49,14,7,15,38,50,20,1990,36,premier_league
12,Nottingham Forest,48,13,9,14,48,47,20,1990,36,premier_league
13,Man. City,47,12,11,13,41,49,20,1990,36,premier_league
14,Crystal Palace,47,13,8,15,40,63,20,1990,36,premier_league
15,Man. Utd,45,12,9,15,45,43,20,1990,36,premier_league
16,Derby County,43,12,7,17,40,37,20,1990,36,premier_league
17,Sheffield,40,10,10,16,33,47,20,1990,36,premier_league
18,Luton Town,37,8,13,15,39,55,20,1990,36,premier_league
19,Charlton Athletic,30,7,9,20,30,54,20,1990,36,premier_league
20,Millwall,26,5,11,20,38,60,20,1990,36,premier_league
1,Liverpool,76,22,10,5,72,36,20,1990,37,premier_league
2,Aston Villa,69,21,6,10,54,35,20,1990,37,premier_league
3,Arsenal,61,18,7,12,52,36,20,1990,37,premier_league
4,Tottenham Hotspur,60,18,6,13,57,46,20,1990,37,premier_league
5,Everton,58,17,7,13,54,43,20,1990,37,premier_league
6,Chelsea,57,15,12,10,55,49,20,1990,37,premier_league
7,Southampton,55,15,10,12,70,61,20,1990,37,premier_league
8,Wimbledon FC,52,12,16,9,44,38,20,1990,37,premier_league
9,Norwich City,52,13,13,11,42,40,20,1990,37,premier_league
10,Nottingham Forest,51,14,9,14,52,47,20,1990,37,premier_league
11,Queens Park Range.,50,13,11,13,43,41,20,1990,37,premier_league
12,Coventry City,49,14,7,16,38,53,20,1990,37,premier_league
13,Man. City,47,12,11,14,41,50,20,1990,37,premier_league
14,Crystal Palace,47,13,8,16,40,64,20,1990,37,premier_league
15,Derby County,46,13,7,17,41,37,20,1990,37,premier_league
16,Man. Utd,45,12,9,16,45,47,20,1990,37,premier_league
17,Sheffield,43,11,10,16,35,48,20,1990,37,premier_league
18,Luton Town,40,9,13,15,40,55,20,1990,37,premier_league
19,Charlton Athletic,30,7,9,21,31,56,20,1990,37,premier_league
20,Millwall,26,5,11,21,38,62,20,1990,37,premier_league
1,Liverpool,79,23,10,5,78,37,20,1990,38,premier_league
2,Aston Villa,70,21,7,10,57,38,20,1990,38,premier_league
3,Tottenham Hotspur,63,19,6,13,59,47,20,1990,38,premier_league
4,Arsenal,62,18,8,12,54,38,20,1990,38,premier_league
5,Chelsea,60,16,12,10,58,50,20,1990,38,premier_league
6,Everton,59,17,8,13,57,46,20,1990,38,premier_league
7,Southampton,55,15,10,13,71,63,20,1990,38,premier_league
8,Wimbledon FC,55,13,16,9,47,40,20,1990,38,premier_league
9,Nottingham Forest,54,15,9,14,55,47,20,1990,38,premier_league
10,Norwich City,53,13,14,11,44,42,20,1990,38,premier_league
11,Queens Park Range.,50,13,11,14,45,44,20,1990,38,premier_league
12,Coventry City,49,14,7,17,39,59,20,1990,38,premier_league
13,Man. Utd,48,13,9,16,46,47,20,1990,38,premier_league
14,Man. City,48,12,12,14,43,52,20,1990,38,premier_league
15,Crystal Palace,48,13,9,16,42,66,20,1990,38,premier_league
16,Derby County,46,13,7,18,43,40,20,1990,38,premier_league
17,Luton Town,43,10,13,15,43,57,20,1990,38,premier_league
18,Sheffield,43,11,10,17,35,51,20,1990,38,premier_league
19,Charlton Athletic,30,7,9,22,31,57,20,1990,38,premier_league
20,Millwall,26,5,11,22,39,65,20,1990,38,premier_league
1,Liverpool,3,1,0,0,3,1,20,1991,1,premier_league
2,Tottenham Hotspur,3,1,0,0,3,1,20,1991,1,premier_league
3,Leeds United,3,1,0,0,3,2,20,1991,1,premier_league
4,Norwich City,3,1,0,0,3,2,20,1991,1,premier_league
5,Chelsea,3,1,0,0,2,1,20,1991,1,premier_league
6,Man. Utd,2,1,0,0,2,0,20,1991,1,premier_league
7,Arsenal,1,1,0,0,3,0,20,1991,1,premier_league
8,Aston Villa,1,0,1,0,1,1,20,1991,1,premier_league
9,Southampton,1,0,1,0,1,1,20,1991,1,premier_league
10,Crystal Palace,1,0,1,0,1,1,20,1991,1,premier_league
11,Luton Town,1,0,1,0,1,1,20,1991,1,premier_league
12,Nottingham Forest,1,0,1,0,1,1,20,1991,1,premier_league
13,Queens Park Range.,1,0,1,0,1,1,20,1991,1,premier_league
14,Sunderland,0,0,0,1,2,3,20,1991,1,premier_league
15,Everton,0,0,0,1,2,3,20,1991,1,premier_league
16,Derby County,0,0,0,1,1,2,20,1991,1,premier_league
17,Sheffield United,0,0,0,1,1,3,20,1991,1,premier_league
18,Man. City,0,0,0,1,1,3,20,1991,1,premier_league
19,Coventry City,0,0,0,1,0,2,20,1991,1,premier_league
20,Wimbledon FC,0,0,0,1,0,3,20,1991,1,premier_league
1,Liverpool,6,2,0,0,5,1,20,1991,2,premier_league
2,Arsenal,4,2,0,0,5,1,20,1991,2,premier_league
3,Tottenham Hotspur,4,1,1,0,3,1,20,1991,2,premier_league
4,Crystal Palace,4,1,1,0,3,2,20,1991,2,premier_league
5,Leeds United,4,1,1,0,3,2,20,1991,2,premier_league
6,Southampton,4,1,1,0,2,1,20,1991,2,premier_league
7,Man. Utd,3,1,1,0,2,0,20,1991,2,premier_league
8,Coventry City,3,1,0,1,3,3,20,1991,2,premier_league
9,Chelsea,3,1,0,1,3,3,20,1991,2,premier_league
10,Norwich City,3,1,0,1,3,3,20,1991,2,premier_league
11,Man. City,3,1,0,1,3,4,20,1991,2,premier_league
12,Wimbledon FC,3,1,0,1,1,3,20,1991,2,premier_league
13,Aston Villa,1,0,1,1,2,3,20,1991,2,premier_league
14,Derby County,1,0,1,1,2,3,20,1991,2,premier_league
15,Sunderland,1,0,1,1,2,3,20,1991,2,premier_league
16,Luton Town,1,0,1,1,2,3,20,1991,2,premier_league
17,Queens Park Range.,1,0,1,1,1,2,20,1991,2,premier_league
18,Sheffield United,1,0,1,1,2,4,20,1991,2,premier_league
19,Nottingham Forest,1,0,1,1,1,3,20,1991,2,premier_league
20,Everton,0,0,0,2,3,6,20,1991,2,premier_league
1,Liverpool,9,3,0,0,7,2,20,1991,3,premier_league
2,Leeds United,7,2,1,0,6,2,20,1991,3,premier_league
3,Crystal Palace,7,2,1,0,4,2,20,1991,3,premier_league
4,Man. City,6,2,0,1,4,4,20,1991,3,premier_league
5,Arsenal,5,2,1,0,5,1,20,1991,3,premier_league
6,Tottenham Hotspur,5,1,2,0,3,1,20,1991,3,premier_league
7,Coventry City,4,1,1,1,5,5,20,1991,3,premier_league
8,Sunderland,4,1,1,1,4,4,20,1991,3,premier_league
9,Luton Town,4,1,1,1,4,4,20,1991,3,premier_league
10,Southampton,4,1,1,1,3,3,20,1991,3,premier_league
11,Queens Park Range.,4,1,1,1,2,2,20,1991,3,premier_league
12,Wimbledon FC,4,1,1,1,2,4,20,1991,3,premier_league
13,Man. Utd,3,1,1,1,3,2,20,1991,3,premier_league
14,Chelsea,3,1,0,2,3,4,20,1991,3,premier_league
15,Norwich City,3,1,0,2,3,6,20,1991,3,premier_league
16,Derby County,2,0,2,1,3,4,20,1991,3,premier_league
17,Nottingham Forest,2,0,2,1,3,5,20,1991,3,premier_league
18,Aston Villa,1,0,1,2,3,5,20,1991,3,premier_league
19,Sheffield United,1,0,1,2,2,5,20,1991,3,premier_league
20,Everton,0,0,0,3,3,7,20,1991,3,premier_league
1,Liverpool,12,4,0,0,9,3,20,1991,4,premier_league
2,Crystal Palace,10,3,1,0,7,2,20,1991,4,premier_league
3,Tottenham Hotspur,8,2,2,0,6,1,20,1991,4,premier_league
4,Leeds United,7,2,1,1,6,3,20,1991,4,premier_league
5,Luton Town,7,2,1,1,5,4,20,1991,4,premier_league
6,Man. City,7,2,1,1,5,5,20,1991,4,premier_league
7,Arsenal,6,2,2,0,6,2,20,1991,4,premier_league
8,Man. Utd,6,2,1,1,6,3,20,1991,4,premier_league
9,Chelsea,6,2,0,2,6,6,20,1991,4,premier_league
10,Nottingham Forest,5,1,2,1,6,6,20,1991,4,premier_league
11,Sunderland,4,1,1,2,6,7,20,1991,4,premier_league
12,Coventry City,4,1,1,2,6,7,20,1991,4,premier_league
13,Aston Villa,4,1,1,2,5,6,20,1991,4,premier_league
14,Southampton,4,1,1,2,4,6,20,1991,4,premier_league
15,Queens Park Range.,4,1,1,2,3,5,20,1991,4,premier_league
16,Wimbledon FC,4,1,1,2,3,6,20,1991,4,premier_league
17,Norwich City,3,1,0,3,3,9,20,1991,4,premier_league
18,Sheffield United,2,0,2,2,3,6,20,1991,4,premier_league
19,Derby County,2,0,2,2,3,7,20,1991,4,premier_league
20,Everton,1,0,1,3,4,8,20,1991,4,premier_league
1,Liverpool,15,5,0,0,13,3,20,1991,5,premier_league
2,Tottenham Hotspur,11,3,2,0,8,1,20,1991,5,premier_league
3,Crystal Palace,11,3,2,0,9,4,20,1991,5,premier_league
4,Man. City,10,3,1,1,7,6,20,1991,5,premier_league
5,Arsenal,9,3,2,0,10,3,20,1991,5,premier_league
6,Queens Park Range.,7,2,1,2,9,6,20,1991,5,premier_league
7,Aston Villa,7,2,1,2,7,6,20,1991,5,premier_league
8,Leeds United,7,2,1,2,6,5,20,1991,5,premier_league
9,Southampton,7,2,1,2,6,6,20,1991,5,premier_league
10,Luton Town,7,2,1,2,6,10,20,1991,5,premier_league
11,Nottingham Forest,6,1,3,1,8,8,20,1991,5,premier_league
12,Man. Utd,6,2,1,2,6,7,20,1991,5,premier_league
13,Chelsea,6,2,0,3,7,10,20,1991,5,premier_league
14,Sunderland,5,1,2,2,8,9,20,1991,5,premier_league
15,Coventry City,5,1,2,2,6,7,20,1991,5,premier_league
16,Wimbledon FC,5,1,2,2,3,6,20,1991,5,premier_league
17,Norwich City,3,1,0,4,4,11,20,1991,5,premier_league
18,Everton,2,0,2,3,6,10,20,1991,5,premier_league
19,Sheffield United,2,0,2,3,3,8,20,1991,5,premier_league
20,Derby County,2,0,2,3,3,9,20,1991,5,premier_league
1,Liverpool,18,6,0,0,16,5,20,1991,6,premier_league
2,Arsenal,12,4,2,0,12,3,20,1991,6,premier_league
3,Tottenham Hotspur,12,3,3,0,9,2,20,1991,6,premier_league
4,Crystal Palace,12,3,3,0,10,5,20,1991,6,premier_league
5,Man. City,11,3,2,1,8,7,20,1991,6,premier_league
6,Leeds United,10,3,1,2,8,5,20,1991,6,premier_league
7,Luton Town,10,3,1,2,7,10,20,1991,6,premier_league
8,Man. Utd,9,3,1,2,9,9,20,1991,6,premier_league
9,Queens Park Range.,8,2,2,2,11,8,20,1991,6,premier_league
10,Aston Villa,8,2,2,2,9,8,20,1991,6,premier_league
11,Southampton,7,2,1,3,8,9,20,1991,6,premier_league
12,Chelsea,7,2,1,3,8,11,20,1991,6,premier_league
13,Sunderland,6,1,3,2,10,11,20,1991,6,premier_league
14,Nottingham Forest,6,1,3,2,8,10,20,1991,6,premier_league
15,Wimbledon FC,6,1,3,2,5,8,20,1991,6,premier_league
16,Norwich City,6,2,0,4,6,12,20,1991,6,premier_league
17,Coventry City,5,1,2,3,6,8,20,1991,6,premier_league
18,Everton,2,0,2,4,8,13,20,1991,6,premier_league
19,Derby County,2,0,2,4,4,11,20,1991,6,premier_league
20,Sheffield United,2,0,2,4,3,10,20,1991,6,premier_league
1,Liverpool,21,7,0,0,17,5,20,1991,7,premier_league
2,Tottenham Hotspur,15,4,3,0,11,3,20,1991,7,premier_league
3,Crystal Palace,15,4,3,0,12,5,20,1991,7,premier_league
4,Arsenal,13,4,3,0,14,5,20,1991,7,premier_league
5,Luton Town,13,4,1,2,10,11,20,1991,7,premier_league
6,Man. City,12,3,3,1,9,8,20,1991,7,premier_league
7,Leeds United,11,3,2,2,10,7,20,1991,7,premier_league
8,Man. Utd,9,3,1,3,9,10,20,1991,7,premier_league
9,Nottingham Forest,9,2,3,2,9,10,20,1991,7,premier_league
10,Queens Park Range.,8,2,2,3,12,11,20,1991,7,premier_league
11,Aston Villa,8,2,2,3,10,10,20,1991,7,premier_league
12,Coventry City,8,2,2,3,9,9,20,1991,7,premier_league
13,Chelsea,8,2,2,3,10,13,20,1991,7,premier_league
14,Wimbledon FC,7,1,4,2,6,9,20,1991,7,premier_league
15,Southampton,7,2,1,4,8,12,20,1991,7,premier_league
16,Sunderland,6,1,3,3,10,12,20,1991,7,premier_league
17,Norwich City,6,2,0,5,7,15,20,1991,7,premier_league
18,Everton,5,1,2,4,11,13,20,1991,7,premier_league
19,Sheffield United,3,0,3,4,5,12,20,1991,7,premier_league
20,Derby County,2,0,2,5,4,13,20,1991,7,premier_league
1,Liverpool,24,8,0,0,19,5,20,1991,8,premier_league
2,Arsenal,16,5,3,0,16,5,20,1991,8,premier_league
3,Tottenham Hotspur,16,4,4,0,11,3,20,1991,8,premier_league
4,Crystal Palace,16,4,4,0,13,6,20,1991,8,premier_league
5,Man. City,15,4,3,1,11,8,20,1991,8,premier_league
6,Luton Town,13,4,1,3,10,12,20,1991,8,premier_league
7,Leeds United,12,3,3,2,11,8,20,1991,8,premier_league
8,Nottingham Forest,12,3,3,2,12,11,20,1991,8,premier_league
9,Man. Utd,12,4,1,3,10,10,20,1991,8,premier_league
10,Aston Villa,11,3,2,3,13,10,20,1991,8,premier_league
11,Wimbledon FC,10,2,4,2,8,10,20,1991,8,premier_league
12,Queens Park Range.,9,2,3,3,12,11,20,1991,8,premier_league
13,Chelsea,9,2,3,3,13,16,20,1991,8,premier_league
14,Coventry City,8,2,2,4,9,11,20,1991,8,premier_league
15,Southampton,8,2,2,4,11,15,20,1991,8,premier_league
16,Sunderland,6,1,3,4,10,15,20,1991,8,premier_league
17,Norwich City,6,2,0,6,7,17,20,1991,8,premier_league
18,Everton,5,1,2,5,12,16,20,1991,8,premier_league
19,Sheffield United,3,0,3,5,6,14,20,1991,8,premier_league
20,Derby County,2,0,2,6,4,15,20,1991,8,premier_league
1,Liverpool,25,8,1,0,20,6,20,1991,9,premier_league
2,Arsenal,19,6,3,0,17,5,20,1991,9,premier_league
3,Tottenham Hotspur,19,5,4,0,15,3,20,1991,9,premier_league
4,Crystal Palace,17,4,5,0,13,6,20,1991,9,premier_league
5,Man. City,16,4,4,1,12,9,20,1991,9,premier_league
6,Nottingham Forest,13,3,4,2,12,11,20,1991,9,premier_league
7,Luton Town,13,4,1,4,10,14,20,1991,9,premier_league
8,Aston Villa,12,3,3,3,13,10,20,1991,9,premier_league
9,Queens Park Range.,12,3,3,3,15,13,20,1991,9,premier_league
10,Leeds United,12,3,3,3,13,11,20,1991,9,premier_league
11,Man. Utd,12,4,1,4,10,11,20,1991,9,premier_league
12,Wimbledon FC,11,2,5,2,8,10,20,1991,9,premier_league
13,Southampton,11,3,2,4,13,16,20,1991,9,premier_league
14,Chelsea,10,2,4,3,13,16,20,1991,9,premier_league
15,Sunderland,9,2,3,4,12,15,20,1991,9,premier_league
16,Coventry City,8,2,2,5,10,13,20,1991,9,premier_league
17,Norwich City,7,2,1,6,8,18,20,1991,9,premier_league
18,Everton,6,1,3,5,12,16,20,1991,9,premier_league
19,Derby County,3,0,3,6,5,16,20,1991,9,premier_league
20,Sheffield United,3,0,3,6,6,18,20,1991,9,premier_league
1,Liverpool,28,9,1,0,22,6,20,1991,10,premier_league
2,Arsenal,22,7,3,0,18,5,20,1991,10,premier_league
3,Tottenham Hotspur,22,6,4,0,17,4,20,1991,10,premier_league
4,Crystal Palace,20,5,5,0,17,9,20,1991,10,premier_league
5,Man. City,17,4,5,1,15,12,20,1991,10,premier_league
6,Luton Town,14,4,2,4,11,15,20,1991,10,premier_league
7,Aston Villa,13,3,4,3,13,10,20,1991,10,premier_league
8,Leeds United,13,3,4,3,13,11,20,1991,10,premier_league
9,Nottingham Forest,13,3,4,3,13,13,20,1991,10,premier_league
10,Man. Utd,13,4,2,4,13,14,20,1991,10,premier_league
11,Queens Park Range.,12,3,3,4,16,16,20,1991,10,premier_league
12,Coventry City,11,3,2,5,11,13,20,1991,10,premier_league
13,Wimbledon FC,11,2,5,3,11,14,20,1991,10,premier_league
14,Southampton,11,3,2,5,13,17,20,1991,10,premier_league
15,Chelsea,10,2,4,4,13,18,20,1991,10,premier_league
16,Norwich City,10,3,1,6,11,19,20,1991,10,premier_league
17,Sunderland,9,2,3,5,12,16,20,1991,10,premier_league
18,Everton,7,1,4,5,13,17,20,1991,10,premier_league
19,Derby County,6,1,3,6,6,16,20,1991,10,premier_league
20,Sheffield United,3,0,3,7,6,19,20,1991,10,premier_league
1,Liverpool,31,10,1,0,25,7,20,1991,11,premier_league
2,Arsenal,25,8,3,0,20,5,20,1991,11,premier_league
3,Tottenham Hotspur,22,6,4,1,18,7,20,1991,11,premier_league
4,Crystal Palace,20,5,5,1,17,11,20,1991,11,premier_league
5,Man. City,18,4,6,1,16,13,20,1991,11,premier_league
6,Leeds United,16,4,4,3,16,12,20,1991,11,premier_league
7,Man. Utd,16,5,2,4,15,14,20,1991,11,premier_league
8,Luton Town,14,4,2,5,12,17,20,1991,11,premier_league
9,Aston Villa,13,3,4,4,13,11,20,1991,11,premier_league
10,Nottingham Forest,13,3,4,4,14,16,20,1991,11,premier_league
11,Chelsea,13,3,4,4,14,18,20,1991,11,premier_league
12,Norwich City,13,4,1,6,14,19,20,1991,11,premier_league
13,Queens Park Range.,12,3,3,5,16,19,20,1991,11,premier_league
14,Wimbledon FC,12,2,6,3,12,15,20,1991,11,premier_league
15,Southampton,12,3,3,5,14,18,20,1991,11,premier_league
16,Coventry City,11,3,2,6,11,15,20,1991,11,premier_league
17,Everton,10,2,4,5,16,17,20,1991,11,premier_league
18,Sunderland,10,2,4,5,13,17,20,1991,11,premier_league
19,Derby County,9,2,3,6,8,17,20,1991,11,premier_league
20,Sheffield United,3,0,3,8,6,22,20,1991,11,premier_league
1,Liverpool,34,11,1,0,29,7,20,1991,12,premier_league
2,Arsenal,26,8,4,0,20,5,20,1991,12,premier_league
3,Tottenham Hotspur,25,7,4,1,22,9,20,1991,12,premier_league
4,Crystal Palace,21,5,6,1,17,11,20,1991,12,premier_league
5,Leeds United,19,5,4,3,19,14,20,1991,12,premier_league
6,Man. City,18,4,6,2,18,16,20,1991,12,premier_league
7,Man. Utd,17,5,3,4,15,14,20,1991,12,premier_league
8,Southampton,15,4,3,5,17,19,20,1991,12,premier_league
9,Aston Villa,14,3,5,4,14,12,20,1991,12,premier_league
10,Nottingham Forest,14,3,5,4,15,17,20,1991,12,premier_league
11,Chelsea,14,3,5,4,15,19,20,1991,12,premier_league
12,Norwich City,14,4,2,6,15,20,20,1991,12,premier_league
13,Luton Town,14,4,2,6,12,21,20,1991,12,premier_league
14,Coventry City,12,3,3,6,11,15,20,1991,12,premier_league
15,Queens Park Range.,12,3,3,6,17,22,20,1991,12,premier_league
16,Wimbledon FC,12,2,6,4,14,19,20,1991,12,premier_league
17,Everton,11,2,5,5,16,17,20,1991,12,premier_league
18,Sunderland,11,2,5,5,13,17,20,1991,12,premier_league
19,Derby County,10,2,4,6,8,17,20,1991,12,premier_league
20,Sheffield United,4,0,4,8,6,22,20,1991,12,premier_league
1,Liverpool,37,12,1,0,30,7,20,1991,13,premier_league
2,Arsenal,29,9,4,0,24,5,20,1991,13,premier_league
3,Tottenham Hotspur,26,7,5,1,23,10,20,1991,13,premier_league
4,Crystal Palace,24,6,6,1,19,12,20,1991,13,premier_league
5,Leeds United,22,6,4,3,22,14,20,1991,13,premier_league
6,Man. Utd,20,6,3,4,17,14,20,1991,13,premier_league
7,Man. City,19,4,7,2,20,18,20,1991,13,premier_league
8,Nottingham Forest,17,4,5,4,17,17,20,1991,13,premier_league
9,Norwich City,17,5,2,6,17,20,20,1991,13,premier_league
10,Wimbledon FC,15,3,6,4,16,20,20,1991,13,premier_league
11,Southampton,15,4,3,6,17,23,20,1991,13,premier_league
12,Luton Town,15,4,3,6,14,23,20,1991,13,premier_league
13,Aston Villa,14,3,5,5,14,14,20,1991,13,premier_league
14,Chelsea,14,3,5,5,16,21,20,1991,13,premier_league
15,Everton,12,2,6,5,17,18,20,1991,13,premier_league
16,Coventry City,12,3,3,7,11,16,20,1991,13,premier_league
17,Queens Park Range.,12,3,3,7,18,24,20,1991,13,premier_league
18,Sunderland,11,2,5,6,13,19,20,1991,13,premier_league
19,Derby County,10,2,4,7,8,20,20,1991,13,premier_league
20,Sheffield United,4,0,4,9,6,24,20,1991,13,premier_league
1,Liverpool,38,12,2,0,32,9,20,1991,14,premier_league
2,Arsenal,32,10,4,0,27,6,20,1991,14,premier_league
3,Tottenham Hotspur,29,8,5,1,25,11,20,1991,14,premier_league
4,Crystal Palace,27,7,6,1,22,14,20,1991,14,premier_league
5,Leeds United,23,6,5,3,23,15,20,1991,14,premier_league
6,Man. City,20,4,8,2,22,20,20,1991,14,premier_league
7,Man. Utd,20,6,3,5,19,17,20,1991,14,premier_league
8,Wimbledon FC,18,4,6,4,18,21,20,1991,14,premier_league
9,Luton Town,18,5,3,6,16,23,20,1991,14,premier_league
10,Nottingham Forest,17,4,5,5,18,19,20,1991,14,premier_league
11,Chelsea,17,4,5,5,19,23,20,1991,14,premier_league
12,Norwich City,17,5,2,7,18,22,20,1991,14,premier_league
13,Southampton,15,4,3,7,19,26,20,1991,14,premier_league
14,Aston Villa,14,3,5,6,14,16,20,1991,14,premier_league
15,Sunderland,14,3,5,6,15,19,20,1991,14,premier_league
16,Coventry City,13,3,4,7,12,17,20,1991,14,premier_league
17,Derby County,13,3,4,7,10,21,20,1991,14,premier_league
18,Everton,12,2,6,6,18,20,20,1991,14,premier_league
19,Queens Park Range.,12,3,3,8,19,27,20,1991,14,premier_league
20,Sheffield United,4,0,4,10,6,26,20,1991,14,premier_league
1,Liverpool,38,12,2,1,32,12,20,1991,15,premier_league
2,Arsenal,35,11,4,0,30,6,20,1991,15,premier_league
3,Crystal Palace,30,8,6,1,24,15,20,1991,15,premier_league
4,Tottenham Hotspur,29,8,5,2,27,14,20,1991,15,premier_league
5,Leeds United,26,7,5,3,25,16,20,1991,15,premier_league
6,Man. City,23,5,8,2,24,21,20,1991,15,premier_league
7,Man. Utd,23,7,3,5,20,17,20,1991,15,premier_league
8,Wimbledon FC,21,5,6,4,22,21,20,1991,15,premier_league
9,Chelsea,20,5,5,5,22,25,20,1991,15,premier_league
10,Luton Town,19,5,4,6,18,25,20,1991,15,premier_league
11,Nottingham Forest,18,4,6,5,20,21,20,1991,15,premier_league
12,Aston Villa,17,4,5,6,16,17,20,1991,15,premier_league
13,Norwich City,17,5,2,8,18,26,20,1991,15,premier_league
14,Derby County,16,4,4,7,12,22,20,1991,15,premier_league
15,Southampton,15,4,3,8,20,28,20,1991,15,premier_league
16,Sunderland,14,3,5,7,16,21,20,1991,15,premier_league
17,Coventry City,13,3,4,8,13,19,20,1991,15,premier_league
18,Everton,12,2,6,7,18,21,20,1991,15,premier_league
19,Queens Park Range.,12,3,3,9,20,29,20,1991,15,premier_league
20,Sheffield United,4,0,4,11,7,28,20,1991,15,premier_league
1,Liverpool,38,12,2,2,33,14,20,1991,16,premier_league
2,Arsenal,36,11,5,0,31,7,20,1991,16,premier_league
3,Tottenham Hotspur,30,8,6,2,30,17,20,1991,16,premier_league
4,Crystal Palace,30,8,6,2,25,17,20,1991,16,premier_league
5,Leeds United,27,7,6,3,26,17,20,1991,16,premier_league
6,Man. City,26,6,8,2,29,22,20,1991,16,premier_league
7,Wimbledon FC,24,6,6,4,25,21,20,1991,16,premier_league
8,Man. Utd,24,7,4,5,21,18,20,1991,16,premier_league
9,Chelsea,23,6,5,5,24,26,20,1991,16,premier_league
10,Nottingham Forest,21,5,6,5,22,22,20,1991,16,premier_league
11,Norwich City,20,6,2,8,21,27,20,1991,16,premier_league
12,Luton Town,20,5,5,6,19,26,20,1991,16,premier_league
13,Aston Villa,17,4,5,7,17,22,20,1991,16,premier_league
14,Derby County,16,4,4,8,12,23,20,1991,16,premier_league
15,Everton,15,3,6,7,19,21,20,1991,16,premier_league
16,Sunderland,15,3,6,7,19,24,20,1991,16,premier_league
17,Southampton,15,4,3,9,21,31,20,1991,16,premier_league
18,Coventry City,13,3,4,9,13,20,20,1991,16,premier_league
19,Queens Park Range.,12,3,3,10,20,32,20,1991,16,premier_league
20,Sheffield United,7,1,4,11,8,28,20,1991,16,premier_league
1,Liverpool,41,13,2,2,35,14,20,1991,17,premier_league
2,Arsenal,37,11,6,0,33,9,20,1991,17,premier_league
3,Crystal Palace,33,9,6,2,26,17,20,1991,17,premier_league
4,Tottenham Hotspur,30,8,6,3,31,19,20,1991,17,premier_league
5,Leeds United,30,8,6,3,28,17,20,1991,17,premier_league
6,Man. City,29,7,8,2,31,23,20,1991,17,premier_league
7,Chelsea,26,7,5,5,30,30,20,1991,17,premier_league
8,Wimbledon FC,25,6,7,4,27,23,20,1991,17,premier_league
9,Man. Utd,25,7,5,5,23,20,20,1991,17,premier_league
10,Nottingham Forest,24,6,6,5,24,23,20,1991,17,premier_league
11,Norwich City,23,7,2,8,23,28,20,1991,17,premier_league
12,Luton Town,20,5,5,7,19,27,20,1991,17,premier_league
13,Aston Villa,18,4,6,7,18,23,20,1991,17,premier_league
14,Southampton,16,4,4,9,22,32,20,1991,17,premier_league
15,Derby County,16,4,4,9,16,29,20,1991,17,premier_league
16,Everton,15,3,6,8,19,23,20,1991,17,premier_league
17,Sunderland,15,3,6,8,20,26,20,1991,17,premier_league
18,Coventry City,14,3,5,9,15,22,20,1991,17,premier_league
19,Queens Park Range.,12,3,3,11,21,34,20,1991,17,premier_league
20,Sheffield United,7,1,4,12,8,30,20,1991,17,premier_league
1,Liverpool,44,14,2,2,38,16,20,1991,18,premier_league
2,Arsenal,38,11,7,0,33,9,20,1991,18,premier_league
3,Crystal Palace,36,10,6,2,28,17,20,1991,18,premier_league
4,Tottenham Hotspur,33,9,6,3,33,20,20,1991,18,premier_league
5,Leeds United,33,9,6,3,29,17,20,1991,18,premier_league
6,Man. City,29,7,8,3,31,25,20,1991,18,premier_league
7,Chelsea,29,8,5,5,32,31,20,1991,18,premier_league
8,Man. Utd,28,8,5,5,26,21,20,1991,18,premier_league
9,Norwich City,26,8,2,8,24,28,20,1991,18,premier_league
10,Wimbledon FC,25,6,7,5,28,26,20,1991,18,premier_league
11,Nottingham Forest,24,6,6,6,26,26,20,1991,18,premier_league
12,Luton Town,20,5,5,8,20,29,20,1991,18,premier_league
13,Aston Villa,19,4,7,7,18,23,20,1991,18,premier_league
14,Derby County,17,4,5,9,17,30,20,1991,18,premier_league
15,Southampton,16,4,4,10,24,35,20,1991,18,premier_league
16,Everton,15,3,6,9,19,24,20,1991,18,premier_league
17,Sunderland,15,3,6,9,20,27,20,1991,18,premier_league
18,Coventry City,14,3,5,10,16,24,20,1991,18,premier_league
19,Queens Park Range.,13,3,4,11,22,35,20,1991,18,premier_league
20,Sheffield United,10,2,4,12,11,32,20,1991,18,premier_league
1,Liverpool,45,14,3,2,39,17,20,1991,19,premier_league
2,Arsenal,41,12,7,0,36,9,20,1991,19,premier_league
3,Crystal Palace,39,11,6,2,30,18,20,1991,19,premier_league
4,Leeds United,36,10,6,3,33,18,20,1991,19,premier_league
5,Tottenham Hotspur,33,9,6,4,33,22,20,1991,19,premier_league
6,Man. Utd,31,9,5,5,29,21,20,1991,19,premier_league
7,Man. City,29,7,8,4,32,27,20,1991,19,premier_league
8,Chelsea,29,8,5,6,33,35,20,1991,19,premier_league
9,Nottingham Forest,27,7,6,6,28,27,20,1991,19,premier_league
10,Norwich City,26,8,2,9,24,31,20,1991,19,premier_league
11,Wimbledon FC,25,6,7,6,29,28,20,1991,19,premier_league
12,Luton Town,20,5,5,9,20,30,20,1991,19,premier_league
13,Aston Villa,19,4,7,8,18,24,20,1991,19,premier_league
14,Southampton,19,5,4,10,26,36,20,1991,19,premier_league
15,Everton,18,4,6,9,20,24,20,1991,19,premier_league
16,Coventry City,17,4,5,10,18,24,20,1991,19,premier_league
17,Derby County,17,4,5,10,17,33,20,1991,19,premier_league
18,Sunderland,15,3,6,10,21,29,20,1991,19,premier_league
19,Queens Park Range.,14,3,5,11,23,36,20,1991,19,premier_league
20,Sheffield United,13,3,4,12,12,32,20,1991,19,premier_league
1,Liverpool,45,14,3,3,39,18,20,1991,20,premier_league
2,Arsenal,44,13,7,0,40,10,20,1991,20,premier_league
3,Crystal Palace,42,12,6,2,31,18,20,1991,20,premier_league
4,Leeds United,39,11,6,3,36,18,20,1991,20,premier_league
5,Tottenham Hotspur,33,9,6,5,33,25,20,1991,20,premier_league
6,Man. Utd,32,9,6,5,30,22,20,1991,20,premier_league
7,Man. City,32,8,8,4,35,28,20,1991,20,premier_league
8,Chelsea,29,8,5,7,33,37,20,1991,20,premier_league
9,Nottingham Forest,27,7,6,7,29,30,20,1991,20,premier_league
10,Norwich City,26,8,2,10,24,33,20,1991,20,premier_league
11,Wimbledon FC,25,6,7,7,29,31,20,1991,20,premier_league
12,Luton Town,23,6,5,9,22,30,20,1991,20,premier_league
13,Southampton,22,6,4,10,29,36,20,1991,20,premier_league
14,Everton,21,5,6,9,22,24,20,1991,20,premier_league
15,Coventry City,20,5,5,10,20,24,20,1991,20,premier_league
16,Aston Villa,20,4,8,8,19,25,20,1991,20,premier_league
17,Queens Park Range.,17,4,5,11,26,38,20,1991,20,premier_league
18,Derby County,17,4,5,11,17,35,20,1991,20,premier_league
19,Sunderland,15,3,6,11,23,32,20,1991,20,premier_league
20,Sheffield United,13,3,4,13,13,36,20,1991,20,premier_league
1,Liverpool,48,15,3,3,42,18,20,1991,21,premier_league
2,Arsenal,47,14,7,0,41,10,20,1991,21,premier_league
3,Crystal Palace,42,12,6,3,31,20,20,1991,21,premier_league
4,Leeds United,39,11,6,4,36,21,20,1991,21,premier_league
5,Man. Utd,35,10,6,5,32,23,20,1991,21,premier_league
6,Tottenham Hotspur,33,9,6,6,34,27,20,1991,21,premier_league
7,Man. City,32,8,8,5,35,29,20,1991,21,premier_league
8,Nottingham Forest,30,8,6,7,35,32,20,1991,21,premier_league
9,Chelsea,29,8,5,8,34,39,20,1991,21,premier_league
10,Wimbledon FC,28,7,7,7,31,31,20,1991,21,premier_league
11,Norwich City,26,8,2,11,26,39,20,1991,21,premier_league
12,Everton,24,6,6,9,24,25,20,1991,21,premier_league
13,Aston Villa,23,5,8,8,21,25,20,1991,21,premier_league
14,Luton Town,23,6,5,10,22,32,20,1991,21,premier_league
15,Southampton,22,6,4,11,29,37,20,1991,21,premier_league
16,Coventry City,21,5,6,10,21,25,20,1991,21,premier_league
17,Sunderland,18,4,6,11,24,32,20,1991,21,premier_league
18,Derby County,18,4,6,11,18,36,20,1991,21,premier_league
19,Queens Park Range.,17,4,5,12,26,39,20,1991,21,premier_league
20,Sheffield United,16,4,4,13,14,36,20,1991,21,premier_league
1,Liverpool,49,15,4,3,42,18,20,1991,22,premier_league
2,Arsenal,48,14,8,0,41,10,20,1991,22,premier_league
3,Crystal Palace,45,13,6,3,32,20,20,1991,22,premier_league
4,Leeds United,39,11,6,5,36,23,20,1991,22,premier_league
5,Man. Utd,38,11,6,5,35,23,20,1991,22,premier_league
6,Tottenham Hotspur,34,9,7,6,34,27,20,1991,22,premier_league
7,Nottingham Forest,33,9,6,7,38,32,20,1991,22,premier_league
8,Man. City,32,8,8,6,35,31,20,1991,22,premier_league
9,Chelsea,32,9,5,8,36,39,20,1991,22,premier_league
10,Wimbledon FC,31,8,7,7,34,32,20,1991,22,premier_league
11,Norwich City,29,9,2,11,28,39,20,1991,22,premier_league
12,Everton,27,7,6,9,26,25,20,1991,22,premier_league
13,Southampton,25,7,4,11,33,40,20,1991,22,premier_league
14,Aston Villa,24,5,9,8,21,25,20,1991,22,premier_league
15,Luton Town,23,6,5,11,25,36,20,1991,22,premier_league
16,Coventry City,21,5,6,11,21,28,20,1991,22,premier_league
17,Sunderland,18,4,6,12,24,35,20,1991,22,premier_league
18,Derby County,18,4,6,12,19,39,20,1991,22,premier_league
19,Queens Park Range.,17,4,5,13,26,41,20,1991,22,premier_league
20,Sheffield United,16,4,4,14,14,37,20,1991,22,premier_league
1,Arsenal,51,15,8,0,42,10,20,1991,23,premier_league
2,Liverpool,50,15,5,3,43,19,20,1991,23,premier_league
3,Crystal Palace,45,13,6,4,33,23,20,1991,23,premier_league
4,Leeds United,42,12,6,5,38,24,20,1991,23,premier_league
5,Man. Utd,39,11,7,5,36,24,20,1991,23,premier_league
6,Tottenham Hotspur,37,10,7,6,35,27,20,1991,23,premier_league
7,Man. City,35,9,8,6,37,31,20,1991,23,premier_league
8,Nottingham Forest,34,9,7,7,39,33,20,1991,23,premier_league
9,Wimbledon FC,32,8,8,7,35,33,20,1991,23,premier_league
10,Chelsea,32,9,5,9,36,40,20,1991,23,premier_league
11,Norwich City,32,10,2,11,31,40,20,1991,23,premier_league
12,Everton,27,7,6,10,26,26,20,1991,23,premier_league
13,Southampton,26,7,5,11,34,41,20,1991,23,premier_league
14,Aston Villa,24,5,9,9,22,27,20,1991,23,premier_league
15,Coventry City,24,6,6,11,23,29,20,1991,23,premier_league
16,Luton Town,23,6,5,12,26,38,20,1991,23,premier_league
17,Sunderland,21,5,6,12,25,35,20,1991,23,premier_league
18,Queens Park Range.,18,4,6,13,27,42,20,1991,23,premier_league
19,Derby County,18,4,6,13,19,40,20,1991,23,premier_league
20,Sheffield United,16,4,4,15,14,39,20,1991,23,premier_league
1,Arsenal,51,15,8,1,43,12,20,1991,24,premier_league
2,Liverpool,51,15,6,3,44,20,20,1991,24,premier_league
3,Crystal Palace,48,14,6,4,34,23,20,1991,24,premier_league
4,Leeds United,43,12,7,5,38,24,20,1991,24,premier_league
5,Man. Utd,40,11,8,5,37,25,20,1991,24,premier_league
6,Tottenham Hotspur,38,10,8,6,35,27,20,1991,24,premier_league
7,Man. City,38,10,8,6,39,32,20,1991,24,premier_league
8,Wimbledon FC,35,9,8,7,36,33,20,1991,24,premier_league
9,Chelsea,35,10,5,9,38,41,20,1991,24,premier_league
10,Nottingham Forest,34,9,7,8,39,34,20,1991,24,premier_league
11,Norwich City,32,10,2,12,32,42,20,1991,24,premier_league
12,Everton,30,8,6,10,28,26,20,1991,24,premier_league
13,Aston Villa,27,6,9,9,25,29,20,1991,24,premier_league
14,Southampton,26,7,5,12,35,45,20,1991,24,premier_league
15,Coventry City,24,6,6,12,23,30,20,1991,24,premier_league
16,Luton Town,23,6,5,13,27,40,20,1991,24,premier_league
17,Sunderland,21,5,6,13,25,37,20,1991,24,premier_league
18,Queens Park Range.,21,5,6,13,29,43,20,1991,24,premier_league
19,Sheffield United,19,5,4,15,18,40,20,1991,24,premier_league
20,Derby County,18,4,6,14,21,43,20,1991,24,premier_league
1,Liverpool,54,16,6,3,47,21,20,1991,25,premier_league
2,Arsenal,52,15,9,1,44,13,20,1991,25,premier_league
3,Crystal Palace,51,15,6,4,35,23,20,1991,25,premier_league
4,Leeds United,46,13,7,5,40,25,20,1991,25,premier_league
5,Man. Utd,41,11,9,5,38,26,20,1991,25,premier_league
6,Man. City,41,11,8,6,41,33,20,1991,25,premier_league
7,Tottenham Hotspur,38,10,8,7,35,28,20,1991,25,premier_league
8,Wimbledon FC,36,9,9,7,36,33,20,1991,25,premier_league
9,Nottingham Forest,35,9,8,8,40,35,20,1991,25,premier_league
10,Chelsea,35,10,5,10,39,43,20,1991,25,premier_league
11,Norwich City,33,10,3,12,32,42,20,1991,25,premier_league
12,Everton,30,8,6,11,29,29,20,1991,25,premier_league
13,Aston Villa,27,6,9,10,26,31,20,1991,25,premier_league
14,Coventry City,27,7,6,12,25,31,20,1991,25,premier_league
15,Southampton,27,7,6,12,36,46,20,1991,25,premier_league
16,Queens Park Range.,24,6,6,13,31,44,20,1991,25,premier_league
17,Luton Town,23,6,5,14,28,42,20,1991,25,premier_league
18,Sunderland,22,5,7,13,25,37,20,1991,25,premier_league
19,Derby County,19,4,7,14,21,43,20,1991,25,premier_league
20,Sheffield United,19,5,4,16,19,42,20,1991,25,premier_league
1,Liverpool,55,16,7,3,48,22,20,1991,26,premier_league
2,Arsenal,53,15,10,1,45,14,20,1991,26,premier_league
3,Crystal Palace,52,15,7,4,35,23,20,1991,26,premier_league
4,Leeds United,49,14,7,5,41,25,20,1991,26,premier_league
5,Man. City,44,12,8,6,44,33,20,1991,26,premier_league
6,Man. Utd,41,11,9,6,39,28,20,1991,26,premier_league
7,Tottenham Hotspur,39,10,9,7,38,31,20,1991,26,premier_league
8,Wimbledon FC,37,9,10,7,36,33,20,1991,26,premier_league
9,Chelsea,36,10,6,10,39,43,20,1991,26,premier_league
10,Nottingham Forest,35,9,8,9,40,36,20,1991,26,premier_league
11,Norwich City,33,10,3,13,33,44,20,1991,26,premier_league
12,Everton,31,8,7,11,32,32,20,1991,26,premier_league
13,Aston Villa,30,7,9,10,28,32,20,1991,26,premier_league
14,Coventry City,28,7,7,12,26,32,20,1991,26,premier_league
15,Southampton,28,7,7,12,37,47,20,1991,26,premier_league
16,Sunderland,25,6,7,13,26,37,20,1991,26,premier_league
17,Queens Park Range.,25,6,7,13,31,44,20,1991,26,premier_league
18,Luton Town,23,6,5,15,28,45,20,1991,26,premier_league
19,Sheffield United,22,6,4,16,21,43,20,1991,26,premier_league
20,Derby County,19,4,7,15,21,44,20,1991,26,premier_league
1,Arsenal,56,16,10,1,49,14,20,1991,27,premier_league
2,Liverpool,55,16,7,4,49,25,20,1991,27,premier_league
3,Crystal Palace,52,15,7,5,35,27,20,1991,27,premier_league
4,Leeds United,49,14,7,6,42,27,20,1991,27,premier_league
5,Man. City,47,13,8,6,46,34,20,1991,27,premier_league
6,Man. Utd,44,12,9,6,42,29,20,1991,27,premier_league
7,Wimbledon FC,40,10,10,7,41,34,20,1991,27,premier_league
8,Tottenham Hotspur,39,10,9,8,39,36,20,1991,27,premier_league
9,Chelsea,39,11,6,10,42,44,20,1991,27,premier_league
10,Nottingham Forest,36,9,9,9,42,38,20,1991,27,premier_league
11,Norwich City,33,10,3,14,34,47,20,1991,27,premier_league
12,Everton,31,8,7,12,33,34,20,1991,27,premier_league
13,Aston Villa,31,7,10,10,30,34,20,1991,27,premier_league
14,Coventry City,29,7,8,12,26,32,20,1991,27,premier_league
15,Southampton,28,7,7,13,38,49,20,1991,27,premier_league
16,Queens Park Range.,28,7,7,13,33,45,20,1991,27,premier_league
17,Sunderland,26,6,8,13,26,37,20,1991,27,premier_league
18,Luton Town,26,7,5,15,31,46,20,1991,27,premier_league
19,Sheffield United,25,7,4,16,23,44,20,1991,27,premier_league
20,Derby County,19,4,7,16,22,47,20,1991,27,premier_league
1,Arsenal,59,17,10,1,50,14,20,1991,28,premier_league
2,Liverpool,55,16,7,5,49,26,20,1991,28,premier_league
3,Crystal Palace,52,15,7,6,36,30,20,1991,28,premier_league
4,Leeds United,49,14,7,7,42,29,20,1991,28,premier_league
5,Man. City,47,13,8,7,46,35,20,1991,28,premier_league
6,Man. Utd,44,12,9,7,42,31,20,1991,28,premier_league
7,Wimbledon FC,41,10,11,7,41,34,20,1991,28,premier_league
8,Tottenham Hotspur,40,10,10,8,40,37,20,1991,28,premier_league
9,Chelsea,40,11,7,10,43,45,20,1991,28,premier_league
10,Nottingham Forest,36,9,9,10,42,39,20,1991,28,premier_league
11,Everton,34,9,7,12,35,34,20,1991,28,premier_league
12,Norwich City,34,10,4,14,34,47,20,1991,28,premier_league
13,Coventry City,32,8,8,12,29,33,20,1991,28,premier_league
14,Aston Villa,31,7,10,11,31,36,20,1991,28,premier_league
15,Southampton,31,8,7,13,40,49,20,1991,28,premier_league
16,Queens Park Range.,31,8,7,13,34,45,20,1991,28,premier_league
17,Luton Town,29,8,5,15,32,46,20,1991,28,premier_league
18,Sheffield United,28,8,4,16,25,45,20,1991,28,premier_league
19,Sunderland,27,6,9,13,29,40,20,1991,28,premier_league
20,Derby County,20,4,8,16,25,50,20,1991,28,premier_league
1,Arsenal,62,18,10,1,52,14,20,1991,29,premier_league
2,Liverpool,58,17,7,5,52,26,20,1991,29,premier_league
3,Crystal Palace,55,16,7,6,38,31,20,1991,29,premier_league
4,Leeds United,52,15,7,7,44,29,20,1991,29,premier_league
5,Man. City,47,13,8,8,46,38,20,1991,29,premier_league
6,Man. Utd,44,12,9,8,44,34,20,1991,29,premier_league
7,Wimbledon FC,44,11,11,7,43,35,20,1991,29,premier_league
8,Chelsea,43,12,7,10,46,47,20,1991,29,premier_league
9,Tottenham Hotspur,40,10,10,9,41,39,20,1991,29,premier_league
10,Nottingham Forest,39,10,9,10,43,39,20,1991,29,premier_league
11,Norwich City,37,11,4,14,36,48,20,1991,29,premier_league
12,Everton,34,9,7,13,36,36,20,1991,29,premier_league
13,Coventry City,32,8,8,13,29,35,20,1991,29,premier_league
14,Luton Town,32,9,5,15,34,47,20,1991,29,premier_league
15,Aston Villa,31,7,10,12,32,38,20,1991,29,premier_league
16,Southampton,31,8,7,14,41,51,20,1991,29,premier_league
17,Queens Park Range.,31,8,7,14,34,47,20,1991,29,premier_league
18,Sheffield United,31,9,4,16,26,45,20,1991,29,premier_league
19,Sunderland,27,6,9,14,29,41,20,1991,29,premier_league
20,Derby County,20,4,8,17,25,51,20,1991,29,premier_league
1,Arsenal,65,19,10,1,54,14,20,1991,30,premier_league
2,Liverpool,61,18,7,5,54,27,20,1991,30,premier_league
3,Crystal Palace,58,17,7,6,40,32,20,1991,30,premier_league
4,Leeds United,52,15,7,8,44,31,20,1991,30,premier_league
5,Man. City,48,13,9,8,47,39,20,1991,30,premier_league
6,Man. Utd,45,12,10,8,45,35,20,1991,30,premier_league
7,Wimbledon FC,45,11,12,7,44,36,20,1991,30,premier_league
8,Chelsea,43,12,7,11,46,48,20,1991,30,premier_league
9,Nottingham Forest,40,10,10,10,44,40,20,1991,30,premier_league
10,Tottenham Hotspur,40,10,10,10,43,42,20,1991,30,premier_league
11,Norwich City,40,12,4,14,37,48,20,1991,30,premier_league
12,Everton,37,10,7,13,40,39,20,1991,30,premier_league
13,Aston Villa,34,8,10,12,35,40,20,1991,30,premier_league
14,Queens Park Range.,34,9,7,14,35,47,20,1991,30,premier_league
15,Sheffield United,34,10,4,16,27,45,20,1991,30,premier_league
16,Coventry City,32,8,8,14,29,36,20,1991,30,premier_league
17,Luton Town,32,9,5,16,34,48,20,1991,30,premier_league
18,Southampton,31,8,7,15,44,55,20,1991,30,premier_league
19,Sunderland,27,6,9,15,30,43,20,1991,30,premier_league
20,Derby County,20,4,8,18,26,53,20,1991,30,premier_league
1,Arsenal,66,19,11,1,54,14,20,1991,31,premier_league
2,Liverpool,64,19,7,5,61,28,20,1991,31,premier_league
3,Crystal Palace,61,18,7,6,42,33,20,1991,31,premier_league
4,Leeds United,52,15,7,9,45,33,20,1991,31,premier_league
5,Man. Utd,48,13,10,8,49,36,20,1991,31,premier_league
6,Man. City,48,13,9,9,48,42,20,1991,31,premier_league
7,Wimbledon FC,46,11,13,7,45,37,20,1991,31,premier_league
8,Chelsea,43,12,7,12,46,50,20,1991,31,premier_league
9,Nottingham Forest,41,10,11,10,44,40,20,1991,31,premier_league
10,Tottenham Hotspur,41,10,11,10,43,42,20,1991,31,premier_league
11,Norwich City,41,12,5,14,37,48,20,1991,31,premier_league
12,Everton,38,10,8,13,40,39,20,1991,31,premier_league
13,Aston Villa,37,9,10,12,38,41,20,1991,31,premier_league
14,Coventry City,35,9,8,14,32,37,20,1991,31,premier_league
15,Queens Park Range.,35,9,8,14,35,47,20,1991,31,premier_league
16,Sheffield United,35,10,5,16,28,46,20,1991,31,premier_league
17,Southampton,34,9,7,15,46,55,20,1991,31,premier_league
18,Luton Town,32,9,5,17,35,52,20,1991,31,premier_league
19,Sunderland,27,6,9,16,31,46,20,1991,31,premier_league
20,Derby County,20,4,8,19,27,60,20,1991,31,premier_league
1,Arsenal,69,20,11,1,56,14,20,1991,32,premier_league
2,Liverpool,64,19,7,6,62,31,20,1991,32,premier_league
3,Crystal Palace,61,18,7,7,43,35,20,1991,32,premier_league
4,Leeds United,55,16,7,9,47,34,20,1991,32,premier_league
5,Man. Utd,51,14,10,8,52,36,20,1991,32,premier_league
6,Wimbledon FC,49,12,13,7,48,38,20,1991,32,premier_league
7,Man. City,49,13,10,9,51,45,20,1991,32,premier_league
8,Chelsea,43,12,7,13,47,52,20,1991,32,premier_league
9,Tottenham Hotspur,42,10,12,10,45,44,20,1991,32,premier_league
10,Nottingham Forest,41,10,11,11,45,43,20,1991,32,premier_league
11,Norwich City,41,12,5,15,37,51,20,1991,32,premier_league
12,Everton,39,10,9,13,42,41,20,1991,32,premier_league
13,Aston Villa,38,9,11,12,40,43,20,1991,32,premier_league
14,Queens Park Range.,38,10,8,14,38,48,20,1991,32,premier_league
15,Sheffield United,38,11,5,16,30,47,20,1991,32,premier_league
16,Coventry City,36,9,9,14,34,39,20,1991,32,premier_league
17,Southampton,35,9,8,15,49,58,20,1991,32,premier_league
18,Luton Town,32,9,5,18,36,54,20,1991,32,premier_league
19,Sunderland,30,7,9,16,33,47,20,1991,32,premier_league
20,Derby County,20,4,8,20,27,62,20,1991,32,premier_league
1,Arsenal,72,21,11,1,61,14,20,1991,33,premier_league
2,Liverpool,64,19,7,7,62,32,20,1991,33,premier_league
3,Crystal Palace,61,18,7,8,44,38,20,1991,33,premier_league
4,Leeds United,58,17,7,9,52,34,20,1991,33,premier_league
5,Man. Utd,54,15,10,8,54,37,20,1991,33,premier_league
6,Man. City,52,14,10,9,54,46,20,1991,33,premier_league
7,Wimbledon FC,49,12,13,8,49,40,20,1991,33,premier_league
8,Nottingham Forest,44,11,11,11,47,43,20,1991,33,premier_league
9,Tottenham Hotspur,43,10,13,10,45,44,20,1991,33,premier_league
10,Chelsea,43,12,7,14,47,53,20,1991,33,premier_league
11,Everton,42,11,9,13,43,41,20,1991,33,premier_league
12,Norwich City,41,12,5,16,37,52,20,1991,33,premier_league
13,Coventry City,39,10,9,14,35,39,20,1991,33,premier_league
14,Queens Park Range.,39,10,9,14,39,49,20,1991,33,premier_league
15,Southampton,38,10,8,15,50,58,20,1991,33,premier_league
16,Aston Villa,38,9,11,13,40,48,20,1991,33,premier_league
17,Sheffield United,38,11,5,17,30,49,20,1991,33,premier_league
18,Luton Town,33,9,6,18,36,54,20,1991,33,premier_league
19,Sunderland,30,7,9,17,33,52,20,1991,33,premier_league
20,Derby County,21,4,9,20,28,63,20,1991,33,premier_league
1,Arsenal,75,22,11,1,63,14,20,1991,34,premier_league
2,Liverpool,67,20,7,7,65,32,20,1991,34,premier_league
3,Leeds United,61,18,7,9,53,34,20,1991,34,premier_league
4,Crystal Palace,61,18,7,9,44,41,20,1991,34,premier_league
5,Man. Utd,55,15,11,8,55,38,20,1991,34,premier_league
6,Man. City,55,15,10,9,57,47,20,1991,34,premier_league
7,Wimbledon FC,49,12,13,9,49,41,20,1991,34,premier_league
8,Tottenham Hotspur,46,11,13,10,47,44,20,1991,34,premier_league
9,Everton,45,12,9,13,46,43,20,1991,34,premier_league
10,Nottingham Forest,44,11,11,12,48,46,20,1991,34,premier_league
11,Chelsea,44,12,8,14,50,56,20,1991,34,premier_league
12,Queens Park Range.,42,11,9,14,40,49,20,1991,34,premier_league
13,Norwich City,42,12,6,16,39,54,20,1991,34,premier_league
14,Coventry City,40,10,10,14,37,41,20,1991,34,premier_league
15,Aston Villa,39,9,12,13,41,49,20,1991,34,premier_league
16,Southampton,38,10,8,16,50,60,20,1991,34,premier_league
17,Sheffield United,38,11,5,18,30,51,20,1991,34,premier_league
18,Luton Town,34,9,7,18,39,57,20,1991,34,premier_league
19,Sunderland,30,7,9,18,33,53,20,1991,34,premier_league
20,Derby County,21,4,9,21,30,66,20,1991,34,premier_league
1,Arsenal,76,22,12,1,65,16,20,1991,35,premier_league
2,Liverpool,70,21,7,7,70,36,20,1991,35,premier_league
3,Crystal Palace,62,18,8,9,44,41,20,1991,35,premier_league
4,Leeds United,61,18,7,10,57,39,20,1991,35,premier_league
5,Man. Utd,56,15,12,8,56,39,20,1991,35,premier_league
6,Man. City,56,15,11,9,59,49,20,1991,35,premier_league
7,Wimbledon FC,52,13,13,9,50,41,20,1991,35,premier_league
8,Nottingham Forest,47,12,11,12,53,46,20,1991,35,premier_league
9,Tottenham Hotspur,47,11,14,10,48,45,20,1991,35,premier_league
10,Everton,46,12,10,13,48,45,20,1991,35,premier_league
11,Chelsea,45,12,9,14,52,58,20,1991,35,premier_league
12,Coventry City,43,11,10,14,40,41,20,1991,35,premier_league
13,Queens Park Range.,42,11,9,15,41,51,20,1991,35,premier_league
14,Norwich City,42,12,6,17,39,59,20,1991,35,premier_league
15,Southampton,41,11,8,16,53,61,20,1991,35,premier_league
16,Sheffield United,41,12,5,18,32,52,20,1991,35,premier_league
17,Aston Villa,40,9,13,13,41,49,20,1991,35,premier_league
18,Luton Town,34,9,7,19,39,58,20,1991,35,premier_league
19,Sunderland,30,7,9,19,34,56,20,1991,35,premier_league
20,Derby County,21,4,9,22,30,69,20,1991,35,premier_league
1,Arsenal,79,23,12,1,68,17,20,1991,36,premier_league
2,Liverpool,73,22,7,7,73,36,20,1991,36,premier_league
3,Crystal Palace,63,18,9,9,44,41,20,1991,36,premier_league
4,Leeds United,61,18,7,11,57,41,20,1991,36,premier_league
5,Man. City,59,16,11,9,61,50,20,1991,36,premier_league
6,Man. Utd,56,15,12,9,57,42,20,1991,36,premier_league
7,Wimbledon FC,55,14,13,9,52,42,20,1991,36,premier_league
8,Nottingham Forest,50,13,11,12,60,46,20,1991,36,premier_league
9,Tottenham Hotspur,48,11,15,10,50,47,20,1991,36,premier_league
10,Everton,47,12,11,13,48,45,20,1991,36,premier_league
11,Queens Park Range.,45,12,9,15,43,51,20,1991,36,premier_league
12,Chelsea,45,12,9,15,52,65,20,1991,36,premier_league
13,Southampton,44,12,8,16,55,62,20,1991,36,premier_league
14,Coventry City,43,11,10,15,41,43,20,1991,36,premier_league
15,Sheffield United,42,12,6,18,34,54,20,1991,36,premier_league
16,Norwich City,42,12,6,18,39,62,20,1991,36,premier_league
17,Aston Villa,40,9,13,14,42,51,20,1991,36,premier_league
18,Luton Town,34,9,7,20,40,60,20,1991,36,premier_league
19,Sunderland,33,8,9,19,36,57,20,1991,36,premier_league
20,Derby County,21,4,9,23,31,71,20,1991,36,premier_league
1,Arsenal,80,23,13,1,68,17,20,1991,37,premier_league
2,Liverpool,73,22,7,8,75,40,20,1991,37,premier_league
3,Crystal Palace,66,19,9,9,47,41,20,1991,37,premier_league
4,Leeds United,64,19,7,11,62,43,20,1991,37,premier_league
5,Man. Utd,59,16,12,9,58,42,20,1991,37,premier_league
6,Man. City,59,16,11,10,61,51,20,1991,37,premier_league
7,Wimbledon FC,55,14,13,10,52,45,20,1991,37,premier_league
8,Nottingham Forest,51,13,12,12,61,47,20,1991,37,premier_league
9,Everton,50,13,11,13,49,45,20,1991,37,premier_league
10,Tottenham Hotspur,49,11,16,10,51,48,20,1991,37,premier_league
11,Chelsea,48,13,9,15,56,67,20,1991,37,premier_league
12,Queens Park Range.,45,12,9,16,43,52,20,1991,37,premier_league
13,Norwich City,45,13,6,18,40,62,20,1991,37,premier_league
14,Coventry City,44,11,11,15,41,43,20,1991,37,premier_league
15,Southampton,44,12,8,17,57,68,20,1991,37,premier_league
16,Sheffield United,43,12,7,18,34,54,20,1991,37,premier_league
17,Aston Villa,40,9,13,15,44,56,20,1991,37,premier_league
18,Luton Town,34,9,7,21,40,61,20,1991,37,premier_league
19,Sunderland,34,8,10,19,36,57,20,1991,37,premier_league
20,Derby County,24,5,9,23,37,73,20,1991,37,premier_league
1,Arsenal,83,24,13,1,74,18,20,1991,38,premier_league
2,Liverpool,76,23,7,8,77,40,20,1991,38,premier_league
3,Crystal Palace,69,20,9,9,50,41,20,1991,38,premier_league
4,Leeds United,64,19,7,12,65,47,20,1991,38,premier_league
5,Man. City,62,17,11,10,64,53,20,1991,38,premier_league
6,Man. Utd,59,16,12,10,58,45,20,1991,38,premier_league
7,Wimbledon FC,56,14,14,10,53,46,20,1991,38,premier_league
8,Nottingham Forest,54,14,12,12,65,50,20,1991,38,premier_league
9,Everton,51,13,12,13,50,46,20,1991,38,premier_league
10,Tottenham Hotspur,49,11,16,11,51,50,20,1991,38,premier_league
11,Chelsea,49,13,10,15,58,69,20,1991,38,premier_league
12,Queens Park Range.,46,12,10,16,44,53,20,1991,38,premier_league
13,Sheffield United,46,13,7,18,36,55,20,1991,38,premier_league
14,Southampton,45,12,9,17,58,69,20,1991,38,premier_league
15,Norwich City,45,13,6,19,41,64,20,1991,38,premier_league
16,Coventry City,44,11,11,16,42,49,20,1991,38,premier_league
17,Aston Villa,41,9,14,15,46,58,20,1991,38,premier_league
18,Luton Town,37,10,7,21,42,61,20,1991,38,premier_league
19,Sunderland,34,8,10,20,38,60,20,1991,38,premier_league
20,Derby County,24,5,9,24,37,75,20,1991,38,premier_league
