Home_Team,Away_Team,Result,Link,Season,Round,League,Number_Teams,Total_Rounds,Label,Goals_For_Home,Goals_For_Away,Position_Home,Points_Home,Total_Wins_Home,Total_Draw_Home,Total_Lose_Home,Total_Goals_For_Home_Team,Total_Goals_Against_Home_Team,Total_Streak_Home,Wins_When_Home,Draw_When_Home,Lose_When_Home,Goals_For_When_Home,Goals_Against_When_Home,Position_Away,Points_Away,Total_Wins_Away,Total_Draw_Away,Total_Lose_Away,Total_Goals_For_Away_Team,Total_Goals_Against_Away_Team,Total_Streak_Away,Wins_When_Away,Draw_When_Away,Lose_When_Away,Goals_For_When_Away,Goals_Against_When_Away,Streak_When_Home,Streak_When_Away
De Graafschap,Excelsior,2-0,/match/graafschap/excelsior/2013,2013,1,eerste_divisie,18,34,0,2,0,0,0,0,0,0,0,0,,0,0,0,0,0,0,0,0,0,0,0,0,,0,0,0,0,0,,
Almere City,Go Ahead Eagles,0-2,/match/almere-city/go-ahead-eagles/2013,2013,1,eerste_divisie,18,34,2,0,2,0,0,0,0,0,0,0,,0,0,0,0,0,0,0,0,0,0,0,0,,0,0,0,0,0,,
Emmen,Dordrecht,1-1,/match/emmen/fc-dordrecht/2013,2013,1,eerste_divisie,18,34,1,1,1,0,0,0,0,0,0,0,,0,0,0,0,0,0,0,0,0,0,0,0,,0,0,0,0,0,,
SC Telstar,Helmond Sport,1-2,/match/stormvogels-telstar/helmond-sport/2013,2013,1,eerste_divisie,18,34,2,1,2,0,0,0,0,0,0,0,,0,0,0,0,0,0,0,0,0,0,0,0,,0,0,0,0,0,,
FC Eindhoven,MVV Maastricht,2-3,/match/fc-eindhoven/mvv/2013,2013,1,eerste_divisie,18,34,2,2,3,0,0,0,0,0,0,0,,0,0,0,0,0,0,0,0,0,0,0,0,,0,0,0,0,0,,
TOP Oss,Den Bosch,2-1,/match/fc-oss/fc-den-bosch/2013,2013,1,eerste_divisie,18,34,0,2,1,0,0,0,0,0,0,0,,0,0,0,0,0,0,0,0,0,0,0,0,,0,0,0,0,0,,
FC Volendam,Cambuur,1-2,/match/fc-volendam/sc-cambuur-leeuwarden/2013,2013,1,eerste_divisie,18,34,2,1,2,0,0,0,0,0,0,0,,0,0,0,0,0,0,0,0,0,0,0,0,,0,0,0,0,0,,
Den Bosch,Sparta Rotterdam,1-2,/match/fc-den-bosch/sparta-rotterdam/2013,2013,2,eerste_divisie,18,34,2,1,2,15,0,0,0,1,1,2,W,0,0,0,0,0,12,0,0,0,0,0,0,,0,0,0,0,0,,
Helmond Sport,Almere City,2-1,/match/helmond-sport/almere-city/2013,2013,2,eerste_divisie,18,34,0,2,1,3,2,1,0,0,2,1,L,0,0,0,0,0,9,0,0,0,1,0,2,L,0,0,0,0,0,,
MVV Maastricht,TOP Oss,2-0,/match/mvv/fc-oss/2013,2013,2,eerste_divisie,18,34,0,2,0,7,2,1,0,0,3,2,L,0,0,0,0,0,2,4,1,0,0,2,1,W,0,0,0,0,0,,
Excelsior,Emmen,2-0,/match/excelsior/emmen/2013,2013,2,eerste_divisie,18,34,0,2,0,18,0,0,0,1,0,2,W,0,0,0,0,0,5,2,0,1,0,1,1,D,0,0,0,0,0,,
Cambuur,Fortuna Sittard,2-0,/match/sc-cambuur-leeuwarden/fortuna-sittard/2013,2013,2,eerste_divisie,18,34,0,2,0,4,2,1,0,0,2,1,L,0,0,0,0,0,17,0,0,0,0,0,0,,0,0,0,0,0,,
Dordrecht,FC Volendam,1-2,/match/fc-dordrecht/fc-volendam/2013,2013,2,eerste_divisie,18,34,2,1,2,8,1,0,1,0,1,1,D,0,0,0,0,0,13,0,0,0,1,1,2,L,0,0,0,0,0,,
Go Ahead Eagles,De Graafschap,2-2,/match/go-ahead-eagles/graafschap/2013,2013,2,eerste_divisie,18,34,1,2,2,6,2,1,0,0,2,0,L,0,0,0,0,0,1,4,1,0,0,2,0,W,0,0,0,0,0,,
Fortuna Sittard,Emmen,3-1,/match/fortuna-sittard/emmen/2013,2013,3,eerste_divisie,18,34,0,3,1,17,0,0,0,1,0,2,W,0,0,0,0,0,8,2,0,1,1,1,3,DW,0,0,1,0,2,,W
SC Telstar,Excelsior,1-0,/match/stormvogels-telstar/excelsior/2013,2013,3,eerste_divisie,18,34,0,1,0,13,0,0,0,1,1,2,L,0,0,1,1,2,6,4,1,0,1,2,2,WW,0,0,1,0,2,L,W
Almere City,FC Volendam,1-3,/match/almere-city/fc-volendam/2013,2013,3,eerste_divisie,18,34,2,1,3,12,0,0,0,2,1,4,LW,0,0,1,0,2,10,2,1,0,1,3,3,LL,1,0,0,2,1,L,L
TOP Oss,Go Ahead Eagles,1-4,/match/fc-oss/go-ahead-eagles/2013,2013,3,eerste_divisie,18,34,2,1,4,5,4,1,0,1,2,3,WW,1,0,0,2,1,7,4,1,1,0,4,2,LD,1,0,0,2,0,W,L
De Graafschap,Helmond Sport,2-5,/match/graafschap/helmond-sport/2013,2013,3,eerste_divisie,18,34,2,2,5,4,5,1,1,0,4,2,WD,1,0,0,2,0,2,6,2,0,0,4,2,LW,1,0,0,2,1,W,L
FC Eindhoven,Cambuur,2-1,/match/fc-eindhoven/sc-cambuur-leeuwarden/2013,2013,3,eerste_divisie,18,34,0,2,1,14,0,0,0,1,2,3,L,0,0,1,2,3,3,6,2,0,0,4,1,LW,1,0,0,2,1,L,L
Den Bosch,Dordrecht,2-4,/match/fc-den-bosch/fc-dordrecht/2013,2013,3,eerste_divisie,18,34,2,2,4,15,0,0,0,2,2,4,WL,0,0,1,1,2,11,1,0,1,1,2,3,DL,0,1,0,1,1,L,D
Helmond Sport,Den Bosch,2-0,/match/helmond-sport/fc-den-bosch/2013,2013,4,eerste_divisie,18,34,0,2,0,1,8,3,0,0,9,4,LWL,1,0,0,2,1,16,0,0,0,3,4,8,WLL,0,0,1,1,2,W,W
Go Ahead Eagles,Cambuur,1-1,/match/go-ahead-eagles/sc-cambuur-leeuwarden/2013,2013,4,eerste_divisie,18,34,1,1,1,4,6,2,1,0,8,3,LDL,0,1,0,2,2,3,6,2,0,1,5,3,LWW,1,0,1,3,3,D,LW
MVV Maastricht,SC Telstar,0-0,/match/mvv/stormvogels-telstar/2013,2013,4,eerste_divisie,18,34,1,0,0,2,6,2,0,0,5,2,LW,1,0,0,2,0,8,4,1,0,1,2,2,LW,0,0,0,0,0,W,
Almere City,TOP Oss,2-3,/match/almere-city/fc-oss/2013,2013,4,eerste_divisie,18,34,2,2,3,15,0,0,0,3,2,7,LWL,0,0,2,1,5,11,4,1,0,2,3,7,WWL,0,0,1,0,2,LL,W
Emmen,Sparta Rotterdam,0-0,/match/emmen/sparta-rotterdam/2013,2013,4,eerste_divisie,18,34,1,0,0,14,2,0,1,2,2,6,DWW,0,1,0,1,1,13,2,1,0,0,2,1,L,1,0,0,2,1,D,L
FC Volendam,FC Eindhoven,4-1,/match/fc-volendam/fc-eindhoven/2013,2013,4,eerste_divisie,18,34,0,4,1,9,4,2,0,1,6,4,LLL,0,0,1,1,2,7,4,1,0,1,4,4,LW,0,0,0,0,0,L,
Excelsior,Fortuna Sittard,3-0,/match/excelsior/fortuna-sittard/2013,2013,4,eerste_divisie,18,34,0,3,0,10,4,1,0,2,2,3,WWW,1,0,0,2,0,6,4,1,0,1,3,3,WW,0,0,1,0,2,W,W
De Graafschap,MVV Maastricht,1-1,/match/graafschap/mvv/2013,2013,5,eerste_divisie,18,34,1,1,1,8,5,1,1,1,6,7,WDL,1,0,1,4,5,3,8,2,1,0,5,2,LWD,1,0,0,3,2,WL,L
TOP Oss,Dordrecht,1-1,/match/fc-oss/fc-dordrecht/2013,2013,5,eerste_divisie,18,34,1,1,1,7,6,2,0,2,6,9,WWLL,1,0,1,3,5,13,3,1,1,1,6,5,DLL,1,1,0,5,3,WL,DL
Fortuna Sittard,FC Volendam,1-0,/match/fortuna-sittard/fc-volendam/2013,2013,5,eerste_divisie,18,34,0,1,0,10,4,1,0,2,3,6,WWW,1,0,0,3,1,2,8,3,0,1,10,5,LLLW,2,0,0,5,2,W,LL
Den Bosch,Excelsior,3-0,/match/fc-den-bosch/excelsior/2013,2013,5,eerste_divisie,18,34,0,3,0,16,0,0,0,4,4,10,WLLW,0,0,2,3,6,4,8,2,0,2,5,3,WWWW,0,0,2,0,3,LL,WW
Cambuur,Almere City,5-2,/match/sc-cambuur-leeuwarden/almere-city/2013,2013,5,eerste_divisie,18,34,0,5,2,6,7,2,1,1,6,4,LWWD,1,0,0,2,0,15,0,0,0,4,4,10,LWLL,0,0,1,1,2,W,W
FC Eindhoven,Helmond Sport,3-4,/match/fc-eindhoven/helmond-sport/2013,2013,5,eerste_divisie,18,34,2,3,4,11,4,1,0,2,5,8,LWW,1,0,1,4,4,1,12,4,0,0,11,4,LWLW,2,0,0,7,3,LW,LL
Sparta Rotterdam,Go Ahead Eagles,3-0,/match/sparta-rotterdam/go-ahead-eagles/2013,2013,5,eerste_divisie,18,34,0,3,0,14,3,1,1,0,2,1,LD,0,0,0,0,0,5,8,2,2,0,9,4,LDLD,2,0,0,6,1,,LL
SC Telstar,Emmen,0-0,/match/stormvogels-telstar/emmen/2013,2013,5,eerste_divisie,18,34,1,0,0,9,5,1,1,1,2,2,LWD,1,0,1,2,2,12,4,0,2,2,2,6,DWWD,0,0,2,1,5,LW,WW
Dordrecht,SC Telstar,3-2,/match/fc-dordrecht/stormvogels-telstar/2013,2013,6,eerste_divisie,18,34,0,3,2,14,4,1,2,1,7,6,DLLD,0,0,1,1,2,10,7,1,2,1,2,2,LWDD,0,1,0,0,0,L,D
Cambuur,Sparta Rotterdam,3-2,/match/sc-cambuur-leeuwarden/sparta-rotterdam/2013,2013,6,eerste_divisie,18,34,0,3,2,2,11,3,1,1,11,6,LWWDW,2,0,0,7,2,11,7,2,1,0,5,1,LDW,1,1,0,2,1,WW,LD
Almere City,De Graafschap,1-0,/match/almere-city/graafschap/2013,2013,6,eerste_divisie,18,34,0,1,0,16,0,0,0,5,6,15,LWLLW,0,0,3,3,8,9,7,1,2,1,7,8,WDLD,0,1,0,2,2,LLL,D
FC Volendam,TOP Oss,3-1,/match/fc-volendam/fc-oss/2013,2013,6,eerste_divisie,18,34,0,3,1,4,8,3,0,2,10,6,LLLWW,1,0,1,5,3,5,8,2,1,2,7,10,WWLLD,1,0,1,3,4,LW,WL
Helmond Sport,Fortuna Sittard,1-1,/match/helmond-sport/fortuna-sittard/2013,2013,6,eerste_divisie,18,34,1,1,1,1,14,5,0,0,15,7,LWLWL,2,0,0,4,1,6,8,2,0,2,4,6,WWWW,0,0,2,0,5,WW,WW
Go Ahead Eagles,Den Bosch,3-0,/match/go-ahead-eagles/fc-den-bosch/2013,2013,6,eerste_divisie,18,34,0,3,0,7,8,2,2,1,9,7,LDLDW,0,2,0,3,3,15,4,1,0,4,7,10,WLLWW,0,0,2,1,4,DD,WW
Excelsior,FC Eindhoven,1-1,/match/excelsior/fc-eindhoven/2013,2013,6,eerste_divisie,18,34,1,1,1,8,8,2,0,3,5,6,WWWWW,2,0,0,5,0,13,4,1,0,3,8,12,LWWL,0,0,1,1,4,WW,W
Den Bosch,Emmen,0-3,/match/fc-den-bosch/emmen/2013,2013,7,eerste_divisie,18,34,2,0,3,15,4,1,0,5,7,13,WLLWWW,1,0,2,6,6,13,5,0,3,2,2,6,DWWDD,0,1,2,1,5,LLW,WWD
Fortuna Sittard,Go Ahead Eagles,2-0,/match/fortuna-sittard/go-ahead-eagles/2013,2013,7,eerste_divisie,18,34,0,2,0,7,9,2,1,2,5,7,WWWWD,2,0,0,4,1,4,12,3,2,1,12,7,LDLDWW,2,0,1,6,4,WW,LLW
Sparta Rotterdam,Almere City,4-3,/match/sparta-rotterdam/almere-city/2013,2013,7,eerste_divisie,18,34,0,4,3,10,7,2,1,1,7,4,LDWW,1,0,0,3,0,16,4,1,0,5,7,15,LWLLWW,0,0,2,3,7,W,WW
FC Eindhoven,De Graafschap,0-2,/match/fc-eindhoven/graafschap/2013,2013,7,eerste_divisie,18,34,2,0,2,14,5,1,1,3,9,13,LWWLD,1,0,2,7,8,12,7,1,2,2,7,9,WDLDW,0,1,1,2,3,LWL,DW
SC Telstar,FC Volendam,0-3,/match/stormvogels-telstar/fc-volendam/2013,2013,7,eerste_divisie,18,34,2,0,3,11,7,1,2,2,4,5,LWDDW,1,1,1,2,2,3,12,4,0,2,13,7,LLLWWW,2,0,1,5,3,LWD,LLW
MVV Maastricht,Excelsior,4-2,/match/mvv/excelsior/2013,2013,7,eerste_divisie,18,34,0,4,2,6,9,2,2,0,6,3,LWDD,1,1,0,2,0,5,10,2,1,3,6,7,WWWWWD,0,0,3,0,6,WD,WWW
Helmond Sport,Dordrecht,0-3,/match/helmond-sport/fc-dordrecht/2013,2013,7,eerste_divisie,18,34,2,0,3,1,16,5,1,0,16,8,LWLWLD,2,1,0,5,2,9,8,2,2,1,10,8,DLLDW,1,2,0,6,4,WWD,DLD
Almere City,Fortuna Sittard,0-2,/match/almere-city/fortuna-sittard/2013,2013,8,eerste_divisie,18,34,2,0,2,16,4,1,0,6,10,19,LWLLWWW,1,0,3,4,8,4,13,3,1,2,7,7,WWWWDW,0,1,2,1,6,LLLW,WWD
Go Ahead Eagles,SC Telstar,2-1,/match/go-ahead-eagles/stormvogels-telstar/2013,2013,8,eerste_divisie,18,34,0,2,1,6,12,3,2,2,12,9,LDLDWWW,1,2,0,6,3,12,7,1,2,3,4,8,LWDDWL,0,1,1,2,3,DDW,DW
De Graafschap,Sparta Rotterdam,1-1,/match/graafschap/sparta-rotterdam/2013,2013,8,eerste_divisie,18,34,1,1,1,10,9,2,2,2,9,9,WDLDWL,1,1,1,5,6,7,11,3,1,1,11,7,LDWWW,1,1,1,4,4,WLD,LDW
Cambuur,Dordrecht,2-1,/match/sc-cambuur-leeuwarden/fc-dordrecht/2013,2013,8,eerste_divisie,18,34,0,2,1,2,15,4,1,1,14,8,LWWDWW,3,0,0,10,4,8,10,3,2,1,13,8,DLLDWL,2,2,0,9,4,WWW,DLDL
Emmen,MVV Maastricht,0-3,/match/emmen/mvv/2013,2013,8,eerste_divisie,18,34,2,0,3,13,7,1,3,2,5,6,DWWDDL,0,2,0,1,1,5,13,3,2,0,10,5,LWDDW,1,1,0,4,3,DD,LD
Excelsior,Helmond Sport,2-2,/match/excelsior/helmond-sport/2013,2013,8,eerste_divisie,18,34,1,2,2,9,10,2,1,4,8,11,WWWWWDW,2,1,0,6,1,1,16,5,1,1,16,11,LWLWLDL,3,0,0,11,6,WWD,LLL
FC Eindhoven,TOP Oss,4-1,/match/fc-eindhoven/fc-oss/2013,2013,8,eerste_divisie,18,34,0,4,1,14,5,1,1,4,9,15,LWWLDL,1,0,3,7,10,11,8,2,1,3,8,13,WWLLDW,1,0,2,4,7,LWLL,WLW
Dordrecht,Excelsior,3-3,/match/fc-dordrecht/excelsior/2013,2013,9,eerste_divisie,18,34,1,3,3,10,10,3,2,2,14,10,DLLDWLW,1,0,1,4,4,7,12,2,2,4,10,13,WWWWWDWD,0,0,4,2,10,LW,WWWW
MVV Maastricht,Almere City,2-1,/match/mvv/almere-city/2013,2013,9,eerste_divisie,18,34,0,2,1,5,15,4,2,0,13,5,LWDDWL,2,1,0,6,2,16,4,1,0,7,10,21,LWLLWWWL,0,0,3,6,11,WDW,WWW
Den Bosch,Cambuur,2-1,/match/fc-den-bosch/sc-cambuur-leeuwarden/2013,2013,9,eerste_divisie,18,34,0,2,1,15,4,1,0,6,7,16,WLLWWWL,1,0,3,6,9,1,19,5,1,1,16,9,LWWDWWW,1,1,1,4,4,LLWL,LWD
Helmond Sport,Go Ahead Eagles,2-2,/match/helmond-sport/go-ahead-eagles/2013,2013,9,eerste_divisie,18,34,1,2,2,2,17,5,2,1,18,13,LWLWLDLD,2,1,1,5,5,3,16,4,2,2,14,10,LDLDWWWW,2,0,2,6,6,WWDL,LLWW
TOP Oss,Fortuna Sittard,0-3,/match/fc-oss/fortuna-sittard/2013,2013,9,eerste_divisie,18,34,2,0,3,12,8,2,1,4,9,17,WWLLDWW,1,1,1,4,6,4,15,4,1,2,9,7,WWWWDWL,1,1,2,3,6,WLD,WWDL
SC Telstar,FC Eindhoven,3-1,/match/stormvogels-telstar/fc-eindhoven/2013,2013,9,eerste_divisie,18,34,0,3,1,13,7,1,2,4,5,10,LWDDWLW,1,1,2,2,5,11,9,2,1,4,13,16,LWWLDLW,0,1,1,2,5,LWDL,WD
Sparta Rotterdam,FC Volendam,2-1,/match/sparta-rotterdam/fc-volendam/2013,2013,9,eerste_divisie,18,34,0,2,1,8,12,3,2,1,12,8,LDWWWD,2,0,0,7,3,6,14,5,0,2,16,7,LLLWWWL,3,0,1,8,3,WW,LLWL
Emmen,Helmond Sport,1-1,/match/emmen/helmond-sport/2013,2013,10,eerste_divisie,18,34,1,1,1,15,7,1,3,3,5,9,DWWDDLL,0,2,1,1,4,2,19,5,3,1,20,15,LWLWLDLDD,3,1,0,13,8,DDL,LLLD
Go Ahead Eagles,Dordrecht,0-2,/match/go-ahead-eagles/fc-dordrecht/2013,2013,10,eerste_divisie,18,34,2,0,2,4,17,4,3,2,16,12,LDLDWWWWD,2,2,0,8,4,9,12,3,3,2,17,13,DLLDWLWD,2,2,1,10,6,DDWW,DLDLW
Cambuur,MVV Maastricht,1-3,/match/sc-cambuur-leeuwarden/mvv/2013,2013,10,eerste_divisie,18,34,2,1,3,1,19,5,1,2,17,11,LWWDWWWW,4,0,0,12,5,3,19,5,2,0,15,6,LWDDWLW,2,1,0,7,3,WWWW,LDL
De Graafschap,TOP Oss,1-1,/match/graafschap/fc-oss/2013,2013,10,eerste_divisie,18,34,1,1,1,10,11,2,3,2,10,10,WDLDWLD,1,2,1,6,7,13,8,2,1,5,9,20,WWLLDWWL,1,0,3,5,11,WLDD,WLWW
Fortuna Sittard,SC Telstar,2-0,/match/fortuna-sittard/stormvogels-telstar/2013,2013,10,eerste_divisie,18,34,0,2,0,5,17,5,1,2,12,7,WWWWDWLL,3,0,0,6,1,11,11,2,2,4,8,11,LWDDWLWW,0,1,2,3,5,WWW,DWW
FC Eindhoven,Sparta Rotterdam,3-0,/match/fc-eindhoven/sparta-rotterdam/2013,2013,10,eerste_divisie,18,34,0,3,0,12,9,2,1,5,14,19,LWWLDLWW,2,0,3,11,11,6,16,4,2,1,14,9,LDWWWDW,1,2,1,5,5,LWLLW,LDWD
FC Volendam,Den Bosch,1-2,/match/fc-volendam/fc-den-bosch/2013,2013,10,eerste_divisie,18,34,2,1,2,7,14,5,0,3,17,9,LLLWWWLW,2,0,1,8,4,14,8,2,0,6,9,17,WLLWWWLW,0,0,3,1,7,LWW,WWW
Excelsior,Go Ahead Eagles,1-6,/match/excelsior/go-ahead-eagles/2013,2013,11,eerste_divisie,18,34,2,1,6,11,13,2,3,4,13,16,WWWWWDWDD,2,2,0,8,3,5,17,4,3,3,16,14,LDLDWWWWDL,2,1,2,8,8,WWDD,LLWWD
SC Telstar,Almere City,1-2,/match/stormvogels-telstar/almere-city/2013,2013,11,eerste_divisie,18,34,2,1,2,12,11,2,2,5,8,13,LWDDWLWWW,2,1,2,5,6,16,4,1,0,8,11,23,LWLLWWWLW,0,0,4,7,13,LWDLW,WWWW
Emmen,De Graafschap,1-3,/match/emmen/graafschap/2013,2013,11,eerste_divisie,18,34,2,1,3,15,9,1,4,3,6,10,DWWDDLLD,0,3,1,2,5,10,13,2,4,2,11,11,WDLDWLDD,1,1,1,4,3,DDLD,DWL
Helmond Sport,Cambuur,3-1,/match/helmond-sport/sc-cambuur-leeuwarden/2013,2013,11,eerste_divisie,18,34,0,3,1,3,20,5,4,1,21,16,LWLWLDLDDD,2,2,1,7,7,4,19,5,1,3,18,14,LWWDWWWWL,1,1,2,5,6,WWDLD,LWDW
Dordrecht,FC Eindhoven,3-0,/match/fc-dordrecht/fc-eindhoven/2013,2013,11,eerste_divisie,18,34,0,3,0,8,14,4,3,2,19,13,DLLDWLWDL,1,1,1,7,7,9,13,3,1,5,17,19,LWWLDLWWW,0,1,2,3,8,LWD,WDW
Den Bosch,Fortuna Sittard,1-0,/match/fc-den-bosch/fortuna-sittard/2013,2013,11,eerste_divisie,18,34,0,1,0,13,10,3,0,6,11,18,WLLWWWLWL,2,0,3,8,10,2,21,6,1,2,14,7,WWWWDWLLW,2,1,2,6,6,LLWLW,WWDLL
MVV Maastricht,Sparta Rotterdam,0-1,/match/mvv/sparta-rotterdam/2013,2013,11,eerste_divisie,18,34,2,0,1,1,21,6,2,0,18,7,LWDDWLWL,3,1,0,8,3,6,16,4,2,2,14,12,LDWWWDWW,1,2,2,5,8,WDWW,LDWDW
Almere City,Emmen,1-0,/match/almere-city/emmen/2013,2013,12,eerste_divisie,18,34,0,1,0,16,6,2,0,8,13,24,LWLLWWWLWL,1,0,4,4,10,15,9,1,4,4,7,13,DWWDDLLDL,1,1,2,4,5,LLLWL,WWDL
MVV Maastricht,Den Bosch,4-0,/match/mvv/fc-den-bosch/2013,2013,12,eerste_divisie,18,34,0,4,0,2,21,6,2,1,18,8,LWDDWLWLL,3,1,1,8,4,10,14,4,0,6,12,18,WLLWWWLWLW,1,0,3,3,8,WDWWL,WWWL
De Graafschap,Dordrecht,3-4,/match/graafschap/fc-dordrecht/2013,2013,12,eerste_divisie,18,34,2,3,4,8,15,3,4,2,14,12,WDLDWLDDL,1,3,1,7,8,6,18,5,3,2,22,13,DLLDWLWDLW,3,2,1,12,6,WLDDD,DLDLWL
TOP Oss,SC Telstar,1-0,/match/fc-oss/stormvogels-telstar/2013,2013,12,eerste_divisie,18,34,0,1,0,14,9,2,2,5,10,21,WWLLDWWLD,1,1,2,4,9,13,11,2,2,6,9,15,LWDDWLWWWL,0,1,3,3,7,WLDL,DWWW
Sparta Rotterdam,Helmond Sport,2-0,/match/sparta-rotterdam/helmond-sport/2013,2013,12,eerste_divisie,18,34,0,2,0,7,18,5,2,2,15,12,LDWWWDWWL,3,0,0,9,4,1,24,6,4,1,24,17,LWLWLDLDDDW,3,2,0,14,9,WWW,LLLDD
FC Eindhoven,Go Ahead Eagles,1-4,/match/fc-eindhoven/go-ahead-eagles/2013,2013,12,eerste_divisie,18,34,2,1,4,11,13,3,1,6,17,22,LWWLDLWWWW,3,0,3,14,11,5,19,5,3,3,22,15,LDLDWWWWDLL,3,1,2,14,9,LWLLWW,LLWWDL
FC Volendam,Excelsior,3-1,/match/fc-volendam/excelsior/2013,2013,12,eerste_divisie,18,34,0,3,1,9,14,5,0,4,18,11,LLLWWWLWL,2,0,2,9,6,12,13,2,3,5,14,22,WWWWWDWDDL,0,1,4,5,13,LWWL,WWWWD
Helmond Sport,FC Volendam,2-0,/match/helmond-sport/fc-volendam/2013,2013,13,eerste_divisie,18,34,0,2,0,2,24,6,4,2,24,19,LWLWLDLDDDWW,3,2,1,10,8,8,18,6,0,4,21,12,LLLWWWLWLW,3,0,2,9,5,WWDLDW,LLWLW
Den Bosch,Almere City,0-2,/match/fc-den-bosch/almere-city/2013,2013,13,eerste_divisie,18,34,2,0,2,10,14,4,0,7,12,22,WLLWWWLWLWW,3,0,3,9,10,15,10,3,0,8,14,24,LWLLWWWLWLW,1,0,4,9,14,LLWLWW,WWWWL
Dordrecht,MVV Maastricht,3-3,/match/fc-dordrecht/mvv/2013,2013,13,eerste_divisie,18,34,1,3,3,6,20,6,3,2,26,16,DLLDWLWDLWL,2,1,1,10,7,1,25,7,2,1,22,8,LWDDWLWLLW,3,1,0,10,4,LWDW,LDLL
Fortuna Sittard,Sparta Rotterdam,1-3,/match/fortuna-sittard/sparta-rotterdam/2013,2013,13,eerste_divisie,18,34,2,1,3,4,21,6,1,3,14,8,WWWWDWLLWW,4,0,0,8,1,3,22,6,2,2,17,12,LDWWWDWWLW,2,2,2,6,8,WWWW,LDWDWL
Excelsior,TOP Oss,1-3,/match/excelsior/fc-oss/2013,2013,13,eerste_divisie,18,34,2,1,3,12,13,2,3,6,15,25,WWWWWDWDDLW,2,2,1,9,9,13,13,3,2,5,11,21,WWLLDWWLDW,1,1,3,6,12,WWDDL,WLWWD
Emmen,FC Eindhoven,2-2,/match/emmen/fc-eindhoven/2013,2013,13,eerste_divisie,18,34,1,2,2,16,9,1,4,5,7,14,DWWDDLLDLW,0,3,2,3,8,11,13,3,1,7,18,26,LWWLDLWWWWL,0,1,3,3,11,DDLDL,WDWW
Cambuur,De Graafschap,2-0,/match/sc-cambuur-leeuwarden/graafschap/2013,2013,13,eerste_divisie,18,34,0,2,0,7,19,5,1,4,19,17,LWWDWWWWLW,4,0,1,13,8,9,15,3,4,3,17,16,WDLDWLDDLL,2,1,1,7,4,WWWWL,DWLL
FC Volendam,Emmen,3-2,/match/fc-volendam/emmen/2013,2013,14,eerste_divisie,18,34,0,3,2,8,18,6,0,5,21,14,LLLWWWLWLWW,3,0,2,12,7,16,11,1,5,5,9,16,DWWDDLLDLWD,1,1,3,4,6,LWWLW,WWDLW
MVV Maastricht,Go Ahead Eagles,3-3,/match/mvv/go-ahead-eagles/2013,2013,14,eerste_divisie,18,34,1,3,3,2,26,7,3,1,25,11,LWDDWLWLLWD,4,1,1,12,4,7,21,6,3,3,26,16,LDLDWWWWDLLL,4,1,2,18,10,WDWWLW,LLWWDLL
De Graafschap,Fortuna Sittard,2-2,/match/graafschap/fortuna-sittard/2013,2013,14,eerste_divisie,18,34,1,2,2,10,15,3,4,4,17,18,WDLDWLDDLLW,1,3,2,10,12,6,21,6,1,4,15,11,WWWWDWLLWWL,2,1,3,6,7,WLDDDL,WWDLLW
Den Bosch,SC Telstar,0-1,/match/fc-den-bosch/stormvogels-telstar/2013,2013,14,eerste_divisie,18,34,2,0,1,11,14,4,0,8,12,24,WLLWWWLWLWWL,3,0,4,9,12,15,11,2,2,7,9,16,LWDDWLWWWLW,0,1,4,3,8,LLWLWWL,DWWWW
FC Eindhoven,Almere City,1-2,/match/fc-eindhoven/almere-city/2013,2013,14,eerste_divisie,18,34,2,1,2,12,14,3,2,7,20,28,LWWLDLWWWWLD,3,0,4,15,15,14,12,4,0,8,16,24,LWLLWWWLWLWL,2,0,4,11,14,LWLLWWL,WWWWLL
Sparta Rotterdam,Dordrecht,3-0,/match/sparta-rotterdam/fc-dordrecht/2013,2013,14,eerste_divisie,18,34,0,3,0,3,24,7,2,2,20,13,LDWWWDWWLWL,4,0,0,11,4,5,22,6,4,2,29,19,DLLDWLWDLWLD,4,2,1,16,9,WWWW,DLDLWLL
TOP Oss,Cambuur,1-3,/match/fc-oss/sc-cambuur-leeuwarden/2013,2013,14,eerste_divisie,18,34,2,1,3,9,15,4,2,5,14,22,WWLLDWWLDWL,2,1,2,5,9,4,23,6,1,4,21,17,LWWDWWWWLWW,1,1,3,6,9,WLDLW,LWDWW
Cambuur,SC Telstar,3-2,/match/sc-cambuur-leeuwarden/stormvogels-telstar/2013,2013,15,eerste_divisie,18,34,0,3,2,4,25,7,1,4,24,18,LWWDWWWWLWWL,5,0,1,15,8,15,13,3,2,7,10,16,LWDDWLWWWLWL,1,1,4,4,8,WWWWLW,DWWWWL
Go Ahead Eagles,Emmen,2-1,/match/go-ahead-eagles/emmen/2013,2013,15,eerste_divisie,18,34,0,2,1,7,22,6,4,3,29,19,LDLDWWWWDLLLD,2,2,1,8,6,16,11,1,5,6,11,19,DWWDDLLDLWDW,1,1,4,6,9,DDWWL,WWDLWW
Helmond Sport,MVV Maastricht,1-1,/match/helmond-sport/mvv/2013,2013,15,eerste_divisie,18,34,1,1,1,1,28,7,4,2,26,19,LWLWLDLDDDWWW,4,2,1,12,8,2,28,7,4,1,28,14,LWDDWLWLLWDD,3,2,0,13,7,WWDLDWW,LDLLD
Almere City,Excelsior,2-1,/match/almere-city/excelsior/2013,2013,15,eerste_divisie,18,34,0,2,1,13,14,5,0,8,18,25,LWLLWWWLWLWLL,2,0,4,5,10,14,13,2,3,7,16,28,WWWWWDWDDLWL,0,1,5,6,16,LLLWLW,WWWWDW
Fortuna Sittard,FC Eindhoven,1-1,/match/fortuna-sittard/fc-eindhoven/2013,2013,15,eerste_divisie,18,34,1,1,1,6,22,6,2,4,17,13,WWWWDWLLWWLD,4,0,1,9,4,12,14,3,2,8,21,30,LWWLDLWWWWLDL,0,2,3,5,13,WWWWL,WDWWD
Sparta Rotterdam,TOP Oss,5-1,/match/sparta-rotterdam/fc-oss/2013,2013,15,eerste_divisie,18,34,0,5,1,3,28,8,2,2,23,13,LDWWWDWWLWLW,5,0,0,14,4,10,15,4,2,6,15,25,WWLLDWWLDWLL,2,1,3,9,13,WWWWW,WLWWDL
FC Volendam,De Graafschap,0-1,/match/fc-volendam/graafschap/2013,2013,15,eerste_divisie,18,34,2,0,1,8,22,7,0,5,24,16,LLLWWWLWLWWW,4,0,2,15,9,9,17,3,5,4,19,20,WDLDWLDDLLWD,2,1,2,7,6,LWWLWW,DWLLW
Excelsior,Sparta Rotterdam,2-1,/match/excelsior/sparta-rotterdam/2013,2013,16,eerste_divisie,18,34,0,2,1,14,13,2,3,8,17,30,WWWWWDWDDLWLW,2,2,2,10,12,1,32,9,2,2,28,14,LDWWWDWWLWLWW,3,2,2,9,9,WWDDLL,LDWDWLL
Dordrecht,Fortuna Sittard,0-1,/match/fc-dordrecht/fortuna-sittard/2013,2013,16,eerste_divisie,18,34,2,0,1,7,22,6,4,3,29,22,DLLDWLWDLWLDW,2,2,1,13,10,6,24,6,3,4,18,14,WWWWDWLLWWLDD,2,2,3,8,9,LWDWD,WWDLLWD
SC Telstar,De Graafschap,0-0,/match/stormvogels-telstar/graafschap/2013,2013,16,eerste_divisie,18,34,1,0,0,15,13,3,2,8,12,19,LWDDWLWWWLWLW,2,1,3,6,8,9,19,4,5,4,20,20,WDLDWLDDLLWDL,3,1,2,8,6,LWDLWL,DWLLWL
Helmond Sport,TOP Oss,3-3,/match/helmond-sport/fc-oss/2013,2013,16,eerste_divisie,18,34,1,3,3,2,30,7,5,2,27,20,LWLWLDLDDDWWWD,4,3,1,13,9,12,15,4,2,7,16,30,WWLLDWWLDWLLW,2,1,4,10,18,WWDLDWWD,WLWWDLW
MVV Maastricht,FC Volendam,3-4,/match/mvv/fc-volendam/2013,2013,16,eerste_divisie,18,34,2,3,4,4,29,7,5,1,29,15,LWDDWLWLLWDDD,4,2,1,15,7,8,22,7,0,6,24,17,LLLWWWLWLWWWL,3,0,3,9,7,WDWWLWD,LLWLWW
Den Bosch,FC Eindhoven,3-1,/match/fc-den-bosch/fc-eindhoven/2013,2013,16,eerste_divisie,18,34,0,3,1,13,14,4,0,9,12,25,WLLWWWLWLWWLL,3,0,5,9,13,11,15,3,3,8,22,31,LWWLDLWWWWLDLD,0,3,3,6,14,LLWLWWLL,WDWWDD
Emmen,Cambuur,1-3,/match/emmen/sc-cambuur-leeuwarden/2013,2013,16,eerste_divisie,18,34,2,1,3,16,11,1,5,7,12,21,DWWDDLLDLWDWW,0,4,2,5,10,3,29,8,1,4,27,20,LWWDWWWWLWWLW,2,1,3,9,10,DDLDLD,LWDWWL
Sparta Rotterdam,SC Telstar,3-3,/match/sparta-rotterdam/stormvogels-telstar/2013,2013,17,eerste_divisie,18,34,1,3,3,1,32,9,2,3,29,16,LDWWWDWWLWLWWW,6,0,0,19,5,15,15,3,3,8,12,19,LWDDWLWWWLWLWD,1,1,5,6,11,WWWWWW,DWWWWLW
Cambuur,Excelsior,3-2,/match/sc-cambuur-leeuwarden/excelsior/2013,2013,17,eerste_divisie,18,34,0,3,2,3,31,9,1,4,30,21,LWWDWWWWLWWLWL,6,0,1,18,10,12,17,3,3,8,19,31,WWWWWDWDDLWLWW,0,1,6,7,18,WWWWLWW,WWWWDWW
Almere City,Dordrecht,2-3,/match/almere-city/fc-dordrecht/2013,2013,17,eerste_divisie,18,34,2,2,3,11,18,6,0,8,20,26,LWLLWWWLWLWLLW,3,0,4,7,11,8,22,6,4,4,29,23,DLLDWLWDLWLDWL,4,2,2,16,12,LLLWLWW,DLDLWLLW
TOP Oss,Emmen,2-2,/match/fc-oss/emmen/2013,2013,17,eerste_divisie,18,34,1,2,2,13,16,4,3,7,19,33,WWLLDWWLDWLLWD,2,1,3,6,12,16,11,1,5,8,13,24,DWWDDLLDLWDWWL,1,1,5,7,11,WLDLWL,WWDLWWW
Fortuna Sittard,MVV Maastricht,1-2,/match/fortuna-sittard/mvv/2013,2013,17,eerste_divisie,18,34,2,1,2,6,26,7,3,4,19,14,WWWWDWLLWWLDDL,4,1,1,10,5,4,29,7,5,2,32,19,LWDDWLWLLWDDDL,3,3,0,14,8,WWWWLD,LDLLDD
De Graafschap,Den Bosch,3-0,/match/graafschap/fc-den-bosch/2013,2013,17,eerste_divisie,18,34,0,3,0,9,20,4,6,4,20,20,WDLDWLDDLLWDLD,1,4,2,12,14,10,18,5,0,9,15,26,WLLWWWLWLWWLLW,1,0,4,3,12,WLDDDLD,WWWLW
FC Volendam,Go Ahead Eagles,4-3,/match/fc-volendam/go-ahead-eagles/2013,2013,17,eerste_divisie,18,34,0,4,3,7,24,8,0,6,28,20,LLLWWWLWLWWWLL,4,0,3,15,10,5,26,7,4,3,31,20,LDLDWWWWDLLLDW,4,2,2,21,13,LWWLWWL,LLWWDLLD
Excelsior,De Graafschap,1-3,/match/excelsior/graafschap/2013,2013,18,eerste_divisie,18,34,2,1,3,13,17,3,3,9,21,34,WWWWWDWDDLWLWWW,3,2,2,12,13,9,24,5,6,4,23,20,WDLDWLDDLLWDLDW,3,2,2,8,6,WWDDLLW,DWLLWLD
Dordrecht,Emmen,0-0,/match/fc-dordrecht/emmen/2013,2013,18,eerste_divisie,18,34,1,0,0,8,24,7,4,4,32,25,DLLDWLWDLWLDWLL,2,2,2,13,11,16,12,1,6,8,15,26,DWWDDLLDLWDWWLD,1,2,5,9,13,LWDWDL,WWDLWWWD
Helmond Sport,SC Telstar,1-0,/match/helmond-sport/stormvogels-telstar/2013,2013,18,eerste_divisie,18,34,0,1,0,3,32,7,6,2,30,23,LWLWLDLDDDWWWDD,4,4,1,16,12,14,16,3,4,8,15,22,LWDDWLWWWLWLWDD,1,2,5,9,14,WWDLDWWDD,DWWWWLWD
Cambuur,FC Volendam,2-2,/match/sc-cambuur-leeuwarden/fc-volendam/2013,2013,18,eerste_divisie,18,34,1,2,2,1,35,10,1,4,33,23,LWWDWWWWLWWLWLW,7,0,1,21,12,5,28,9,0,6,32,23,LLLWWWLWLWWWLLW,4,0,3,13,10,WWWWLWWW,LLWLWWL
MVV Maastricht,FC Eindhoven,3-2,/match/mvv/fc-eindhoven/2013,2013,18,eerste_divisie,18,34,0,3,2,4,31,8,5,2,34,20,LWDDWLWLLWDDDLL,4,2,2,18,11,15,15,3,3,9,23,34,LWWLDLWWWWLDLDW,0,3,4,7,17,WDWWLWDL,WDWWDDW
Go Ahead Eagles,Almere City,2-2,/match/go-ahead-eagles/almere-city/2013,2013,18,eerste_divisie,18,34,1,2,2,6,26,7,4,4,34,24,LDLDWWWWDLLLDWW,3,2,1,10,7,12,18,6,0,9,22,29,LWLLWWWLWLWLLWL,3,0,4,13,15,DDWWLW,WWWWLLL
Den Bosch,TOP Oss,1-2,/match/fc-den-bosch/fc-oss/2013,2013,18,eerste_divisie,18,34,2,1,2,11,18,5,0,10,15,29,WLLWWWLWLWWLLWW,4,0,5,12,14,10,18,4,4,7,21,35,WWLLDWWLDWLLWDD,2,2,4,13,21,LLWLWWLLW,WLWWDLWD
Almere City,Helmond Sport,0-1,/match/almere-city/helmond-sport/2013,2013,19,eerste_divisie,18,34,2,0,1,11,19,6,1,9,24,31,LWLLWWWLWLWLLWLD,3,0,5,9,14,2,36,8,6,2,31,23,LWLWLDLDDDWWWDDW,3,2,1,14,11,LLLWLWWL,LLLDDW
FC Volendam,Dordrecht,6-1,/match/fc-volendam/fc-dordrecht/2013,2013,19,eerste_divisie,18,34,0,6,1,5,29,9,1,6,34,25,LLLWWWLWLWWWLLWD,5,0,3,19,13,8,26,7,5,4,32,25,DLLDWLWDLWLDWLLD,5,2,2,19,14,LWWLWWLW,DLDLWLLWL
TOP Oss,MVV Maastricht,0-2,/match/fc-oss/mvv/2013,2013,19,eerste_divisie,18,34,2,0,2,10,20,5,4,7,23,36,WWLLDWWLDWLLWDDL,2,2,3,8,14,3,35,9,5,2,37,22,LWDDWLWLLWDDDLLW,4,3,0,16,9,WLDLWLD,LDLLDDL
De Graafschap,Go Ahead Eagles,5-2,/match/graafschap/go-ahead-eagles/2013,2013,19,eerste_divisie,18,34,0,5,2,9,26,6,6,4,26,21,WDLDWLDDLLWDLDWL,2,4,2,15,14,6,28,7,5,4,36,26,LDLDWWWWDLLLDWWD,4,2,3,24,17,WLDDDLDW,LLWWDLLDW
Sparta Rotterdam,Den Bosch,1-5,/match/sparta-rotterdam/fc-den-bosch/2013,2013,19,eerste_divisie,18,34,2,1,5,4,34,9,3,3,32,19,LDWWWDWWLWLWWWD,6,1,0,22,8,12,18,5,0,11,16,31,WLLWWWLWLWWLLWWL,1,0,5,3,15,WWWWWWD,WWWLWW
Emmen,Excelsior,3-1,/match/emmen/excelsior/2013,2013,19,eerste_divisie,18,34,0,3,1,16,13,1,7,8,15,26,DWWDDLLDLWDWWLDD,0,4,3,6,13,13,17,3,3,10,22,37,WWWWWDWDDLWLWWWL,0,1,7,9,21,DDLDLDL,WWWWDWWW
Fortuna Sittard,Cambuur,1-0,/match/fortuna-sittard/sc-cambuur-leeuwarden/2013,2013,19,eerste_divisie,18,34,0,1,0,7,26,7,3,5,20,16,WWWWDWLLWWLDDLL,4,1,2,11,7,1,37,10,2,4,35,25,LWWDWWWWLWWLWLWD,3,1,3,12,11,WWWWLDL,LWDWWLL
Excelsior,SC Telstar,0-0,/match/excelsior/stormvogels-telstar/2013,2013,20,eerste_divisie,18,34,1,0,0,13,17,3,3,11,23,40,WWWWWDWDDLWLWWWLW,3,2,3,13,16,15,16,3,4,9,15,23,LWDDWLWWWLWLWDDW,1,2,6,9,15,WWDDLLWL,DWWWWLWDW
FC Volendam,Almere City,2-1,/match/fc-volendam/almere-city/2013,2013,20,eerste_divisie,18,34,0,2,1,5,33,10,1,6,40,26,LLLWWWLWLWWWLLWDW,6,0,3,25,14,12,19,6,1,10,24,32,LWLLWWWLWLWLLWLDL,3,1,4,15,17,LWWLWWLWW,WWWWLLLD
Go Ahead Eagles,TOP Oss,2-2,/match/go-ahead-eagles/fc-oss/2013,2013,20,eerste_divisie,18,34,1,2,2,8,28,7,5,5,38,31,LDLDWWWWDLLLDWWDW,3,3,1,12,9,11,20,5,4,8,23,38,WWLLDWWLDWLLWDDLL,3,2,4,15,22,DDWWLWD,WLWWDLWDL
Helmond Sport,De Graafschap,2-2,/match/helmond-sport/graafschap/2013,2013,20,eerste_divisie,18,34,1,2,2,1,38,9,6,2,32,23,LWLWLDLDDDWWWDDWL,5,4,1,17,12,7,30,7,6,4,31,23,WDLDWLDDLLWDLDWLW,4,2,2,11,7,WWDLDWWDDW,DWLLWLDL
Emmen,Fortuna Sittard,3-2,/match/emmen/fortuna-sittard/2013,2013,20,eerste_divisie,18,34,0,3,2,14,17,2,7,8,18,27,DWWDDLLDLWDWWLDDW,1,4,3,9,14,6,30,8,3,5,21,16,WWWWDWLLWWLDDLLW,3,2,3,9,9,DDLDLDLW,WWDLLWDL
Dordrecht,Den Bosch,1-2,/match/fc-dordrecht/fc-den-bosch/2013,2013,20,eerste_divisie,18,34,2,1,2,9,26,7,5,5,33,31,DLLDWLWDLWLDWLLDW,2,3,2,13,11,10,20,6,0,11,21,32,WLLWWWLWLWWLLWWLL,2,0,5,8,16,LWDWDLD,WWWLWWL
Cambuur,FC Eindhoven,1-0,/match/sc-cambuur-leeuwarden/fc-eindhoven/2013,2013,20,eerste_divisie,18,34,0,1,0,2,37,10,2,5,35,26,LWWDWWWWLWWLWLWDW,7,1,1,23,14,16,15,3,3,10,25,37,LWWLDLWWWWLDLDWW,0,3,5,9,20,WWWWLWWWD,WDWWDDWW
Den Bosch,Go Ahead Eagles,1-0,/match/fc-den-bosch/go-ahead-eagles/2013,2013,21,eerste_divisie,18,34,0,1,0,10,22,7,0,11,23,33,WLLWWWLWLWWLLWWLLL,4,0,6,13,16,8,30,7,6,5,40,33,LDLDWWWWDLLLDWWDWD,4,2,4,26,22,LLWLWWLLWL,LLWWDLLDWW
De Graafschap,Almere City,5-1,/match/graafschap/almere-city/2013,2013,21,eerste_divisie,18,34,0,5,1,6,31,7,7,4,33,25,WDLDWLDDLLWDLDWLWD,3,4,2,20,16,13,19,6,1,11,25,34,LWLLWWWLWLWLLWLDLW,3,1,5,16,19,WLDDDLDWW,WWWWLLLDW
TOP Oss,FC Volendam,2-2,/match/fc-oss/fc-volendam/2013,2013,21,eerste_divisie,18,34,1,2,2,11,21,5,5,8,25,40,WWLLDWWLDWLLWDDLLD,2,2,4,8,16,4,37,11,1,6,42,27,LLLWWWLWLWWWLLWDWW,4,1,3,15,12,WLDLWLDL,LLWLWWLD
Fortuna Sittard,Helmond Sport,1-1,/match/fortuna-sittard/helmond-sport/2013,2013,21,eerste_divisie,18,34,1,1,1,7,30,8,3,6,23,19,WWWWDWLLWWLDDLLWW,5,1,2,12,7,2,40,9,7,2,34,25,LWLWLDLDDDWWWDDWLD,4,2,1,15,11,WWWWLDLW,LLLDDWL
SC Telstar,Dordrecht,2-0,/match/stormvogels-telstar/fc-dordrecht/2013,2013,21,eerste_divisie,18,34,0,2,0,15,17,3,5,9,15,23,LWDDWLWWWLWLWDDWD,2,2,3,6,8,9,26,7,5,6,34,33,DLLDWLWDLWLDWLLDWL,5,2,3,20,20,LWDLWLD,DLDLWLLWLW
FC Eindhoven,Excelsior,1-1,/match/fc-eindhoven/excelsior/2013,2013,21,eerste_divisie,18,34,1,1,1,16,15,3,3,11,25,38,LWWLDLWWWWLDLDWWW,3,0,5,16,17,14,19,3,4,11,23,40,WWWWWDWDDLWLWWWLWD,0,1,8,10,24,LWLLWWLL,WWWWDWWWW
Sparta Rotterdam,Cambuur,1-0,/match/sparta-rotterdam/sc-cambuur-leeuwarden/2013,2013,21,eerste_divisie,18,34,0,1,0,5,34,9,3,4,33,24,LDWWWDWWLWLWWWDL,6,1,1,23,13,1,41,11,2,5,36,26,LWWDWWWWLWWLWLWDWW,3,1,4,12,12,WWWWWWDL,LWDWWLLW
Almere City,Sparta Rotterdam,0-3,/match/almere-city/sparta-rotterdam/2013,2013,22,eerste_divisie,18,34,2,0,3,15,19,6,1,12,26,39,LWLLWWWLWLWLLWLDLWW,3,0,6,9,15,4,38,10,3,4,34,24,LDWWWDWWLWLWWWDLW,3,2,3,10,11,LLLWLWWLL,LDWDWLLW
Dordrecht,Helmond Sport,2-4,/match/fc-dordrecht/helmond-sport/2013,2013,22,eerste_divisie,18,34,2,2,4,10,26,7,5,7,34,35,DLLDWLWDLWLDWLLDWLW,2,3,3,14,13,2,41,9,8,2,35,26,LWLWLDLDDDWWWDDWLDD,4,3,1,16,12,LWDWDLDL,LLLDDWLD
Excelsior,MVV Maastricht,1-2,/match/excelsior/mvv/2013,2013,22,eerste_divisie,18,34,2,1,2,14,20,3,5,11,24,41,WWWWWDWDDLWLWWWLWDD,3,3,3,13,16,5,37,10,5,2,39,22,LWDDWLWLLWDDDLLWL,5,3,0,18,9,WWDDLLWLD,LDLLDDLL
Go Ahead Eagles,Fortuna Sittard,4-1,/match/go-ahead-eagles/fortuna-sittard/2013,2013,22,eerste_divisie,18,34,0,4,1,8,30,7,6,6,40,34,LDLDWWWWDLLLDWWDWDW,3,4,1,14,11,7,32,8,4,6,24,20,WWWWDWLLWWLDDLLWWD,3,2,4,11,12,DDWWLWDD,WWDLLWDLW
Emmen,Den Bosch,1-2,/match/emmen/fc-den-bosch/2013,2013,22,eerste_divisie,18,34,2,1,2,12,21,3,7,8,21,29,DWWDDLLDLWDWWLDDWW,2,4,3,12,16,9,26,8,0,11,24,33,WLLWWWLWLWWLLWWLLLW,3,0,5,10,17,DDLDLDLWW,WWWLWWLL
De Graafschap,FC Eindhoven,2-2,/match/graafschap/fc-eindhoven/2013,2013,22,eerste_divisie,18,34,1,2,2,6,35,8,7,4,38,26,WDLDWLDDLLWDLDWLWDW,4,4,2,25,17,16,17,3,4,11,26,39,LWWLDLWWWWLDLDWWWD,0,3,6,9,21,WLDDDLDWWW,WDWWDDWWW
FC Volendam,SC Telstar,6-2,/match/fc-volendam/stormvogels-telstar/2013,2013,22,eerste_divisie,18,34,0,6,2,3,38,11,2,6,44,29,LLLWWWLWLWWWLLWDWWD,7,0,3,27,15,13,21,4,5,9,17,23,LWDDWLWWWLWLWDDWDW,1,3,6,9,15,LWWLWWLWWW,DWWWWLWDWD
TOP Oss,De Graafschap,0-2,/match/fc-oss/graafschap/2013,2013,23,eerste_divisie,18,34,2,0,2,11,23,5,6,8,27,42,WWLLDWWLDWLLWDDLLDD,2,3,4,10,18,6,37,8,8,4,40,28,WDLDWLDDLLWDLDWLWDWD,4,3,2,13,9,WLDLWLDLD,DWLLWLDLD
Helmond Sport,Emmen,4-3,/match/helmond-sport/emmen/2013,2013,23,eerste_divisie,18,34,0,4,3,1,43,10,8,2,39,28,LWLWLDLDDDWWWDDWLDDL,5,5,1,19,14,12,21,3,7,9,22,31,DWWDDLLDLWDWWLDDWWL,1,3,5,9,13,WWDLDWWDDWD,WWDLWWWDD
Dordrecht,Go Ahead Eagles,1-1,/match/fc-dordrecht/go-ahead-eagles/2013,2013,23,eerste_divisie,18,34,1,1,1,10,26,7,5,8,36,39,DLLDWLWDLWLDWLLDWLWL,2,3,4,16,17,7,34,8,6,6,44,35,LDLDWWWWDLLLDWWDWDWW,4,2,5,26,23,LWDWDLDLL,LLWWDLLDWWW
SC Telstar,Fortuna Sittard,2-0,/match/stormvogels-telstar/fortuna-sittard/2013,2013,23,eerste_divisie,18,34,0,2,0,13,21,4,5,10,19,29,LWDDWLWWWLWLWDDWDWW,3,2,3,8,8,8,32,8,4,7,25,24,WWWWDWLLWWLDDLLWWDW,3,2,5,12,16,LWDLWLDW,WWDLLWDLWW
MVV Maastricht,Cambuur,1-2,/match/mvv/sc-cambuur-leeuwarden/2013,2013,23,eerste_divisie,18,34,2,1,2,5,39,11,5,2,41,23,LWDDWLWLLWDDDLLWLL,5,2,2,21,13,3,41,11,2,6,36,27,LWWDWWWWLWWLWLWDWWW,3,1,5,12,13,WDWWLWDLW,LWDWWLLWW
Sparta Rotterdam,FC Eindhoven,6-1,/match/sparta-rotterdam/fc-eindhoven/2013,2013,23,eerste_divisie,18,34,0,6,1,4,40,11,3,4,37,24,LDWWWDWWLWLWWWDLWL,7,1,1,24,13,16,18,3,5,11,28,41,LWWLDLWWWWLDLDWWWDD,0,4,6,11,23,WWWWWWDLW,WDWWDDWWWD
Den Bosch,FC Volendam,1-1,/match/fc-den-bosch/fc-volendam/2013,2013,23,eerste_divisie,18,34,1,1,1,9,28,9,0,11,26,34,WLLWWWLWLWWLLWWLLLWL,5,0,6,14,16,2,42,12,2,6,50,31,LLLWWWLWLWWWLLWDWWDW,4,2,3,17,14,LLWLWWLLWLW,LLWLWWLDD
Almere City,MVV Maastricht,3-1,/match/almere-city/mvv/2013,2013,24,eerste_divisie,18,34,0,3,1,15,19,6,1,13,26,42,LWLLWWWLWLWLLWLDLWWL,3,0,7,9,18,5,39,11,5,3,42,25,LWDDWLWLLWDDDLLWLLL,6,3,0,20,10,LLLWLWWLLL,LDLLDDLLL
Cambuur,Den Bosch,0-0,/match/sc-cambuur-leeuwarden/fc-den-bosch/2013,2013,24,eerste_divisie,18,34,1,0,0,4,43,12,2,6,38,28,LWWDWWWWLWWLWLWDWWWL,8,1,1,24,14,9,30,9,1,11,27,35,WLLWWWLWLWWLLWWLLLWLD,4,0,5,12,18,WWWWLWWWDW,WWWLWWLLL
Fortuna Sittard,TOP Oss,0-1,/match/fortuna-sittard/fc-oss/2013,2013,24,eerste_divisie,18,34,2,0,1,8,32,8,4,8,25,26,WWWWDWLLWWLDDLLWWDWW,5,2,2,13,8,12,23,5,6,9,27,44,WWLLDWWLDWLLWDDLLDDL,3,3,4,17,24,WWWWLDLWD,WLWWDLWDLD
Go Ahead Eagles,Helmond Sport,2-1,/match/go-ahead-eagles/helmond-sport/2013,2013,24,eerste_divisie,18,34,0,2,1,7,35,8,7,6,45,36,LDLDWWWWDLLLDWWDWDWWD,4,4,1,18,12,1,47,11,8,2,43,31,LWLWLDLDDDWWWDDWLDDLW,5,3,1,20,14,DDWWLWDDW,LLLDDWLDL
Excelsior,Dordrecht,2-2,/match/excelsior/fc-dordrecht/2013,2013,24,eerste_divisie,18,34,1,2,2,14,20,3,5,12,25,43,WWWWWDWDDLWLWWWLWDDL,3,3,4,14,18,10,28,7,6,8,37,40,DLLDWLWDLWLDWLLDWLWLD,5,2,4,20,22,WWDDLLWLDL,DLDLWLLWLWW
FC Volendam,Sparta Rotterdam,1-4,/match/fc-volendam/sparta-rotterdam/2013,2013,24,eerste_divisie,18,34,2,1,4,3,43,12,3,6,51,32,LLLWWWLWLWWWLLWDWWDWD,8,0,3,33,17,2,44,12,3,4,43,25,LDWWWDWWLWLWWWDLWLW,4,2,3,13,11,LWWLWWLWWWW,LDWDWLLWL
FC Eindhoven,SC Telstar,0-2,/match/fc-eindhoven/stormvogels-telstar/2013,2013,24,eerste_divisie,18,34,2,0,2,16,18,3,5,12,29,47,LWWLDLWWWWLDLDWWWDDW,3,1,5,17,18,11,25,5,5,10,21,29,LWDDWLWWWLWLWDDWDWWW,1,3,7,11,21,LWLLWWLLD,DWWWWLWDWDW
SC Telstar,Go Ahead Eagles,1-3,/match/stormvogels-telstar/go-ahead-eagles/2013,2013,25,eerste_divisie,18,34,2,1,3,11,27,6,5,10,23,29,LWDDWLWWWLWLWDDWDWWWL,4,2,3,10,8,7,39,9,7,6,47,37,LDLDWWWWDLLLDWWDWDWWDW,4,3,5,27,24,LWDLWLDWW,LLWWDLLDWWWD
Sparta Rotterdam,De Graafschap,2-1,/match/sparta-rotterdam/graafschap/2013,2013,25,eerste_divisie,18,34,0,2,1,2,46,13,3,4,47,26,LDWWWDWWLWLWWWDLWLWL,8,1,1,30,14,6,39,9,8,4,42,28,WDLDWLDDLLWDLDWLWDWDL,5,3,2,15,9,WWWWWWDLWW,DWLLWLDLDL
Helmond Sport,Excelsior,1-1,/match/helmond-sport/excelsior/2013,2013,25,eerste_divisie,18,34,1,1,1,1,47,11,8,3,44,33,LWLWLDLDDDWWWDDWLDDLWW,6,5,1,23,17,14,22,3,6,12,27,45,WWWWWDWDDLWLWWWLWDDLD,0,2,8,11,25,WWDLDWWDDWDW,WWWWDWWWWD
MVV Maastricht,Emmen,1-2,/match/mvv/emmen/2013,2013,25,eerste_divisie,18,34,2,1,2,5,39,11,5,4,43,28,LWDDWLWLLWDDDLLWLLLW,5,2,3,22,15,15,21,3,7,10,25,35,DWWDDLLDLWDWWLDDWWLW,1,3,6,12,17,WDWWLWDLWL,WWDLWWWDDW
TOP Oss,FC Eindhoven,1-0,/match/fc-oss/fc-eindhoven/2013,2013,25,eerste_divisie,18,34,0,1,0,12,25,6,6,9,28,44,WWLLDWWLDWLLWDDLLDDLL,2,3,5,10,20,16,18,3,5,13,29,49,LWWLDLWWWWLDLDWWWDDWL,0,4,7,12,29,WLDLWLDLDL,WDWWDDWWWDW
Fortuna Sittard,Almere City,1-0,/match/fortuna-sittard/almere-city/2013,2013,25,eerste_divisie,18,34,0,1,0,8,32,8,4,9,25,27,WWWWDWLLWWLDDLLWWDWWL,5,2,3,13,9,13,23,7,1,13,29,43,LWLLWWWLWLWLLWLDLWWLW,3,1,6,17,24,WWWWLDLWDL,WWWWLLLDWW
Dordrecht,Cambuur,0-3,/match/fc-dordrecht/sc-cambuur-leeuwarden/2013,2013,25,eerste_divisie,18,34,2,0,3,10,29,7,7,8,39,42,DLLDWLWDLWLDWLLDWLWLDD,2,4,4,17,18,3,45,12,3,6,38,28,LWWDWWWWLWWLWLWDWWWLD,4,1,5,14,14,LWDWDLDLLD,LWDWWLLWWL
TOP Oss,Sparta Rotterdam,1-1,/match/fc-oss/sparta-rotterdam/2013,2013,26,eerste_divisie,18,34,1,1,1,10,29,7,6,9,29,44,WWLLDWWLDWLLWDDLLDDLLW,3,3,5,11,20,1,50,14,3,4,49,27,LDWWWDWWLWLWWWDLWLWLW,5,2,3,17,12,WLDLWLDLDLW,LDWDWLLWLL
Excelsior,Almere City,5-0,/match/excelsior/almere-city/2013,2013,26,eerste_divisie,18,34,0,5,0,14,23,3,7,12,28,46,WWWWWDWDDLWLWWWLWDDLDD,3,4,4,16,20,13,23,7,1,14,29,44,LWLLWWWLWLWLLWLDLWWLWW,3,1,7,17,25,WWDDLLWLDLD,WWWWLLLDWWW
SC Telstar,Cambuur,1-1,/match/stormvogels-telstar/sc-cambuur-leeuwarden/2013,2013,26,eerste_divisie,18,34,1,1,1,12,27,6,5,11,24,32,LWDDWLWWWLWLWDDWDWWWLL,4,2,4,11,11,3,47,13,3,6,41,28,LWWDWWWWLWWLWLWDWWWLDL,5,1,5,17,14,LWDLWLDWWL,LWDWWLLWWLL
MVV Maastricht,Helmond Sport,2-3,/match/mvv/helmond-sport/2013,2013,26,eerste_divisie,18,34,2,2,3,6,39,11,5,5,44,30,LWDDWLWLLWDDDLLWLLLWL,5,2,4,23,17,2,49,11,9,3,45,34,LWLWLDLDDDWWWDDWLDDLWWD,5,3,2,21,16,WDWWLWDLWLL,LLLDDWLDLW
De Graafschap,FC Volendam,0-2,/match/graafschap/fc-volendam/2013,2013,26,eerste_divisie,18,34,2,0,2,7,39,9,8,5,43,30,WDLDWLDDLLWDLDWLWDWDLW,4,5,2,27,19,4,43,12,3,7,52,36,LLLWWWLWLWWWLLWDWWDWDL,4,3,3,18,15,WLDDDLDWWWD,LLWLWWLDDD
Emmen,Go Ahead Eagles,2-0,/match/emmen/go-ahead-eagles/2013,2013,26,eerste_divisie,18,34,0,2,0,15,23,4,7,10,27,36,DWWDDLLDLWDWWLDDWWLWL,2,4,4,13,18,5,41,10,7,6,50,38,LDLDWWWWDLLLDWWDWDWWDWL,5,3,5,30,25,DDLDLDLWWL,LLWWDLLDWWWDL
FC Eindhoven,Fortuna Sittard,0-3,/match/fc-eindhoven/fortuna-sittard/2013,2013,26,eerste_divisie,18,34,2,0,3,16,18,3,5,14,29,50,LWWLDLWWWWLDLDWWWDDWLW,3,1,6,17,20,8,36,9,4,9,26,27,WWWWDWLLWWLDDLLWWDWWLW,3,2,6,12,18,LWLLWWLLDL,WWDLLWDLWWW
Cambuur,Helmond Sport,2-0,/match/sc-cambuur-leeuwarden/helmond-sport/2013,2013,27,eerste_divisie,18,34,0,2,0,3,48,13,4,6,42,29,LWWDWWWWLWWLWLWDWWWLDLD,8,2,1,24,14,2,51,12,9,3,48,36,LWLWLDLDDDWWWDDWLDDLWWDL,6,3,2,24,18,WWWWLWWWDWD,LLLDDWLDLWL
Sparta Rotterdam,MVV Maastricht,0-1,/match/sparta-rotterdam/mvv/2013,2013,27,eerste_divisie,18,34,2,0,1,1,51,14,4,4,50,28,LDWWWDWWLWLWWWDLWLWLWD,9,1,1,32,15,6,39,11,5,6,46,33,LWDDWLWLLWDDDLLWLLLWLL,6,3,1,21,13,WWWWWWDLWWW,LDLLDDLLLW
Almere City,SC Telstar,3-1,/match/almere-city/stormvogels-telstar/2013,2013,27,eerste_divisie,18,34,0,3,1,15,23,7,1,15,29,49,LWLLWWWLWLWLLWLDLWWLWWW,4,0,7,12,19,12,29,6,6,11,25,33,LWDDWLWWWLWLWDDWDWWWLLD,2,3,7,13,21,LLLWLWWLLLW,DWWWWLWDWDWL
De Graafschap,Emmen,4-1,/match/graafschap/emmen/2013,2013,27,eerste_divisie,18,34,0,4,1,7,39,9,8,6,43,32,WDLDWLDDLLWDLDWLWDWDLWL,4,5,3,27,21,14,27,5,7,10,29,36,DWWDDLLDLWDWWLDDWWLWLW,2,3,6,14,18,WLDDDLDWWWDL,WWDLWWWDDWL
Fortuna Sittard,Den Bosch,0-0,/match/fortuna-sittard/fc-den-bosch/2013,2013,27,eerste_divisie,18,34,1,0,0,8,38,10,4,9,29,27,WWWWDWLLWWLDDLLWWDWWLWL,6,2,3,14,9,10,31,9,2,11,27,35,WLLWWWLWLWWLLWWLLLWLDD,4,1,5,12,18,WWWWLDLWDLW,WWWLWWLLLD
FC Eindhoven,Dordrecht,1-5,/match/fc-eindhoven/fc-dordrecht/2013,2013,27,eerste_divisie,18,34,2,1,5,16,18,3,5,15,29,53,LWWLDLWWWWLDLDWWWDDWLWL,3,1,7,17,23,11,29,7,7,9,39,45,DLLDWLWDLWLDWLLDWLWLDDL,5,3,4,22,24,LWLLWWLLDLL,DLDLWLLWLWWD
Go Ahead Eagles,Excelsior,4-1,/match/go-ahead-eagles/excelsior/2013,2013,27,eerste_divisie,18,34,0,4,1,5,41,10,7,7,50,40,LDLDWWWWDLLLDWWDWDWWDWLW,5,4,1,20,13,13,27,4,7,12,33,46,WWWWWDWDDLWLWWWLWDDLDDW,0,3,8,12,26,DDWWLWDDWW,WWWWDWWWWDD
Dordrecht,TOP Oss,0-1,/match/fc-dordrecht/fc-oss/2013,2013,28,eerste_divisie,18,34,2,0,1,11,31,8,7,9,44,46,DLLDWLWDLWLDWLLDWLWLDDLL,2,4,5,17,21,10,31,7,7,9,30,45,WWLLDWWLDWLLWDDLLDDLLWD,4,3,4,18,24,LWDWDLDLLDL,WLWWDLWDLDL
FC Volendam,Fortuna Sittard,3-2,/match/fc-volendam/fortuna-sittard/2013,2013,28,eerste_divisie,18,34,0,3,2,4,45,13,3,7,54,36,LLLWWWLWLWWWLLWDWWDWDLL,8,0,4,34,21,8,40,10,5,9,29,27,WWWWDWLLWWLDDLLWWDWWLWLD,4,2,6,15,18,LWWLWWLWWWWL,WWDLLWDLWWWL
Excelsior,Den Bosch,1-1,/match/excelsior/fc-den-bosch/2013,2013,28,eerste_divisie,18,34,1,1,1,13,27,4,7,13,34,50,WWWWWDWDDLWLWWWLWDDLDDWW,4,4,4,21,20,9,32,9,3,11,27,35,WLLWWWLWLWWLLWWLLLWLDDD,4,2,5,12,18,WWDDLLWLDLDW,WWWLWWLLLDD
Emmen,SC Telstar,1-1,/match/emmen/stormvogels-telstar/2013,2013,28,eerste_divisie,18,34,1,1,1,14,27,5,7,11,30,40,DWWDDLLDLWDWWLDDWWLWLWW,3,4,4,15,18,12,29,6,6,12,26,36,LWDDWLWWWLWLWDDWDWWWLLDW,2,3,8,14,24,DDLDLDLWWLW,DWWWWLWDWDWLW
Almere City,Cambuur,2-1,/match/almere-city/sc-cambuur-leeuwarden/2013,2013,28,eerste_divisie,18,34,0,2,1,15,27,8,1,15,32,50,LWLLWWWLWLWLLWLDLWWLWWWW,5,0,7,15,20,1,52,14,4,6,44,29,LWWDWWWWLWWLWLWDWWWLDLDW,5,2,5,18,15,LLLWLWWLLLWW,LWDWWLLWWLLD
Go Ahead Eagles,Sparta Rotterdam,3-2,/match/go-ahead-eagles/sparta-rotterdam/2013,2013,28,eerste_divisie,18,34,0,3,2,5,45,11,7,7,54,41,LDLDWWWWDLLLDWWDWDWWDWLWW,6,4,1,24,14,2,51,14,4,5,50,29,LDWWWDWWLWLWWWDLWLWLWDL,5,3,3,18,13,DDWWLWDDWWW,LDWDWLLWLLD
MVV Maastricht,De Graafschap,2-2,/match/mvv/graafschap/2013,2013,28,eerste_divisie,18,34,1,2,2,7,41,12,5,6,47,33,LWDDWLWLLWDDDLLWLLLWLLL,5,2,5,25,20,6,43,10,8,6,47,33,WDLDWLDDLLWDLDWLWDWDLWLW,5,3,3,16,11,WDWWLWDLWLLL,DWLLWLDLDLW
Helmond Sport,FC Eindhoven,2-1,/match/helmond-sport/fc-eindhoven/2013,2013,28,eerste_divisie,18,34,0,2,1,3,51,12,9,4,48,38,LWLWLDLDDDWWWDDWLDDLWWDLW,6,6,1,24,18,16,18,3,5,16,30,58,LWWLDLWWWWLDLDWWWDDWLWLL,0,4,8,12,30,WWDLDWWDDWDWD,WDWWDDWWWDWW
TOP Oss,Almere City,3-2,/match/fc-oss/almere-city/2013,2013,29,eerste_divisie,18,34,0,3,2,9,33,8,7,9,31,45,WWLLDWWLDWLLWDDLLDDLLWDL,3,4,5,12,21,12,31,9,1,15,34,51,LWLLWWWLWLWLLWLDLWWLWWWWW,3,1,8,17,30,WLDLWLDLDLWD,WWWWLLLDWWWW
Sparta Rotterdam,Emmen,0-1,/match/sparta-rotterdam/emmen/2013,2013,29,eerste_divisie,18,34,2,0,1,3,51,14,4,6,52,32,LDWWWDWWLWLWWWDLWLWLWDLW,9,1,2,32,16,15,29,5,8,11,31,41,DWWDDLLDLWDWWLDDWWLWLWWD,2,3,7,15,22,WWWWWWDLWWWL,WWDLWWWDDWLW
Fortuna Sittard,Excelsior,4-2,/match/fortuna-sittard/excelsior/2013,2013,29,eerste_divisie,18,34,0,4,2,8,40,10,5,10,31,30,WWWWDWLLWWLDDLLWWDWWLWLDW,6,3,3,14,9,14,29,4,8,13,35,51,WWWWWDWDDLWLWWWLWDDLDDWWD,0,3,9,13,30,WWWWLDLWDLWD,WWWWDWWWWDDW
Den Bosch,Helmond Sport,1-2,/match/fc-den-bosch/helmond-sport/2013,2013,29,eerste_divisie,18,34,2,1,2,10,33,9,4,11,28,36,WLLWWWLWLWWLLWWLLLWLDDDD,5,1,6,15,17,1,55,13,9,4,50,39,LWLWLDLDDDWWWDDWLDDLWWDLWW,6,3,3,24,20,LLWLWWLLWLWD,LLLDDWLDLWLW
Cambuur,Go Ahead Eagles,2-0,/match/sc-cambuur-leeuwarden/go-ahead-eagles/2013,2013,29,eerste_divisie,18,34,0,2,0,2,52,14,4,7,45,31,LWWDWWWWLWWLWLWDWWWLDLDWW,9,2,1,26,14,5,49,12,7,7,57,43,LDLDWWWWDLLLDWWDWDWWDWLWWW,5,3,6,30,27,WWWWLWWWDWDW,LLWWDLLDWWWDLW
SC Telstar,MVV Maastricht,1-2,/match/stormvogels-telstar/mvv/2013,2013,29,eerste_divisie,18,34,2,1,2,13,30,6,7,12,27,37,LWDDWLWWWLWLWDDWDWWWLLDWD,4,3,4,12,12,7,43,12,6,6,49,35,LWDDWLWLLWDDDLLWLLLWLLLD,7,3,1,22,13,LWDLWLDWWLD,LDLLDDLLLWL
FC Eindhoven,FC Volendam,0-2,/match/fc-eindhoven/fc-volendam/2013,2013,29,eerste_divisie,18,34,2,0,2,16,18,3,5,17,31,60,LWWLDLWWWWLDLDWWWDDWLWLLW,3,1,8,18,28,4,49,14,3,7,57,38,LLLWWWLWLWWWLLWDWWDWDLLW,5,3,3,20,15,LWLLWWLLDLLL,LLWLWWLDDDL
Fortuna Sittard,De Graafschap,1-0,/match/fortuna-sittard/graafschap/2013,2013,30,eerste_divisie,18,34,0,1,0,8,44,11,5,10,35,32,WWWWDWLLWWLDDLLWWDWWLWLDWW,7,3,3,18,11,7,44,10,9,6,49,35,WDLDWLDDLLWDLDWLWDWDLWLWD,5,4,3,18,13,WWWWLDLWDLWDW,DWLLWLDLDLWD
Cambuur,TOP Oss,4-1,/match/sc-cambuur-leeuwarden/fc-oss/2013,2013,30,eerste_divisie,18,34,0,4,1,2,56,15,4,7,47,31,LWWDWWWWLWWLWLWDWWWLDLDWWW,10,2,1,28,14,9,37,9,7,9,34,47,WWLLDWWLDWLLWDDLLDDLLWDLW,5,3,4,19,24,WWWWLWWWDWDWW,WLWWDLWDLDLL
Go Ahead Eagles,MVV Maastricht,0-0,/match/go-ahead-eagles/mvv/2013,2013,30,eerste_divisie,18,34,1,0,0,5,49,12,7,8,57,45,LDLDWWWWDLLLDWWDWDWWDWLWWWW,7,4,1,27,16,6,45,13,6,6,51,36,LWDDWLWLLWDDDLLWLLLWLLLDL,8,3,1,24,14,DDWWLWDDWWWW,LDLLDDLLLWLL
SC Telstar,Den Bosch,1-1,/match/stormvogels-telstar/fc-den-bosch/2013,2013,30,eerste_divisie,18,34,1,1,1,14,30,6,7,13,28,39,LWDDWLWWWLWLWDDWDWWWLLDWDL,4,3,5,13,14,10,33,9,4,12,29,38,WLLWWWLWLWWLLWWLLLWLDDDDL,4,3,5,13,19,LWDLWLDWWLDL,WWWLWWLLLDDD
Emmen,FC Volendam,0-2,/match/emmen/fc-volendam/2013,2013,30,eerste_divisie,18,34,2,0,2,13,31,6,8,11,32,41,DWWDDLLDLWDWWLDDWWLWLWWDL,3,5,4,16,19,4,51,15,3,7,59,38,LLLWWWLWLWWWLLWDWWDWDLLWL,6,3,3,22,15,DDLDLDLWWLWD,LLWLWWLDDDLL
Dordrecht,Sparta Rotterdam,1-2,/match/fc-dordrecht/sparta-rotterdam/2013,2013,30,eerste_divisie,18,34,2,1,2,11,31,8,7,10,44,47,DLLDWLWDLWLDWLLDWLWLDDLLL,2,4,6,17,22,3,51,14,4,7,52,33,LDWWWDWWLWLWWWDLWLWLWDLWL,5,3,4,20,16,LWDWDLDLLDLL,LDWDWLLWLLDW
Almere City,FC Eindhoven,3-2,/match/almere-city/fc-eindhoven/2013,2013,30,eerste_divisie,18,34,0,3,2,12,31,9,1,16,36,54,LWLLWWWLWLWLLWLDLWWLWWWWWW,6,0,7,17,21,16,18,3,5,18,31,62,LWWLDLWWWWLDLDWWWDDWLWLLWL,0,4,9,13,32,LLLWLWWLLLWWW,WDWWDDWWWDWWW
MVV Maastricht,Dordrecht,2-5,/match/mvv/fc-dordrecht/2013,2013,31,eerste_divisie,18,34,2,2,5,7,46,13,7,6,51,36,LWDDWLWLLWDDDLLWLLLWLLLDLD,5,3,5,27,22,13,31,8,7,11,45,49,DLLDWLWDLWLDWLLDWLWLDDLLLL,6,3,4,27,25,WDWWLWDLWLLLD,DLDLWLLWLWWDL
Sparta Rotterdam,Fortuna Sittard,0-0,/match/sparta-rotterdam/fortuna-sittard/2013,2013,31,eerste_divisie,18,34,1,0,0,3,53,15,4,7,54,34,LDWWWDWWLWLWWWDLWLWLWDLWLL,9,1,3,32,17,6,48,12,5,10,36,32,WWWWDWLLWWLDDLLWWDWWLWLDWWW,4,2,7,17,21,WWWWWWDLWWWLL,WWDLLWDLWWWLW
TOP Oss,Excelsior,2-0,/match/fc-oss/excelsior/2013,2013,31,eerste_divisie,18,34,0,2,0,9,37,9,7,10,35,51,WWLLDWWLDWLLWDDLLDDLLWDLWW,4,4,5,15,23,15,29,4,8,14,37,55,WWWWWDWDDLWLWWWLWDDLDDWWDW,0,3,10,15,34,WLDLWLDLDLWDW,WWWWDWWWWDDWW
FC Volendam,Helmond Sport,3-0,/match/fc-volendam/helmond-sport/2013,2013,31,eerste_divisie,18,34,0,3,0,4,53,16,3,7,61,38,LLLWWWLWLWWWLLWDWWDWDLLWLL,9,0,4,37,23,2,57,14,9,4,52,40,LWLWLDLDDDWWWDDWLDDLWWDLWWL,7,3,3,26,21,LWWLWWLWWWWLW,LLLDDWLDLWLWL
FC Eindhoven,Emmen,4-1,/match/fc-eindhoven/emmen/2013,2013,31,eerste_divisie,18,34,0,4,1,16,18,3,5,19,33,65,LWWLDLWWWWLDLDWWWDDWLWLLWLW,3,1,9,18,30,14,31,6,8,12,32,43,DWWDDLLDLWDWWLDDWWLWLWWDLL,3,3,7,16,22,LWLLWWLLDLLLL,WWDLWWWDDWLWL
De Graafschap,Cambuur,1-2,/match/graafschap/sc-cambuur-leeuwarden/2013,2013,31,eerste_divisie,18,34,2,1,2,8,44,10,9,7,49,36,WDLDWLDDLLWDLDWLWDWDLWLWDW,5,5,3,31,22,1,60,16,4,7,51,32,LWWDWWWWLWWLWLWDWWWLDLDWWWW,5,2,6,19,17,WLDDDLDWWWDLW,LWDWWLLWWLLDW
Almere City,Den Bosch,1-5,/match/almere-city/fc-den-bosch/2013,2013,31,eerste_divisie,18,34,2,1,5,10,35,10,1,16,39,56,LWLLWWWLWLWLLWLDLWWLWWWWWWW,7,0,7,20,23,11,34,9,5,12,30,39,WLLWWWLWLWWLLWWLLLWLDDDDLD,4,4,5,14,20,LLLWLWWLLLWWWW,WWWLWWLLLDDDD
Den Bosch,MVV Maastricht,1-2,/match/fc-den-bosch/mvv/2013,2013,32,eerste_divisie,18,34,2,1,2,10,36,10,5,12,35,40,WLLWWWLWLWWLLWWLLLWLDDDDLDL,5,1,7,16,19,7,46,13,7,7,53,41,LWDDWLWLLWDDDLLWLLLWLLLDLDL,8,4,1,24,14,LLWLWWLLWLWDL,LDLLDDLLLWLLD
Dordrecht,De Graafschap,2-1,/match/fc-dordrecht/graafschap/2013,2013,32,eerste_divisie,18,34,0,2,1,12,33,9,7,11,50,51,DLLDWLWDLWLDWLLDWLWLDDLLLLL,2,4,7,18,24,8,44,10,9,8,50,38,WDLDWLDDLLWDLDWLWDWDLWLWDWL,5,4,4,18,14,LWDWDLDLLDLLL,DWLLWLDLDLWDW
SC Telstar,TOP Oss,2-1,/match/stormvogels-telstar/fc-oss/2013,2013,32,eerste_divisie,18,34,0,2,1,13,32,6,8,13,29,40,LWDDWLWWWLWLWDDWDWWWLLDWDLD,4,4,5,14,15,9,41,10,7,10,37,51,WWLLDWWLDWLLWDDLLDDLLWDLWWW,5,3,5,20,28,LWDLWLDWWLDLD,WLWWDLWDLDLLW
Helmond Sport,Sparta Rotterdam,1-1,/match/helmond-sport/sparta-rotterdam/2013,2013,32,eerste_divisie,18,34,1,1,1,3,57,14,9,5,52,43,LWLWLDLDDDWWWDDWLDDLWWDLWWLW,7,6,1,26,19,4,55,15,5,7,54,34,LDWWWDWWLWLWWWDLWLWLWDLWLLD,6,3,4,22,17,WWDLDWWDDWDWDW,LDWDWLLWLLDWL
Excelsior,FC Volendam,1-3,/match/excelsior/fc-volendam/2013,2013,32,eerste_divisie,18,34,2,1,3,15,29,4,8,15,37,57,WWWWWDWDDLWLWWWLWDDLDDWWDWW,4,5,4,22,21,2,57,17,3,7,64,38,LLLWWWLWLWWWLLWDWWDWDLLWLLW,7,3,3,24,15,WWDDLLWLDLDWD,LLWLWWLDDDLLL
Emmen,Almere City,3-0,/match/emmen/almere-city/2013,2013,32,eerste_divisie,18,34,0,3,0,14,31,6,8,13,33,47,DWWDDLLDLWDWWLDDWWLWLWWDLLW,3,5,5,16,21,11,35,10,1,17,40,61,LWLLWWWLWLWLLWLDLWWLWWWWWWWL,3,1,9,19,33,DDLDLDLWWLWDL,WWWWLLLDWWWWW
Go Ahead Eagles,FC Eindhoven,0-0,/match/go-ahead-eagles/fc-eindhoven/2013,2013,32,eerste_divisie,18,34,1,0,0,5,51,12,8,8,57,45,LDLDWWWWDLLLDWWDWDWWDWLWWWWD,7,5,1,27,16,16,22,4,5,19,37,66,LWWLDLWWWWLDLDWWWDDWLWLLWLWW,0,4,10,15,35,DDWWLWDDWWWWD,WDWWDDWWWDWWWW
Fortuna Sittard,Dordrecht,3-1,/match/fortuna-sittard/fc-dordrecht/2013,2013,33,eerste_divisie,18,34,0,3,1,6,49,12,6,10,36,32,WWWWDWLLWWLDDLLWWDWWLWLDWWWD,8,3,3,19,11,10,37,10,7,11,52,52,DLLDWLWDLWLDWLLDWLWLDDLLLLLW,7,3,4,32,27,WWWWLDLWDLWDWW,DLDLWLLWLWWDLL
TOP Oss,Helmond Sport,1-2,/match/fc-oss/helmond-sport/2013,2013,33,eerste_divisie,18,34,2,1,2,9,41,10,7,11,38,53,WWLLDWWLDWLLWDDLLDDLLWDLWWWW,5,4,5,17,23,2,59,14,10,5,53,44,LWLWLDLDDDWWWDDWLDDLWWDLWWLWD,7,3,4,26,24,WLDLWLDLDLWDWW,LLLDDWLDLWLWLW
Cambuur,Emmen,4-0,/match/sc-cambuur-leeuwarden/emmen/2013,2013,33,eerste_divisie,18,34,0,4,0,1,62,17,4,7,53,33,LWWDWWWWLWWLWLWDWWWLDLDWWWWL,11,2,1,32,15,14,35,7,8,13,36,47,DWWDDLLDLWDWWLDDWWLWLWWDLLWW,3,3,8,17,26,WWWWLWWWDWDWWW,WWDLWWWDDWLWLW
De Graafschap,SC Telstar,2-0,/match/graafschap/stormvogels-telstar/2013,2013,33,eerste_divisie,18,34,0,2,0,8,44,10,9,9,51,40,WDLDWLDDLLWDLDWLWDWDLWLWDWLW,5,5,4,32,24,11,36,7,8,13,31,41,LWDDWLWWWLWLWDDWDWWWLLDWDLDW,2,4,8,15,25,WLDDDLDWWWDLWL,DWWWWLWDWDWLWD
FC Volendam,MVV Maastricht,2-1,/match/fc-volendam/mvv/2013,2013,33,eerste_divisie,18,34,0,2,1,3,59,18,3,7,67,39,LLLWWWLWLWWWLLWDWWDWDLLWLLWL,10,0,4,40,23,7,48,14,7,7,55,42,LWDDWLWLLWDDDLLWLLLWLLLDLDLL,9,4,1,26,15,LWWLWWLWWWWLWW,LDLLDDLLLWLLDL
Sparta Rotterdam,Excelsior,1-1,/match/sparta-rotterdam/excelsior/2013,2013,33,eerste_divisie,18,34,1,1,1,4,56,15,6,7,55,35,LDWWWDWWLWLWWWDLWLWLWDLWLLDD,9,2,3,32,17,15,29,4,8,16,38,60,WWWWWDWDDLWLWWWLWDDLDDWWDWWL,0,3,11,15,36,WWWWWWDLWWWLLD,WWWWDWWWWDDWWW
FC Eindhoven,Den Bosch,3-1,/match/fc-eindhoven/fc-den-bosch/2013,2013,33,eerste_divisie,18,34,0,3,1,16,23,4,6,19,37,66,LWWLDLWWWWLDLDWWWDDWLWLLWLWWD,4,1,9,22,31,12,36,10,5,13,36,42,WLLWWWLWLWWLLWWLLLWLDDDDLDLL,5,4,5,19,21,LWLLWWLLDLLLLW,WWWLWWLLLDDDDL
Go Ahead Eagles,FC Volendam,3-1,/match/go-ahead-eagles/fc-volendam/2013,2013,34,eerste_divisie,18,34,0,3,1,5,53,12,9,8,57,45,LDLDWWWWDLLLDWWDWDWWDWLWWWWDD,7,6,1,27,16,2,63,19,3,7,69,40,LLLWWWLWLWWWLLWDWWDWDLLWLLWLW,8,3,3,27,16,DDWWLWDDWWWWDD,LLWLWWLDDDLLLL
MVV Maastricht,Fortuna Sittard,0-0,/match/mvv/fortuna-sittard/2013,2013,34,eerste_divisie,18,34,1,0,0,7,48,14,7,8,56,44,LWDDWLWLLWDDDLLWLLLWLLLDLDLLW,5,3,6,29,27,6,53,13,6,10,39,33,WWWWDWLLWWLDDLLWWDWWLWLDWWWDW,4,3,7,17,21,WDWWLWDLWLLLDL,WWDLLWDLWWWLWD
Emmen,TOP Oss,2-1,/match/emmen/fc-oss/2013,2013,34,eerste_divisie,18,34,0,2,1,14,35,7,8,14,36,51,DWWDDLLDLWDWWLDDWWLWLWWDLLWWW,4,5,5,19,21,9,41,10,7,12,39,55,WWLLDWWLDWLLWDDLLDDLLWDLWWWWL,5,3,6,21,30,DDLDLDLWWLWDLW,WLWWDLWDLDLLWW
Den Bosch,De Graafschap,1-4,/match/fc-den-bosch/graafschap/2013,2013,34,eerste_divisie,18,34,2,1,4,12,36,10,5,14,37,45,WLLWWWLWLWWLLWWLLLWLDDDDLDLLW,5,1,8,17,21,8,48,11,9,9,53,40,WDLDWLDDLLWDLDWLWDWDLWLWDWLWW,5,4,5,19,16,LLWLWWLLWLWDLL,DWLLWLDLDLWDWW
SC Telstar,Sparta Rotterdam,0-3,/match/stormvogels-telstar/sparta-rotterdam/2013,2013,34,eerste_divisie,18,34,2,0,3,11,36,7,8,14,31,43,LWDDWLWWWLWLWDDWDWWWLLDWDLDWW,5,4,5,16,16,4,58,15,7,7,56,36,LDWWWDWWLWLWWWDLWLWLWDLWLLDDD,6,4,4,23,18,LWDLWLDWWLDLDW,LDWDWLLWLLDWLD
Excelsior,Cambuur,0-2,/match/excelsior/sc-cambuur-leeuwarden/2013,2013,34,eerste_divisie,18,34,2,0,2,15,30,4,9,16,39,61,WWWWWDWDDLWLWWWLWDDLDDWWDWWLD,4,5,5,23,24,1,66,18,4,7,57,33,LWWDWWWWLWWLWLWDWWWLDLDWWWWLW,6,2,6,21,18,WWDDLLWLDLDWDL,LWDWWLLWWLLDWL
Dordrecht,Almere City,3-1,/match/fc-dordrecht/almere-city/2013,2013,34,eerste_divisie,18,34,0,3,1,10,37,10,7,12,53,55,DLLDWLWDLWLDWLLDWLWLDDLLLLLWW,3,4,7,20,25,13,35,10,1,18,40,64,LWLLWWWLWLWLLWLDLWWLWWWWWWWLW,3,1,10,19,36,LWDWDLDLLDLLLW,WWWWLLLDWWWWWW
