,Team,City,Country,Stadium,Address,Capacity,Pitch
0,Sporting Braga,Braga,Portugal,Estádio Municipal de Braga,Avenida do Estádio,30286,Natural
1,Benfica,Lisboa,Portugal,Estádio da Luz,Rua José Maria Nicolau,65647,Natural
2,Porto,Oporto,Portugal,Estádio Do Dragão,Via Futebol Clube do Porto,50948,Natural
3,Sporting CP,Lisboa,Portugal,José Alvalade,Rua Professor Fernando da Fonseca 1600-616 Lisboa Portugal,50486,Natural
4,Chaves,Chaves,Portugal,Estádio Municipal Eng. Manuel Branco Teixeira,Avenida do Estádio Municipal,12000,Natural
5,Feirense,Santa Maria da Feira,Portugal,Estádio Marcolino de Castro,Avenida 25 de Abril 14,4667,Natural
6,Belenenses,Lisboa,Portugal,Estádio do Restelo,"Avenida da Ilha da Madeira, Santa Maria de Belém",32500,Natural
7,Beira Mar SC,,Portugal,Municipal de Aveiro,,30000,
8,Portimonense,Portimão,Portugal,Estádio do Portimonense SC,Avenida Zeca Afonso Portimão,9544,Natural
9,Tirsense,Santo Tirso,Portugal,,,,
10,Boavista,Oporto,Portugal,Bessa Século XXI,Rua O Primeiro de Janeiro Estádio do Bessa Século XXI 4100 PORTO,30000,Natural
11,Marítimo,Funchal,Portugal,Estádio dos Barreiros,Rua do Dr. Pita,8992,Natural
12,Estrela Amadora,,,,,,
13,Vitória,Guimarães,Portugal,Estádio Dom Afonso Henriques,Rua de São Gonçalo 505,30165,Natural
14,Penafiel,,Portugal,Estádio Municipal 25 de Abril,Rua Futebol Clube de Penafiel,6500,Natural
15,União Madeira,,Portugal,Estádio Municipal de Machico,Rua da Estacada 9,3300,Natural
16,Nacional,,Portugal,Estádio da Madeira,"Rua do Esmeraldo, nº 46",8589,Natural
17,Vitória Setúbal,Setúbal,Portugal,Estádio do Bonfim,Praça Vitoria Futebol Clube,18694,Natural
18,Olympique,Marseille,France,Stade Vélodrome,"3 Boulevard Michelet, 13008 Marseille",67394,Natural
19,Montpellier,Montpellier,France,Stade de la Mosson,Avenue de Heidelberg,32950,Natural
20,Toulouse,Toulouse,France,Stadium Municipal,"1, allée Gabriel Biénés 31028 Toulouse",35472,Natural
21,Sporting Toulon,Toulon,France,Stade de Bon-Rencontre,"3, avenue Aristide Briand 83200",8000,
22,Nantes,Nantes,France,Stade de la Beaujoire - Louis Fonteneau,"Route de Saint-Joseph, 44300 Nantes",38285,Natural
23,Lille,Lille,France,Stade Pierre-Mauroy,"261, Boulevard de Tournai, l'Hôtel de Ville",49834,Natural
24,Sochaux,Sochaux,France,Stade Auguste-Bonal,Impasse de la Forge,20005,Natural
25,PSG,Paris,France,Parc des Princes,"24, rue du Commandant Guilbaud 75016 Paris",49691,Natural
26,Nice,Nice,France,Allianz Riviera,"Boulevard des Jardiniers, 06200 Nice",35624,Natural
27,Girondins Bordeaux,Bordeaux,France,Stade Matmut-Atlantique,"Cours Jules Ladoumègue, 33300 Bordeaux",42115,Natural
28,Metz,Metz,France,Stade Saint-Symphorien,"3, allée Saint-Symphorien 57000 Metz",26661,Natural
29,Monaco,Principado de Mónaco,Monaco,Louis II,"7, avenue des Castelans",18521,Natural
30,Racing Paris,París,France,,"6, avenue Maurice Ravel 75012 París",,
31,Auxerre,Auxerre,France,Stade de l'Abbé Deschamps,Route de Vaux,23467,Natural
32,Caen,"Caen, Basse-Normandie",France,Stade Michel d'Ornano,"23, boulevard Georges Pompidou 14052 Caen",21215,Natural
33,Stade Brestois,,France,Stade Francis-Le Blé,"26, rue de Quimper",15931,Natural
34,Saint-Ã‰tienne,Saint-Étienne,France,Stade Geoffroy-Guichard,"14, rue Pierre et Paul Guichard 42018 Saint-Étienne",42000,Natural
35,Cannes,cannes,France,Stade Pierre de Coubertin,Avenue Pierre Poési La Bocca 06150 Cannes,12800,
36,Olympique Lyonnais,Lyon,France,Parc Olympique Lyonnais,"350, avenue Jean Jaures 69007",59168,Natural
37,FC Mulhouse,Mulhouse,France,Stade de l'Ill,"45, Boulevard Stoessel",11303,
38,Ajax,Ámsterdam,Netherlands,Johan Cruyff Arena,ArenA Boulevard 1,53052,Natural
39,Utrecht,Utrecht,Netherlands,Stadion Galgenwaard,Herculesplein 241,24426,Natural
40,RKC Waalwijk,Waalwijk,Netherlands,Mandemakers Stadion,Akkerlaan 2,7508,Natural
41,NEC Nijmegen,Nijmegen,Netherlands,Goffertstadion,Stadionplein 1,12500,Natural
42,MVV Maastricht,Maastricht,Netherlands,Stadion De Geusselt,"Stadionplein 32, 6225XW, Maastricht",10000,Natural
43,FC Volendam,Volendam,Netherlands,Kras Stadion,"Spotlaan 10, 1131BK, Volendam",6984,Natural
44,Twente 1965,Enschede,Netherlands,De Grolsch Veste,Colosseum 65,30014,Natural
45,PSV,Eindhoven,Netherlands,Philips Stadion,Fredriklaan 10a 5616 NH Eindhoven,35119,Natural
46,Roda JC,Kerkrade,Netherlands,Parkstad Limburg Stadion,Roda J.C. Ring 1,19979,Natural
47,Vitesse,Arnhem,Netherlands,GelreDome,Batavierenweg 25,28278,Natural
48,Den Bosch,Hertogenbosch,Netherlands,BrainWash Stadion De Vliert,"victorialaan 21, 5213JG, Hertogenbosch",9000,Natural
49,Fortuna Sittard,Sittard,Netherlands,Offermans Joosten stadion,"Milaanstraat 120, 6135 LH Sittard",12500,Natural
50,Sparta Rotterdam,Rótterdam,Netherlands,Sparta-Stadion Het Kasteel,"Spartapark Noord 1, 3027 VW ROTTERDAM",11026,Natural
51,Willem II,Tilburgo,Netherlands,Koning Willem II Stadion,Goirleseweg 34,14637,Natural
52,HFC Haarlem ,,,,,,
53,Groningen,Groninga,Netherlands,Euroborg,Boumaboulevard 41,22579,Natural
54,Feyenoord,Rótterdam,Netherlands,Stadion Feijenoord,Van Zandvlietplein 1,51777,Natural
55,ADO Den Haag,La Haya,Netherlands,Kyocera Stadion,Haags Kwartier 55,15000,Natural
56,Real Burgos CF,Burgos,Spain,San Amaro,"Ctra. de Valladolid, s/n. Burgos",1000,
57,Sabadell,Sabadell,Spain,Nova Creu Alta,Plaça Olímpia 1,11981,Natural
58,Bilbao Ath.,Bilbao,Spain,Instalaciones de Lezama,"Garaioltza Auzoa, 147 48196 Lezama, Vizcaya",2500,Natural
59,Deportivo,La Coruña,Spain,Municipal Riazor,Calle Manuel Murguía,34600,Natural
60,Xerez,Jerez de la Frontera,Spain,Estadio de la Juventud,Calle Blas Infante s/n,5700,Césped natural
61,Las Palmas,Las Palmas de Gran Canaria,Spain,Gran Canaria,Calle Fondos del Segura s/n,32400,Natural
62,UE Figueres,Figueras,Spain,Municipal de Vilatenim,"Avinguda Special Olympics, s/n, 17600 Figueres (Girona)",9472,Césped Artificial
63,UD Salamanca,,Spain,Helmántico,"Carretera Zamora, S/N 37184 Villares de la Reina, Salamanca (España)",17341,Césped Natural
64,Palamós,Palamós,Spain,Nou Estadi Municipal Palamós,"Passatge Ladislao Kubala, s/n, 17230 Palamós",5824,Natural
65,Recreativo,Huelva,Spain,Nuevo Colombino,Avenida del Decano del Fútbol Español s/n,21670,Natural
66,Atlético B,Madrid,Spain,Cerro del Espino,"Carretera de Pozuelo, S/N",3900,Césped natural
67,Real Betis,Sevilla,Spain,Benito Villamarín,"Avenida de la Palmera, 41012, Sevilla",60721,Natural
68,Espanyol,Cornellá de Llobregat,Spain,RCDE Stadium,"Avinguda Baix Llobregat, 100 08940 Cornellà de Llobregat",40423,Natural
69,Real Murcia,Murcia,Spain,Enrique Roca de Murcia,"Avda. del Estadio, Churra",31179,Natural
70,Levante,Valencia,Spain,Ciutat de Valencia,Calle San Vicente de Paúl 44,25354,Natural
71,Sestao Sport Club,,Spain,,,,
72,Eibar,Eibar,Spain,Municipal de Ipurua,Calle de Ipurua,8164,Natural
73,Racing,Santander,Spain,Campos de Sport de El Sardinero,C/ Real Racing Club s/n 39005 Santander (Cantabria),22222,Césped natural
74,RM Castilla,Madrid,Spain,Alfredo Di Stéfano,"Ciudad Deportiva del Real Madrid, Valdebebas",6000,Natural
75,Elche,Elche,Spain,Martínez Valero,"Avda. Manuel Martínez Valero, 3",33732,Natural
76,Milan,"Milano, Italia",Italy,San Siro,Via Piccolomini 5,82995,Natural
77,Sampdoria,"Génova, Italia",Italy,Stadio Luigi Ferraris,"Via Giovanni De Prà, 1",36703,Natural
78,Inter,"Milano, Italia",Italy,Stadio Giuseppe Meazza,Via Piccolomini 5,82995,Natural
79,Napoli,"Nápoles, Italia",Italy,San Paolo,Pizzale Vincenzo Tecchio,76824,Natural
80,Genoa,"Génova, Italia",Italy,Stadio Comunale Luigi Ferraris,"Via Giovanni De Prà, 1",36703,Natural
81,Atalanta,"Bérgamo, Italia",Italy,Stadio Atleti Azzurri d'Italia,"Viale Caio Giulio Cesare, 18",24726,Natural
82,Fiorentina,"Firenze, Italia",Italy,Stadio Artemio Franchi,Viale Manfredo Fanti 14,47290,Natural
83,Juventus,"Turín, Italia",Italy,Juventus Stadium,Strada Comunale di Altessano 131,41000,Natural
84,SSC Bari,Bari,Italy,Stadio Comunale San Nicola,Strada Provinciale Modugno-Carbonara,58270,Natural
85,Udinese,"Údine, Italia",Italy,Dacia Arena,"Piazza le Repubblica Argentina, 3",25000,Natural
86,Roma,Roma,Italy,Stadio Olimpico di Roma,"Viale dei Gladiatori, 2 / Via del Foro Italico",70634,Natural
87,Bologna,"Bolonia, Italia",Italy,Stadio Renato Dall'Ara,"Via Andrea Costa, 174",36532,Natural
88,Cremonese,Cremona,Italy,Stadio Giovanni Zini,"Via Persico, 19",20034,Natural
89,Lecce,Lecce,Italy,Stadio Via del Mar,Viale dello Stadio,36285,Natural
90,Hellas Verona,Verona,Italy,Stadio Marc'Antonio Bentegodi,Piazzale Olimpia,44799,Natural
91,Ascoli,Ascoli Piceno,Italy,Stadio Cino e Lillo Del Duca,"Via delle Zeppelle, 1",20853,Natural
92,Lazio,"Roma, Italia",Italy,Stadio Olimpico,"Viale dei Gladiatori, 2 / Via del Foro Italico",82656,Natural
93,Cesena,,Italy,Stadio Dino Manuzzi,"Via dello Stadio, 124",24026,Césped Artificial
94,KFC Uerdingen 05,Uerdingen,Germany,,,,
95,Eintracht,Frankfurt am Main,Germany,Commerzbank-Arena,Mörfelder Landstraße 362 60528 Frankfurt am Main,52300,Natural
96,Stuttgart,Stuttgart,Germany,Mercedes-Benz-Arena,"Mercedesstraße 87, 70372 Stuttgart",60469,Natural
97,Bayern München,München,Germany,Allianz Arena,Werner-Heisenberg-Allee 25,75000,Natural
98,Kaiserslautern,Kaiserslautern,Germany,Fritz-Walter-Stadion,Fritz-Walter-Straße 1 67663 Kaiserslautern,49780,Natural
99,B. Leverkusen,Leverkusen,Germany,BayArena,Bismarckstr. 122-124 51373 Leverkusen,30210,Natural
100,Köln,Köln,Germany,RheinEnergieStadion,Aachener Straße 999 50933 Köln,49968,Natural
101,Fortuna,Düsseldorf,Germany,ESPRIT arena,"Arena-Straße 1, 40474 Düsseldorf",54500,Natural
102,Hamburger SV,Hamburg,Germany,Volksparkstadion,"Sylvesterallee 7, 22525",57030,Natural
103,FC St. Pauli,Hamburg,Germany,Millerntor-Stadion,Auf dem Heiligengeistfeld 20359 Hamburg,29546,Natural
104,Werder Bremen,Bremen,Germany,Weserstadion,Franz-Böhmert-Straße 1c 28205 Bremen,42358,Natural
105,Nürnberg,Nürnberg,Germany,Grundig-Stadion,Max-Morlock-Platz 1,50000,Natural
106,Mönchengladbach,Mönchengladbach,Germany,Borussia-Park,Hennes-Weisweiler-Allee 1 41179 Mönchengladbach,54057,Natural
107,B. Dortmund,Dortmund,Germany,Signal Iduna Park,Strobelalle 50,81359,Natural
108,VfL Bochum,Bochum,Germany,rewirpowerSTADION,Castroper Straße 145 44791 Bochum,30748,Natural
109,Waldhof Mannheim,Mannheim,Germany,,,,
110,Karlsruher SC,Karlsruhe,Germany,Wildparkstadion,Adenauerring 17 76131 Karlsruhe,29699,Natural
111,FC 08 Homburg,Homburg,Germany,,,,
112,Real Madrid,Madrid,Spain,Santiago Bernabéu,"Avenida de Concha Espina 1, Chamartín",85454,Natural
113,Osasuna,Pamplona,Spain,El Sadar,Calle Sadar s/n 31006,18761,Natural
114,Atlético,Madrid,Spain,Wanda Metropolitano,"Avenida Luis Aragonés, 4",68000,Natural
115,Real Valladolid,Valladolid,Spain,Municipal José Zorrilla,Avenida del Mundial 82 s/n,26512,Natural
116,CD Logroñés,,,,,,
117,Sevilla,Sevilla,Spain,Ramón Sánchez Pizjuán,Avenida de Eduardo Dato,42714,Natural
118,Athletic,Bilbao,Spain,San Mamés,"Rafael Moreno Pitxitxi Kalea, s/n, 48013 Bilbao, Bizkaia",53332,Natural
119,Real Zaragoza,Zaragoza,Spain,La Romareda,Paseo Isabel La Católica s/n,34596,Natural
120,CD Málaga,,,,,,
121,Real Oviedo,Oviedo,Spain,Carlos Tartiere,"Calle de Ricardo Vázquez Prada, Barrio de la Ería",30500,Césped Natural
122,CD Castellón,Castellon de la Plana,Spain,Municipal de Castalia,"Calle Huesca, S/N",15700,Cesped natural
123,Celta,Vigo,Spain,Abanca Balaídos,Avenida de Balaídos,28700,Natural
124,Valencia,Valencia,Spain,Mestalla,"Av. de Suècia, s/n, 46010 València",55000,Natural
125,Barcelona,Barcelona,Spain,Camp Nou,Avda. Arístides Maillol s/n 08028 Barcelona,99787,Natural
126,Real Sporting,,Spain,El Molinón-Enrique Castro Quini,Parque de Isabel la Católica s/n,30000,Natural
127,R. Sociedad,San Sebastián,Spain,Anoeta,Anoeta pasealekua 20.014 Donostia - San Sebastián,32076,Natural
128,Cádiz,Cádiz,Spain,Nuevo Ramón de Carranza,"Plaza de Madrid, s/n 11010 Cádiz",25033,Césped natural
129,Mallorca,Palma de Mallorca,Spain,Visit Mallora Estadi,Camí dels Reis s/n,23142,Natural
130,Tenerife,Santa Cruz de Tenerife,Spain,Heliodoro Rodríguez López,Bernardino Semán s/n,24000,Natural
131,Rayo Vallecano,Puente de vallecas,Spain,Vallecas,Calle Payaso Fofó,15500,Natural
132,Wattenscheid 09,,Germany,Lohrheidestadion,"Lohrheidestraße 81-83, Wattenscheid",16233,Natural
133,Hertha BSC,Berlín,Germany,Olympiastadion Berlin,Olympischer Platz 3,76065,Natural
134,Unterhaching,Unterhaching,Germany,Sportpark Unterhaching,Am Sportpark 1,15053,Natural
135,Fortuna Köln,,Germany,Südstadion,Am Vorgebirgstor 2 50969 Köln,14944,Natural
136,MSV Duisburg,Duisburgo,Germany,Schauinsland-Reisen-Arena,Margaretenstraße 5-7,31514,Natural
137,Saarbrücken,,Germany,Stadion Ludwigspark,Camphauser Straße,35286,Natural
138,Braunschweig,Braunschweig,Germany,Eintracht-Stadion,Hamburger Straße 210 38112 Braunschweig,23325,Natural
139,Hessen Kassel,Hessen,Germany,,,,
140,VfL Osnabrück,,Germany,osnatel-ARENA,"Scharnhorststraße 50, 49084 Osnabrück",16130,Césped
141,Meppen,,Germany,MEP-Arena,Lathener Str. 15,16500,Natural
142,Blau-Weiß 1890 B.,Berlin,Germany,,,,
143,Schalke 04,Gelsenkirchen,Germany,VELTINS-Arena,Ernst-Kuzorra-Weg 1 45891 Gelsenkirchen,62271,Natural
144,RW Essen,,Germany,Stadion Essen,"Hafenstraße 97a, Bergeborbeck",20650,Natural
145,SC Freiburg,Freiburg,Germany,Schwarzwald-Stadion,Schwarzwaldstraße 193 79117 Freiburg im Breisgau,24000,Natural
146,Alemannia Aachen,Aachen,Germany,Neuer Tivoli,Sonnenweg 11,32960,cesped natural
147,Darmstadt 98,Darmstadt,Germany,Merck-Stadion am Böllenfalltor,Nieder-Ramstädter Straße 170 64285 Darmstadt,17000,Natural
148,Hannover 96,Hannover,Germany,HDI-Arena,"Robert-Enke-Straße 1, 30169 Hannover",49000,Natural
149,Stuttgarter,Stuttgart,Germany,GAZİ-Stadion auf der Waldau,"Guts-Muths Weg 4, Waldau",11436,Natural
150,Preußen Münster,,Germany,Preußen-Stadion,Am Berg Fidel 7,18050,Natural
151,Bayreuth SpVgg,Bayreuth,Germany,,,,
152,Man. Utd,Mánchester,England,Old Trafford,Sir Matt Busby Way,76212,Natural
153,Liverpool,Liverpool,England,Anfield,Anfield Road,54074,Natural
154,Norwich City,Norwich,England,Carrow Road,Carrow Road,27033,Natural
155,Queens Park Range.,Londres,England,Loftus Road,South Africa Road,19100,Natural
156,Coventry City,Coventry,England,City of Coventry Stadium,"Phoenix Way, Rowleys Green",32609,Natural
157,Tottenham Hotspur,"Londres, Inglaterra",England,Tottenham Hotspur Stadium,"782 High Rd, London N17 0BX, Reino Unido",62062,Natural
158,Millwall,Londres,England,The Den,"Zampa Road, Bermondsey",20146,Natural
159,Chelsea,Londres,England,Stamford Bridge,Fulham Road,41841,Natural
160,Nottingham Forest,Nottingham,England,The City Ground,Pavilion Road,30576,Natural
161,Aston Villa,"Birmingham, Inglaterra",England,Villa Park,Trinity Road,42788,Natural
162,Derby County,Derby,England,iPro Stadium,"Pride Park, Royal Way",33597,Natural
163,Charlton Athletic,Londres,England,The Valley,"Floyd Road, Charlton",27111,Natural
164,Southampton,Southampton,England,St. Mary's Stadium,Britannia Road,32689,Natural
165,Luton Town,Luton,England,Kenilworth Road Stadium,,,
166,Wimbledon FC,,,,,,
167,Man. City,Mánchester,England,Etihad Stadium,Rowsley Street,55097,Natural
168,Crystal Palace,"Londres, Inglaterra",England,Selhurst Park,Holmesdale Road,26309,Natural
169,Sheffield,Sheffield,England,Hillsborough Stadium,"Penistone Road North, Hillsborough",39814,Natural
170,Everton,Liverpool,England,Goodison Park,Goodison Road,40569,Natural
171,Arsenal,Londres,England,Emirates Stadium,Queensland Road,60355,Natural
172,West Ham,Londres,England,London Stadium,"Queen Elizabeth Olympic Park, London E20 2ST, Reino Unido",80000,Natural
173,Blackburn Rovers,Blackburn,England,Ewood Park,Nuttall Street,31367,Natural
174,Sheffield United,Sheffield,England,Bramall Lane,Bramall Lane,32702,Natural
175,Ipswich Town,Ipswich,England,Portman Road Stadium,Portman Road,30311,Natural
176,Sunderland,Sunderland,England,Stadium of Light,Millenium Way,49000,Natural
177,Watford,Watford,England,Vicarage Road Stadium,Vicarage Road,19920,Natural
178,Newcastle,Newcastle upon Tyne,England,St. James' Park,St. James' Street,52389,Natural
179,Port Vale,Stoke-on-Trent,England,Vale Park,"Hamil Road, Burslem",19052,Natural
180,AFC Bournemouth,Bournemouth,England,Vitality Stadium,"Dean Court, Kings Park",12000,Natural
181,Leeds United,Leeds,England,Elland Road,Elland Road,40204,Natural
182,Plymouth Argyle,Plymouth,England,Home Park,Gilbert Lane,19500,Natural
183,Middlesbrough,Middlesbrough,England,Riverside Stadium,Dockside Road,34988,Natural
184,Brighton Hove Alb.,Brighton,England,The American Express Community Stadium,Village Way,30750,Natural
185,Barnsley,Barnsley,England,Oakwell Stadium,Grove Street,23009,Natural
186,Stoke City,Stoke-on-Trent,England,bet365 Stadium,Stanley Matthews Way,28383,Natural
187,Oldham Athletic,Oldham,England,Boundary Park,,13,
188,Leicester,Leicester,England,King Power Stadium,Eastern Boulevard,32500,Natural
189,Bradford City,Bradford,England,Coral Windows Stadium,Valley Parade,25136,Natural
190,Hull City,Kingston upon Hull,England,Kingston Communications Stadium,Walton Street / Anlaby Road,25504,Natural
191,Portsmouth,Portsmouth,England,Fratton Park,Frogmore Road,20821,Natural
192,Wolves,Wolverhampton,England,Molineux Stadium,Waterloo Road,29195,Natural
193,Swindon Town,Swindon,England,County Ground,County Road,15728,Natural
194,Oxford United,Oxford,England,The Kassam Stadium,Grenoble Road,12500,Natural
195,West Bromwich Alb.,West Bromwich,England,The Hawthorns,Halfords Lane,28003,Natural
196,Farense,Faro,Portugal,Estádio de São Lúis,Rua do Sporting Club Farense,12000,Natural
197,Famalicão,Famalicão,Portugal,Estádio Municipal 22 de Junho,,8000,
198,SC Salgueiros,Porto,Portugal,,,,
199,Gil Vicente,,Portugal,Estádio Cidade de Barcelos,"strada Nacional 103, Vila Boa",12374,Natural
200,Saint-Étienne,Saint-Étienne,France,Stade Geoffroy-Guichard,"14, rue Pierre et Paul Guichard 42018 Saint-Étienne",42000,Natural
201,Stade Rennais,Rennes,France,Roazhon Park,"111, route de Lorient",31127,Natural
202,Nancy,Tomblaine,France,Stade Marcel Picot,"90, boulevard Jean Jaurès 54510 Nancy",20087,Césped Artificial
203,SVV,,,,,,
204,Heerenveen,Heerenveen,Netherlands,Abe Lenstra Stadion,Abe Lenstra Boulevard 23Q,26800,Natural
205,Orihuela CF,Orihuela,Spain,Municipal Los Arcos,Camino Viejo de Molins,7000,Césped natural
206,Albacete,Albacete,Spain,Carlos Belmonte,Avenida de España s/n,17200,Césped natural
207,Lleida,,,,,,
208,Real Avilés,Avilés,Spain,Román Suárez Puerta,"Juan Ochoa, s/n.-Estadio R.Suárez Puerta",5400,Césped natural
209,Pisa,,Italy,Arena Garibaldi - Stadio Romeo Anconetani,"Via di Gello, 25",17500,Natural
210,Torino,"Turín, Italia",Italy,Stadio Olimpico di Torino,"Corso Sebastopoli 123, Santa Rita",27994,Natural
211,Parma,"Parma, Italia",Italy,Ennio Tardini,"Via Partigiani d'Italia, 1",28783,Natural
212,Cagliari,Cagliari,Italy,Sardegna Arena,Via Ludwig Van Beethoven,16200,Natural
213,Mainz 05,Mainz,Germany,Opel Arena,Eugen-Salomon-Straße 1,34034,Natural
214,VfB Oldenburg,,Germany,Marschwegstadion,Marschweg 54,15552,Natural
215,Havelse,Havelse,Germany,Wilhelm-Langrehr-Stadion,Hannoversche Straße 90-92,6000,Natural
216,Schweinfurt,Schweinfurt,Germany,,,,
217,Bristol City,Bristol,England,Ashton Gate Stadium,Ashton Road,21497,Natural
218,Notts County,Nottingham,England,Meadow Lane Stadium,Meadow Lane,19588,Natural
219,Bristol Rovers,Bristol,England,Memorial Stadium,"Filton Avenue, Horfield",11916,Natural
220,Paços Ferreira,Paços de Ferreira,Portugal,Estádio da Capital do Móvel,"Rua do Estádio, Apartado 26",6452,Natural
221,Torreense,Torres Vedras,Portugal,,,,
222,Estoril,Estoril,Portugal,Estádio António Coimbra da Mota,Rua Dom Bosco,8000,Natural
223,Le Havre,Havre,France,Stade Océane,Boulevard de Léningrad,25178,Natural
224,NÃ®mes,Nimes,France,Stade des Costières,"123, avenue de la Bouvine",18482,Natural
225,Lens,Lens,France,Stade Bollaert-Delelis,Avenue Alfred Maës 62300 Lens,38223,Natural
226,Dordrecht,Dordrecht,Netherlands,GN Bouw Stadion,Krommedijk 210,4088,Césped Artificial
227,De Graafschap,Doetinchem,Netherlands,Stadion De Vijverberg,Lijsterbeslaan 101a,12600,Natural
228,VVV Venlo,Venlo,Netherlands,Seacon Stadion De Koel,Kaldenkerkerweg 182,8000,Natural
229,Barcelona B,Barcelona,Spain,Estadio Johan Cruyff,,6000,Natural
230,Compostela,Santiago de Compostela,Spain,Estadio Municipal Vero Boquete de San Lázaro,"Avenida de Fernando de Casas Nova, San Lázaro",13000,Césped Natural
231,Mérida CP,,,,,,
232,Calcio Foggia,,Italy,,,,
233,Hansa Rostock,Rostock,Germany,DKB Arena,Kopernikusstraße 17,29000,Natural
234,Dynamo Dresden,Dresden,Germany,DDV-Stadion,Lennéstraße 12 1069 Dresden,32066,Natural
235,Hallescher FC,,Germany,ERDGAS Sportpark,Kantstraße 2,15057,Natural
236,Carl Zeiss Jena,,Germany,Ernst-Abbe-Sportfeld,"Oberaue 3, 7745 Jena",,
237,Chemnitzer,Chemnitz,Germany,,,,
238,Rot-Weiss Erfurt,,Germany,Steigerwaldstadion,Arnstädter Straße 55,19439,Natural
239,1860 München,München,Germany,Grünwalder Stadion,"Grünwalder Str. 2-4, 81547 München",75000,Natural
240,Lokomotive Leipzig,Leipzig,Germany,,,,
241,Cambridge United,Cambridge,England,The R Costings Abbey Stadium,Newmarket Road,10847,Natural
242,Tranmere Rovers,Wirral,England,Prenton Park,Prenton Road West,16587,Natural
243,Grimsby Town,Grimsby,England,Blundell Park,Blundell Park,9546,
244,Southend United,Southend-on-Sea,England,Roots Hall Stadium,"Victoria Avenue, Prittlewell",12392,Natural
245,Espinho,Espinho,Portugal,,,,
246,Strasbourg,Strasbourg,France,Stade de la Meinau,"12, Rue de l'Extenwoerth",29230,Natural
247,Valenciennes,Valenciennes,France,Stade du Hainaut,Nungesser,24926,Natural
248,Go Ahead Eagles,Deventer,Netherlands,De Adelaarshorst,Vetkampstraat 1,10000,Natural
249,Cambuur,Leeuwarden,Netherlands,Cambuurstadion,Cambuurplein 44,10000,Natural
250,Villarreal,Villarreal,Spain,Estadio de la Cerámica,Plaza Labrador,24500,Natural
251,Atlético Marbella,,,,,,
252,CD Badajoz,,,,,,
253,Lugo,Lugo,Spain,Estadio Anxo Carro,Avda. Dos Deportes s/n - 27004 Lugo,7250,Natural
254,Pescara,Pescara,Italy,Stadio Adriatico-Giovanni Cornacchia,Via Pepe,23800,Natural
255,Brescia,Brescia,Italy,Stadio Mario Rigamonti,"Via Giovanni Novagani, 8",27547,Natural
256,Ancona,,,,,,
257,Wolfsburg,Wolfsburg,Germany,Volkswagen-Arena,In den Allerwiesen 1 38446 Wolfsburg,30000,Natural
258,Wuppertaler SV,Wuppertal,Germany,,,,
259,FC Remscheid,,Germany,,,,
260,Birmingham City,Birmingham,England,St. Andrew's Stadium,St. Andrew's Road,30009,Natural
261,Peterborough,Peterborough,England,London Road Stadium,London Road,15142,Natural
262,Brentford,Brentford,England,Griffin Park,"Braemar Road, London Borough of Hounslow",12763,Natural
263,FC Martigues,Martigues,France,Stade Francis Turcan,"29, Chemin de Paradis 13500",11500,
264,Angers SCO,Angers,France,Stade Raymond-Kopa,"73, boulevard Jacques Portet 49002 Angers",17835,
265,NAC Breda,Breda,Netherlands,Rat Verlegh Stadion,Stadionstraat 23,19000,Natural
266,Leganés,Leganés,Spain,Municipal de Butarque,"C/ Arquitectura, s/n",11454,Césped natural
267,CD Toledo,Toledo,Spain,Municipal Salto del Caballo,"Av. Salto del Caballo s/n 45003, Toledo",5500,Césped natural
268,Hércules,Alicante,Spain,José Rico Pérez,"C/ Foguerer Romeu Zarandieta, s/n",29500,Natural
269,Reggiana,,Italy,Stadio Città del Tricolore,"Piazza Azzuri d'Italia, 1",29546,Natural
270,Piacenza,Piacenza,Italy,Leonardo Garilli,"Via Gorra, 25 Piacenza",21668,Natural
271,Tennis Borussia,Berlín,Germany,,,,
272,Bolton Wanderers,Bolton,England,Reebok Stadium,Burnden Way,28723,Natural
273,Oxford City,Oxford,England,Court Place Farm,"Marsh Road, Marston",2000,Natural
274,União de Leiria,Leiria,Portugal,Magalhaes Pessoa,Estadio Municipal Leiria Apartado 3074 2401-903 Leiria,30000,Natural
275,Bastia,"Bastia, Francia",France,Stade Armand Césari,Route du Stade,16078,Natural
276,Getafe,Getafe,Spain,Coliseum Alfonso Pérez,Avenida de Teresa de Calcuta,17700,Natural
277,CD Ourense,,,,,,
278,CF Extremadura,,,,,,
279,Padova,Padua,Italy,Stadio Comunale Euganeo,"Via Nereo Rocco, 60",32420,Natural
280,Salernitana,Salerno,Italy,Stadio Arechi,"Via Salvador Allende, Salerno SA, Italia",37245,Natural
281,Venezia,Venecia,Italy,Stadio Pierluigi Penzo,Isola di Sant'Elena,7450,Natural
282,Fidelis Andria,,Italy,,,,
283,Perugia,Perugia,Italy,Stadio Renato Curi,Via Pietro Conti,28000,Natural
284,Palermo FC,"Palermo, Italia",Italy,Stadio Renzo Barbera,"Viale del Fante, 11",37242,Natural
285,Chievo,"Verona, Italia",Italy,Stadio Marc'Antonio Bentegodi,Piazzale Olimpia,44799,Natural
286,Acireale,Acireale,Italy,,,,
287,Como,Como,Italy,Stadio Giuseppe Sinigaglia,"Via Giuseppe Sinigaglia, 3",13602,Natural
288,Vicenza ,Vicenza,Italy,Stadio Romeo Menti,"Via Schio, 21",20920,Natural
289,Cosenza Calcio,,,,,,
290,Lucchese Libertas,,Italy,Porta Elisa,,,
291,FSV Frankfurt,,Germany,Frankfurter Volksbank Stadion,Am Erlenbruch 1,10826,Natural
292,Zwickau,Zwickau,Germany,,,,
293,Reading,Reading,England,Madejski Stadium,"Shooters Way / Junction 11, M4",24200,Natural
294,Burnley,Burnley,England,Turf Moor,Harry Potts Way,22546,Natural
295,Amiens SC,Amiens,France,Stade de la Licorne,Rue du Chapitre,12097,Natural
296,Lorient,Lorient,France,Stade Yves Allainmat - Le Moustoir,Espace FCL - Kerlir - CS 30131 56271 Ploemeur,18970,Césped Artificial
297,Charleville,,,,,,
298,Stade Poitevin,,France,Stade de la Pépinière,Rue de la Fraternité 86180,15750,
299,Stade Lavallois,,France,Stade Francis Le Basser,Avenue Pierre de Coubertin,18467,Natural
300,Perpignan,,,,,,
301,Dunkerque,Dunkerque,France,Stade Marcel-Tribut,Avenue de Rosendaël,4200,Natural
302,Valence,,,,,,
303,Chateauroux,Châteauroux,France,Stade Gaston Petit,Avenue de La Châtre,17072,Césped Artificial
304,Red Star,,France,Stade Bauer,Saint-Ouen,10000,
305,Louhans Cuiseaux,Louhans,France,Parc des Sports du Bram,Rue de Bram 71500,8400,
306,Niort,,France,Stade René Gaillard,"105, avenue de la Venise Verte",10898,Natural
307,Le Mans,Mulsanne,France,MMArena,Chemin Aux Boeufs,25064,Natural
308,FC Felgueiras,,,,,,
309,Leça FC,Leça,Portugal,,,,
310,Campomaiorense,,,,,,
311,Guingamp,Guingamp,France,Stade du Roudourou,"15, boulevard Clémenceau 22202 Guingamp",18363,Natural
312,FC Gueugnon,Gueugnon,France,Stade Jean Laville,"16, rue Pasteur 71130",13872,
313,Écija Balompié,Écija,Spain,Municipal San Pablo,Calle de Cesteria,4000,Natural
314,Almería,Almería,Spain,Juegos del Mediterráneo,Calle de Belladona,15200,Natural
315,Alavés,Vitoria,Spain,Mendizorroza,"Cervantes Ibilbidea, s/n, 01007 Vitoria-Gasteiz, Araba",19940,Natural
316,Avellino,,Italy,Stadio Partenio,"Contrada Zoccolari, 1",10215,Natural
317,Reggina,Reggina,Italy,Stadio Oreste Granillo,Via Galileo Galilei,27763,Natural
318,Pistoiese,Pistoia,Italy,,,,
319,Arminia Bielefeld,Bielefeld,Germany,SchücoArena,Melanchthonstraße 31a 33615 Bielefeld,27300,Natural
320,VfB Lübeck,Lübeck,Germany,,,,
321,Huddersfield Town,Huddersfield,England,The John Smith's Stadium,Stadium Way,24554,Natural
322,Stade Briochin,Saint-Brieuc,France,Stade Fred Aubert,"31, rue Joseph Le Brix 22000",13500,
323,Beauvais Oise,Beauvais,France,Stade Pierre-Brisson,"171, avenue Marcel Dassault 60000 Beauvais",10000,
324,Troyes,Troyes,France,Stade de l'Aube,"42, avenue Robert Schuman",20842,Natural
325,FC Eindhoven,Eindhoven,Netherlands,Jan Louwers Stadion,Charles Roelslaan 1,5400,Natural
326,Emmen,Emmen,Netherlands,Univé Stadion,"Stadionpein 1, 7825SG Emmen",8600,Natural
327,TOP Oss,Oss,Netherlands,Frans Heesen Stadion,Mondriaanlaan 4,4700,Natural
328,BV Veendam ,,,,,,
329,Heracles,Almelo,Netherlands,Polman Stadion,Stadionlaan 1,8500,Césped Artificial
330,SC Telstar,Velsen,Netherlands,TATA Steel Stadion,"Minister van Houtenlaan 123, 1981 EK Velsen-Zuid",3625,Natural
331,Helmond Sport,Helmond,Netherlands,Lavans Stadion,Sportpark De Braak 7,4142,Natural
332,RBC Roosendaal,,,,,,
333,PEC Zwolle,Zwolle,Netherlands,IJsseldelta Stadion,Stadionplein 1,12500,Césped Artificial
334,Excelsior,Rótterdam,Netherlands,Stadion Woudestein,Honingerdijk 110,3541,Césped Artificial
335,Rio Ave,Vila do Conde,Portugal,Estádio do Rio Ave Futebol Clube,Rua Dona Maria Pães Ribeiro,12815,Natural
336,AZ Alkmaar,Alkmaar,Netherlands,AFAS Stadion,Stadionweg 1,17023,Natural
337,Ravenna FC,,Italy,Stadio Bruno Benelli,,,natural
338,Castel Sangro,,,,,,
339,Empoli,Empoli,Italy,Carlo Castellani,Via de Pianezzoli 50053 Empoli,21113,Natural
340,Gutersloh,Gutersloh,Germany,,,,
341,ES Wasquehal,Wasquehal,France,Complexe Sportif Lucien Montagne,11 Rue du Molinel 59290,500,
342,Académica,Coimbra,Portugal,Estádio Cidade de Coimbra,Rua Dom Manuel I,30075,Natural
343,Varzim,Varzim,Portugal,,,,
344,Numancia,Soria,Spain,Nuevo Los Pajaritos,"Campus de los Pajaritos, s/n. 42003 Soria",8727,Natural
345,Real Jaén,Jaén,Spain,Municipal La Victoria,"Avenida de Granada, s/n",12569,Natural
346,Castel di Sangro,,,,,,
347,AC Monza,,Italy,Stadio Comunale Brianteo,Via Franco Tognini,18568,Natural
348,Treviso,,,,,,
349,FC Maia,,,,,,
350,Moreirense,"Moreira de Cónegos, Portugal",Portugal,Comendador Joaquim Almeida Freitas,Avenida Comendador Joaquim de Almeida Freitas,9000,Natural
351,Academico Viseu,,Portugal,Estádio Municipal do Fontelo,Avenida José Relvas,14368,Natural
352,Alverca,Alverca do Ribatejo,Portugal,Complexo Desportivo do FC Alverca,,15000,
353,Desportivo Aves,Vila das Aves,Portugal,Estádio Clube Desportivo das Aves,"Rua Luis Gonzaga Mendes Carvalho, 265 4795-080",8560,Natural
354,Uniao Lamas,,Portugal,,,,
355,Greuther Fürth,Fürth,Germany,Sportpark Ronhof Thomas Sommer,Laubenweg 60 90765 Fürth,18000,Natural
356,Energie Cottbus,Cottbus,Germany,"Stadion der Freundschaft, Cottbus",Am Eliaspark 1,22528,Natural
357,Crewe Alexandra,Crewe,England,Alexandra Stadium,Gresty Road,10153,Natural
358,Bury,,,,,,
359,Stockport County,Cheshire,England,Edgeley Park,"Hardcastle Road, Edgeley",10852,Natural
360,Sedan,Sedán,France,Louis-Dugauguez,Boulevard de Lattre de Tassigny 8200,24000,
361,Ajaccio,Ajaccio,France,Stade François Coty,Ancienne route de Sartène Zone Industrielle du Vazzio,10660,Natural
362,Málaga,Málaga,Spain,La Rosaleda,Avenida de la Palmilla / Paseo de Martiricos,30044,Natural
363,Mallorca B,Palma de Mallorca,Spain,Son Bibiloni (Antonio Asensio),"Camino de los Reyes, s/n",1500,Césped natural
364,Ternana Calcio,,Italy,Stadio Libero Liberati,Viale dello Stadio,20100,Natural
365,CD Santa Clara,,Portugal,Estádio de São Miguel,Rua Comandante Jaime de Sousa 21,13277,Natural
366,Naval,,,,,,
367,Esposende,,Portugal,,,,
368,Ulm,Ulm,Germany,,,,
369,Rot-Weiß,,Germany,Stadion Niederrhein,Rechenacker 62,21318,
370,Creteil,"rue vasco de gama, cretiel",France,Stade Dominique Duvauchelle,Rue Dominique Duvauchelle,12050,Natural
371,Córdoba,Córdoba,Spain,Municipal Nuevo Arcángel,Estadio Municipal 'Nuevo Arcángel' Avda del Arcángel s/n,21822,Natural
372,AlzanoCene,,,,,,
373,FC Savoia 1908,Savoia,Italy,,,,
374,Fermana,Fermana,Italy,,,,
375,SC Freamunde,,,,,,
376,SP. Covilhã,,Portugal,Estádio Municipal José dos Santos Pinto,Edifício Sporting Shopping Center Rua Visconde da Coriscada Apartado 302 6200-077 Covilhã,6125,Natural
377,Imortal,,,,,,
378,Kickers Offenbach,Offenbach,Germany,Bieberer Berg Stadion,Bieberer Straße 282 63071 Offenbach,25200,Césped
379,Fulham,Londres,England,Craven Cottage,Stevenage Road,25700,Natural
380,Walsall,Walsall,England,The Banks's Stadium,"Bescot Crescent, Bescot",11300,Natural
381,Universidad LPGC,,,,,,
382,Racing Ferrol,Ferrol,Spain,A Malata,Avenida A Malata,12043,Césped natural
383,Siena,Siena,Italy,Stadio Comunale Artemio Franchi,"Via Mille, 3",15373,Natural
384,Cittadella,Cittadella,Italy,Stadio Pier Cesare Tombolato,"Viale dello Sport, 7",7623,Natural
385,Crotone,Crotone,Italy,Ezio Scida,Via Cutro,16640,Natural
386,Ovarense,Ovar,Portugal,,,,
387,FC Marco,,,,,,
388,Reutlingen,Reutlingen,Germany,,,,
389,Rot Weiss Ahlen,,Germany,Wersestadion,August-Kirchner-Straße 14,11498,
390,Preston North End,Preston,England,Deepdale Stadium,Deepdale Road,23408,Natural
391,Gillingham,Gillingham,England,KRBS Priestfield Stadium,Redfern Avenue,11582,Natural
392,Grenoble,Grenoble,France,Des Alpes,Avenue de Valmy,20068,Natural
393,Istres,Istres,France,Stade Parsemain,Route Nationale 569,17363,Natural
394,Burgos,Burgos,Spain,Municipal de El Plantío,"Calle de la Cruz Roja, s/n",12200,Césped Natural
395,Gimnàstic,Tarragona,Spain,Nou Estadi,"Camino de la Budallera, s/n",14591,Natural
396,Poli Ejido,Ejido,Spain,Municipal De Santo Domingo,"c/ Angel Maeso s/n, El Ejido (Almeria)",7870,Césped natural
397,Modena,Modena,Italy,Stadio Alberto Braglia,"Viale Monte Kosica, 128/134",20507,Natural
398,Messina,Messina,Italy,Stadio Comunale San Filippo,"Via Comunale, San Filippo",37895,Natural
399,UD Oliveirense,,Portugal,Estádio Carlos Osório,Praceta da União Desportiva Oliveirense 3720-256 Oliveira de Azeméis,2670,Natural
400,SV Babelsberg 03,,Germany,Karl-Liebknecht-Stadion,Karl-Liebknecht-Straße 90,,
401,Union Berlin,Berlin,Germany,Stadion An der Alten Försterei,Hämmerlingstraße 80-88 12555 Berlin,22012,cesped real
402,Rotherham United,Rotherham,England,New York Stadium,Don Street,12021,Natural
403,Clermont,,France,Stade Gabriel Montpied,Rue Adrien-Mabut,10363,Natural
404,Stade de Reims,"Reims, Francia",France,Auguste-Delaune II,"33, Chaussée Bocquaine",21628,Natural
405,Terrassa FC,Tarrassa,Spain,Olímpic de Terrassa,"Avinguda dels Jocs Olímpics, 10, 08225 Terrassa (Barcelona)",11500,Césped Artificial
406,Triestina ,,Italy,Nereo Rocco,"Piazzale Atleti Azzurri d'Italia, 1 Trieste",28565,Natural
407,Catania,Catania,Italy,Stadio Angelo Massimino,Piazza Vincenzo Spedini,23420,Natural
408,Livorno,Livorno,Italy,Stadio Armando Picchi,Piazzale Montello 14,19238,Natural
409,Eintracht Trier,Tréveris,Germany,,,,
410,Wacker Burghausen,,Germany,Wacker-Arena,Liebigstraße,10200,Natural
411,Besancon RC,Besançon,France,Stade Léo-Lagrange,"15, avenue Léo Lagrange, 25000",15000,
412,FC Rouen 1899,Rouen,France,,"48, avenue des Canadiens 76140 Le Petit-Quevilly",,
413,AGOVV Apeldoorn,,,,,,
414,Ciudad de Murcia,,,,,,
415,At. Malagueño,Málaga,Spain,Ciudad Deportiva de la Federación Malagueña,"Calle Max Estrella S/N, Malaga",2000,Césped natural
416,Algeciras,Algeciras,Spain,Nuevo Mirador,Poligono de la Menacha,8209,Césped natural
417,AlbinoLeffe,Bérgamo,Italy,Stadio Atleti Azzurri d'Italia,"Viale Caio Giulio Cesare, 18",24726,Natural
418,Leixões,Matosinhos,Portugal,Estádio do Mar,Lugar da Cruz de Pau 4450 Matosinhos,9730,Natural
419,Jahn Regensburg,Ratisbona,Germany,Städtisches Jahnstadion,Prüfeningerstraße 57a,12500,Natural
420,Erzgebirge Aue,Aue,Germany,Sparkassen-Erzgebirgsstadion,Lößnitzer Straße 95 8280 Aue,15690,Natural
421,Cardiff City,Cardiff,Wales,Cardiff City Stadium,Leckwith Road,28016,Natural
422,Wigan Athletic,Wigan,England,The DW Stadium,"Robin Park, Loire Drive",25138,Natural
423,Dijon FCO,Dijon,France,Stade Gaston Gérard,"9, rue Ernest Champaux 21000 Dijon",15995,Natural
424,Pontevedra,Pontevedra,Spain,Estadio Municipal de Pasarón,"Calle Luis Otero s/n, 36005 Pontevedra",10500,Césped natural
425,AC Arezzo,Toscana,Italy,,,,
426,Catanzaro,,Italy,Stadio Nicola Ceravolo,Via Francesco Paglia,14650,Natural
427,Gondomar,,Portugal,San Miguel,,2450,
428,Olhanense,,Portugal,Estádio José Arcanjo,"Apartado 104, Rua da Feira",11662,Natural
429,FC Omniworld,,,,,,
430,Lorca Deportiva,,,,,,
431,Rimini,,Italy,Stadio Romeo Neri,Viale 9 Febbraio 1849,9798,Natural
432,Mantova,,Italy,Stadio Danilo Martelli,"Viale Te, 7-9",14854,Natural
433,Vizela,,Portugal,Estádio do Futebol Clube de Vizela,,7000,
434,FC Barreirense,Barreiro,Portugal,,,,
435,Siegen,Siegen,Germany,,,,
436,Paderborn,Paderborn,Germany,Benteler-Arena,Paderborner Straße 89,15306,Natural
437,Libourne Saint Se.,Libourne,France,,,,
438,Tours,Tours,France,Stade de la Vallée du Cher,Avenue Camille Chautemps / Rue Camille Danguillaume,11912,Natural
439,Ponferradina,Ponferrada,Spain,Municipal El Toralín,Calle El Toralin s/n,8800,Natural
440,Vecindario,,,,,,
441,Spezia,La Spezia,Italy,Stadio Alberto Picco,"Via Nicolò Fieschi, 18",10336,Césped Artificial
442,Frosinone,Frosinone,Italy,stadio Benito Stirpe,"Viale Olimpia, 03100, Frosinone FR, italia",16227,Natural
443,Ol. Moscavide,,,,,,
444,Trofense,,Portugal,Estádio do Clube Desportivo Trofense,Rua Américo Campos,5074,Natural
445,TuS Koblenz,Koblenz,Germany,Stadion Oberwerth,Altlöhrtor 13-15,16527,
446,FC Augsburg,Augsburg,Germany,WWK Arena,Bürgermeister Ulrich-Straße 90,30662,Natural
447,Colchester United,Colchester,England,Weston Homes Community Stadium,United Way,10083,Natural
448,Boulogne,Boulogne-sur-Mer,France,Stade de la Libération,Boulevard Eurvin,15242,Natural
449,Sevilla At.,Sevilla,Spain,Estadio Jesús Navas,"Carretera de Utrera, Km. 1, 41005 Montequinto (Sevilla)",6000,Natural
450,Granada 74,,,,,,
451,Grosseto,Grosseto,Italy,Stadio Olimpico Carlo Zecchini,"Via Veterani dello Sport, 6",9779,Natural
452,Fatima,,Portugal,Papa Francisco,,,
453,Wehen Burghausen,,,,,,
454,Hoffenheim,Sinsheim,Germany,WIRSOL Rhein-Neckar-Arena,Dietmar-Hopp-Straße 1,21000,Natural
455,Blackpool,Blackpool,England,Bloomfield Road,Seasiders Way,17625,Natural
456,Scunthorpe United,Scunthorpe,England,Glanford Park,Doncaster Road,9088,Natural
457,Vannes,Vannes,France,Stade de la Rabine,"56, place Théodore Decker",9143,Natural
458,Girona,,Spain,Montilivi,"Avenida Montilivi, 141",11056,Natural
459,Huesca,Huesca,Spain,El Alcoraz,"Camino Cocoron, s/n 22004 Huesca",7638,Natural
460,Alicante,,,,,,
461,Sassuolo,"Reggio Emilia, Italia",Italy,Stadio Città del Tricolore,"Piazza Azzuri d'Italia, 1",29546,Natural
462,Ingolstadt 04,Ingolstadt,Germany,Audi-Sportpark,Geisenfelder Straße 1 85053 Ingolstadt,15729,NATURAL
463,Doncaster Rovers,Doncaster,England,Keepmoat Stadium,"Stadium Way, Lakeside",15231,Natural
464,Swansea City,Swansea,Wales,Liberty Stadium,Normandy Road,20769,Natural
465,Arles,,,,,,
466,F.C. Cartagena,Cartagena,Spain,Cartagonova,"Cartagena, Región de Murcia, España",15105,Césped natural
467,Villarreal B,Villarreal,Spain,Ciudad Deportiva Del Villarreal,Camino Miralcamp s/n 12540 Vila-Real (Castelló),5000,Natural
468,Real Unión Irún,Irun,Spain,Stadium Gal,"Patricio Arabolaza, 2, 20304 Irún",5600,Natural
469,Gallipoli ,,,,,,
470,Carregado,,Portugal,,,,
471,Evian Thonon Gail.,Annecy,France,Parc des Sports,Rue Pierre de Coubertin,15660,Natural
472,Almere City,Almere,Netherlands,Mitsubishi Forklift-Stadion,"Competitieweg 20 1318EA, Almere",2500,Césped Artificial
473,Alcorcón,Alcorcón,Spain,Santo Domingo,Avda. Pablo Iglesias s/n,5000,Natural
474,Granada,Granada,Spain,Nuevo Los Cármenes,"Calle Pintor Manuel Maldonado, s/n, 18007, Granada",19336,Natural
475,Calcio,,,,,,
476,Varese,Varese,Italy,Stadio Franco Ossola,"Via Bolchini, Masnago",9926,Natural
477,Novara,Novara,Italy,Stadio Comunale Silvio Piola,"Viale Kennedy, 8",17875,Césped Artificial
478,Arouca,,Portugal,Estádio Municipal de Arouca,Afonso Pinto Magalhães Valdasna,2500,Natural
479,Alcoyano,Alcoy,Spain,El Collao,"C/ Oliver, s/n",4850,Natural
480,CD Guadalajara,Guadalajara,Spain,Pedro Escartín,"Calle de Julián Besteiro, 14",5000,Natural
481,Juve Stabia,,Italy,Stadio Comunale Romeo Menti,"Via G. Cosenza, 283",7642,Césped Artificial
482,Nocerina,Nocera Inferiore,Italy,Stadio San Francesco,Viale San Francesco,9998,Natural
483,AS Gubbio 1910,,Italy,Stadio Pietro Barbetti,Via Parruccini - 06024 Gubbio,4160,natural
484,Atlético CP,Lisboa,Portugal,Estádio da Tapadinha,"Rua Prof. Viera Natividade, Alcântara",10000,Natural
485,GazÃ©lec Ajaccio,"Ajaccio, Corsica",France,Stade Municipal Ange Casanova Stiletto,"Route de Mezzavia, Mezzavia",4229,Natural
486,Mirandés,Miranda del Ebro,Spain,Estadio Municipal de Anduva,"Camino de Anduva, s/n 09200 Miranda de Ebro (Burgos)",5759,Natural
487,Pro Vercelli,,Italy,Stadio Silvio Piola,"Via Massaua, 5",6165,Césped Artificial
488,Virtus Lanciano,,,,,,
489,Benfica II,,Portugal,Caixa Futebol Campus,Av. General Norton de Matos Apartado 4100 1501-805 Lisboa,2720,Natural
490,Porto II,Oporto,Portugal,Estádio Dr. Jorge Sampaio,Rua da Paradela,8500,Natural
491,Sporting Braga II,,Portugal,Estádio 1º de Maio,Estádio Municipal de Braga Apartado 12 4711-909 Braga,28800,Natural
492,Tondela,Tondela,Portugal,João Cardoso,Rua Doutor Eurico José Gouveia,7500,Natural
493,Marítimo II,,Portugal,Campo da Imaculada Conceição,Complexo Desportivo C. S. Marítimo Rua Campo do Marítimo 9020 - 073 Funchal Portugal,2000,Natural
494,Sporting CP II,Lisboa,Portugal,Academia Sporting,Edificio Multidesportivo Açoreana Seguros Apartado 4120 1501-806 Lisboa,50466,Natural
495,VfR Aalen,Aalen,Germany,Scholz Arena,Stadionweg 3,11183,Natural
496,Sandhausen,Sandhausen,Germany,Hardtwaldstadion,Jahnstraße 1 69207 Sandhausen,12136,Natural
497,CA Bastia,,,,,,
498,Jong Twente,,,,,,
499,Jong Ajax,Amsterdam,Netherlands,Sportpark De Toekomst,"Borchlandweg 16-18, Zuidoost",5000,Natural
500,Achilles 29,Groesbeek,Netherlands,Sportpark De Heikant,Cranenburgsestraat 33 A,4500,Natural
501,Jong PSV,Eindhoven,Netherlands,Sportcomplex De Herdgang,Oirschotsedijk 12,2500,Natural
502,Trapani,,Italy,Stadio Polisportivo Provinciale,"Via G. Cesarò, Casa Santa",6766,Natural
503,Carpi,"Carpi, Italia",Italy,Stadio Sandro Cabassi,"Via Carlo Marx, 26",4164,Natural
504,Latina,Latina,Italy,Stadio Comunale Domenico Francioni,Piazzale Prampolini 4,8000,Natural
505,Yeovil Town,Yeovil,England,Huish Park Stadium,"Lufton Way, Lufton",9665,Natural
506,OrlÃ©ans,,France,Stade de la Source,"7, rue Beaumarchais",5000,Natural
507,Llagostera,Llagostera,Spain,Camp d’Esports Municipal de Llagostera,"Avinguda de l'Esport, s/n, 17240 Llagostera (Girona)",1400,Césped natural
508,Virtus Entella,Chiavari,Italy,Stadio Comunale Chiavari,"Via Aldo Gastaldi, 22",4154,Césped Artificial
509,Oriental Lisboa,,Portugal,Campo Engenheiro Carlos Salema,,8500,
510,Heidenheim,Heidenheim an der Brenz,Germany,Voith-Arena,Schloßhaustr. 162 89522 Heidenheim an der Brenz,15000,Natural
511,RB Leipzig,Leipzig,Germany,Red Bull Arena,Am Sportforum 3,44345,Natural
512,Paris FC,Paris,France,Stade Sébastien Charléty,"1, avenue Pierre de Coubertin",20000,Natural
513,Bourg-PÃ©ronnas,,France,Stade Muncipal de Péronnas,"1, rue de Stade",2541,Natural
514,Gazélec Ajaccio,"Ajaccio, Corsica",France,Stade Municipal Ange Casanova Stiletto,"Route de Mezzavia, Mezzavia",4229,Natural
515,Mafra,Mafra,Portugal,,,,
516,Milton Keynes Dons,Milton Keynes,England,Stadium mk,Stadium Way West,22000,Natural
517,Jong Utrecht,Utrecht,Netherlands,,,,
518,Reus Deportiu,,,,,,
519,UCAM Murcia,Murcia,Spain,BeSoccer La Condomina,"C/ Ronda de Garay, s/n, 30003, Murcia.",6014,Césped natural
520,Benevento,Benevento,Italy,Stadio Ciro Vigorito,Piazzale degli Atleti,18900,Natural
521,SPAL,Ferrara,Italy,Stadio Paolo Mazza,"Corso Piave, 28",17900,Natural
522,Cova Piedade,Piedade,Portugal,Estádio Municipal José Martins Vieira,,3500,
523,Fafe,Braga,Portugal,,,,
524,Würzburger,Würzburg,Germany,flyeralarm-Arena,Mittlerer Dallenbergweg 49 97082 Würzburg,14500,
525,Burton Albion,Burton,England,Pirelli Stadium,Princess Way,6912,Natural
526,Orléans,,France,Stade de la Source,"7, rue Beaumarchais",5000,Natural
527,Quevilly,,France,Stade Robert-Diochon,48 avenue des Canadiens 76140 Le Petit-Quevilly,12018,
528,Nîmes,Nimes,France,Stade des Costières,"123, avenue de la Bouvine",18482,Natural
529,Bourg-Péronnas,,France,Stade Muncipal de Péronnas,"1, rue de Stade",2541,Natural
530,Jong AZ,Alkmaar,Netherlands,,,,
531,Lorca FC,Lorca,Spain,Francisco Artés Carrasco,Carratera de Granada,8120,Césped natural
532,Cultural Leonesa,León,Spain,Municipal Reino de León,Paseo Sáenz de Miera 24009 León,13451,Césped Natural
533,Real Sport Clube,Queluz,Portugal,Complexo Desportivo do Real SC,,3600,
534,Holstein Kiel,Kiel,Germany,Holstein-Stadion,Westring 501,11522,Natural
535,Extremadura,Almendralejo,Spain,Francisco de la Hera,"Carretera de Sevilla, 16 06200 – Almendralejo (Badajoz)",11580,Césped natural
536,Rayo Majadahonda,Majadahonda,Spain,Cerro del Espino,"Carretera de Pozuelo, S/N",3900,Natural
537,Nuova Cosenza,,Italy,Stadio San Vito,Via degli Stadio,24209,Natural
538,Magdeburg,Magdeburg,Germany,,,,
539,Rodez,Rodez,France,Stade Paul-Lignon,"2, rue Vieussens",6000,
540,Chambly,Chambly,France,Stade des Marais,Quartier du Mesnil-Saint-Martin 60230 Chambly,1000,
541,Fuenlabrada,Fuenlabrada,Spain,Fernando Torres,"Camino del Molino, s/n",6000,Natural
542,Pordenone,Pordenone,Italy,,,,
543,Casa Pia,Lisboa,Portugal,,,,
544,Vilafranquense,Vila Franca de Xira,Portugal,,,,
545,Wehen Wiesbaden,Wiesbaden,Germany,BRITA-Arena,Berliner Straße 9,13144,Natural
546,Olympique Alès,Ales,France,Stade Pierre Pibarot,1730 Chemin De Trespaux,9000,
547,Épinal,,France,Stade de La Colombière,Chemin du chaperon Rouge 88005 Épinal,7200,
548,Sète,Sete,France,Stade Louis-Michel,Stade Louis Michel Rue Bachaga Boualem 34201 Sète,8700,
549,Béziers,,France,Stade de Sauclières,,12000,
