1,FC Eindhoven,3,1,0,0,3,0,18,2012,1,eerste_divisie
2,Cambuur,3,1,0,0,4,2,18,2012,1,eerste_divisie
3,TOP Oss,3,1,0,0,3,1,18,2012,1,eerste_divisie
4,Willem II,3,1,0,0,3,1,18,2012,1,eerste_divisie
5,MVV Maastricht,3,1,0,0,3,2,18,2012,1,eerste_divisie
6,Go Ahead Eagles,3,1,0,0,1,0,18,2012,1,eerste_divisie
7,Sparta Rotterdam,3,1,0,0,1,0,18,2012,1,eerste_divisie
8,Den Bosch,1,0,1,0,2,2,18,2012,1,eerste_divisie
9,PEC Zwolle,1,0,1,0,2,2,18,2012,1,eerste_divisie
10,Dordrecht,1,0,1,0,0,0,18,2012,1,eerste_divisie
11,FC Volendam,1,0,1,0,0,0,18,2012,1,eerste_divisie
12,Almere City,0,0,0,1,2,3,18,2012,1,eerste_divisie
13,Fortuna Sittard,0,0,0,1,0,1,18,2012,1,eerste_divisie
14,SC Telstar,0,0,0,1,0,1,18,2012,1,eerste_divisie
15,AGOVV Apeldoorn,0,0,0,1,2,4,18,2012,1,eerste_divisie
16,Helmond Sport,0,0,0,1,1,3,18,2012,1,eerste_divisie
17,BV Veendam ,0,0,0,1,1,3,18,2012,1,eerste_divisie
18,Emmen,0,0,0,1,0,3,18,2012,1,eerste_divisie
1,FC Eindhoven,6,2,0,0,4,0,18,2012,2,eerste_divisie
2,Willem II,4,1,1,0,4,2,18,2012,2,eerste_divisie
3,FC Volendam,4,1,1,0,2,0,18,2012,2,eerste_divisie
4,PEC Zwolle,4,1,1,0,4,3,18,2012,2,eerste_divisie
5,Go Ahead Eagles,4,1,1,0,2,1,18,2012,2,eerste_divisie
6,Fortuna Sittard,3,1,0,1,5,2,18,2012,2,eerste_divisie
7,Almere City,3,1,0,1,5,3,18,2012,2,eerste_divisie
8,Cambuur,3,1,0,1,4,3,18,2012,2,eerste_divisie
9,TOP Oss,3,1,0,1,4,3,18,2012,2,eerste_divisie
10,Sparta Rotterdam,3,1,0,1,3,3,18,2012,2,eerste_divisie
11,Helmond Sport,3,1,0,1,4,5,18,2012,2,eerste_divisie
12,MVV Maastricht,3,1,0,1,3,4,18,2012,2,eerste_divisie
13,Den Bosch,2,0,2,0,2,2,18,2012,2,eerste_divisie
14,Dordrecht,2,0,2,0,1,1,18,2012,2,eerste_divisie
15,SC Telstar,1,0,1,1,0,1,18,2012,2,eerste_divisie
16,Emmen,1,0,1,1,1,4,18,2012,2,eerste_divisie
17,BV Veendam ,0,0,0,2,1,6,18,2012,2,eerste_divisie
18,AGOVV Apeldoorn,0,0,0,2,3,9,18,2012,2,eerste_divisie
1,FC Eindhoven,9,3,0,0,7,1,18,2012,3,eerste_divisie
2,PEC Zwolle,7,2,1,0,8,3,18,2012,3,eerste_divisie
3,Fortuna Sittard,6,2,0,1,9,3,18,2012,3,eerste_divisie
4,Almere City,6,2,0,1,9,6,18,2012,3,eerste_divisie
5,Helmond Sport,6,2,0,1,7,7,18,2012,3,eerste_divisie
6,MVV Maastricht,6,2,0,1,5,5,18,2012,3,eerste_divisie
7,FC Volendam,5,1,2,0,2,0,18,2012,3,eerste_divisie
8,Dordrecht,5,1,2,0,4,3,18,2012,3,eerste_divisie
9,Willem II,4,1,1,1,6,5,18,2012,3,eerste_divisie
10,Cambuur,4,1,1,1,4,3,18,2012,3,eerste_divisie
11,Go Ahead Eagles,4,1,1,1,4,4,18,2012,3,eerste_divisie
12,Sparta Rotterdam,4,1,1,1,3,3,18,2012,3,eerste_divisie
13,TOP Oss,3,1,0,2,7,7,18,2012,3,eerste_divisie
14,Den Bosch,3,0,3,0,2,2,18,2012,3,eerste_divisie
15,SC Telstar,1,0,1,2,1,4,18,2012,3,eerste_divisie
16,Emmen,1,0,1,2,2,8,18,2012,3,eerste_divisie
17,BV Veendam ,0,0,0,3,2,8,18,2012,3,eerste_divisie
18,AGOVV Apeldoorn,0,0,0,3,3,13,18,2012,3,eerste_divisie
1,FC Eindhoven,12,4,0,0,8,1,18,2012,4,eerste_divisie
2,PEC Zwolle,10,3,1,0,10,3,18,2012,4,eerste_divisie
3,Almere City,9,3,0,1,13,7,18,2012,4,eerste_divisie
4,Cambuur,7,2,1,1,7,4,18,2012,4,eerste_divisie
5,Willem II,7,2,1,1,8,6,18,2012,4,eerste_divisie
6,Fortuna Sittard,6,2,0,2,10,6,18,2012,4,eerste_divisie
7,TOP Oss,6,2,0,2,10,8,18,2012,4,eerste_divisie
8,FC Volendam,6,1,3,0,4,2,18,2012,4,eerste_divisie
9,Den Bosch,6,1,3,0,4,3,18,2012,4,eerste_divisie
10,Helmond Sport,6,2,0,2,7,8,18,2012,4,eerste_divisie
11,MVV Maastricht,6,2,0,2,6,7,18,2012,4,eerste_divisie
12,Go Ahead Eagles,5,1,2,1,6,6,18,2012,4,eerste_divisie
13,Dordrecht,5,1,2,1,4,6,18,2012,4,eerste_divisie
14,SC Telstar,4,1,1,2,4,4,18,2012,4,eerste_divisie
15,Sparta Rotterdam,4,1,1,2,3,5,18,2012,4,eerste_divisie
16,Emmen,1,0,1,3,3,11,18,2012,4,eerste_divisie
17,BV Veendam ,0,0,0,4,3,10,18,2012,4,eerste_divisie
18,AGOVV Apeldoorn,0,0,0,4,4,17,18,2012,4,eerste_divisie
1,FC Eindhoven,13,4,1,0,8,1,18,2012,5,eerste_divisie
2,Cambuur,10,3,1,1,11,5,18,2012,5,eerste_divisie
3,PEC Zwolle,10,3,1,1,11,6,18,2012,5,eerste_divisie
4,Willem II,10,3,1,1,10,6,18,2012,5,eerste_divisie
5,Almere City,9,3,0,2,14,10,18,2012,5,eerste_divisie
6,Helmond Sport,9,3,0,2,10,9,18,2012,5,eerste_divisie
7,Fortuna Sittard,7,2,1,2,12,8,18,2012,5,eerste_divisie
8,TOP Oss,7,2,1,2,12,10,18,2012,5,eerste_divisie
9,SC Telstar,7,2,1,2,7,5,18,2012,5,eerste_divisie
10,Den Bosch,7,1,4,0,6,5,18,2012,5,eerste_divisie
11,MVV Maastricht,7,2,1,2,9,10,18,2012,5,eerste_divisie
12,Go Ahead Eagles,6,1,3,1,8,8,18,2012,5,eerste_divisie
13,FC Volendam,6,1,3,1,5,6,18,2012,5,eerste_divisie
14,Dordrecht,6,1,3,1,7,9,18,2012,5,eerste_divisie
15,Sparta Rotterdam,5,1,2,2,5,7,18,2012,5,eerste_divisie
16,BV Veendam ,1,0,1,4,5,12,18,2012,5,eerste_divisie
17,Emmen,1,0,1,4,3,13,18,2012,5,eerste_divisie
18,AGOVV Apeldoorn,1,0,1,4,4,17,18,2012,5,eerste_divisie
1,FC Eindhoven,16,5,1,0,9,1,18,2012,6,eerste_divisie
2,PEC Zwolle,13,4,1,1,14,7,18,2012,6,eerste_divisie
3,Willem II,13,4,1,1,13,8,18,2012,6,eerste_divisie
4,Almere City,12,4,0,2,16,11,18,2012,6,eerste_divisie
5,Cambuur,10,3,1,2,12,7,18,2012,6,eerste_divisie
6,TOP Oss,10,3,1,2,13,10,18,2012,6,eerste_divisie
7,MVV Maastricht,10,3,1,2,12,11,18,2012,6,eerste_divisie
8,Helmond Sport,9,3,0,3,11,11,18,2012,6,eerste_divisie
9,Dordrecht,9,2,3,1,9,10,18,2012,6,eerste_divisie
10,Sparta Rotterdam,8,2,2,2,6,7,18,2012,6,eerste_divisie
11,Fortuna Sittard,7,2,1,3,13,11,18,2012,6,eerste_divisie
12,SC Telstar,7,2,1,3,9,8,18,2012,6,eerste_divisie
13,Den Bosch,7,1,4,1,6,6,18,2012,6,eerste_divisie
14,Go Ahead Eagles,6,1,3,2,8,9,18,2012,6,eerste_divisie
15,FC Volendam,6,1,3,2,6,9,18,2012,6,eerste_divisie
16,BV Veendam ,4,1,1,4,8,12,18,2012,6,eerste_divisie
17,Emmen,1,0,1,5,3,16,18,2012,6,eerste_divisie
18,AGOVV Apeldoorn,1,0,1,5,4,18,18,2012,6,eerste_divisie
1,FC Eindhoven,17,5,2,0,11,3,18,2012,7,eerste_divisie
2,PEC Zwolle,14,4,2,1,16,9,18,2012,7,eerste_divisie
3,Willem II,13,4,1,2,14,10,18,2012,7,eerste_divisie
4,Almere City,12,4,0,3,17,13,18,2012,7,eerste_divisie
5,Cambuur,11,3,2,2,14,9,18,2012,7,eerste_divisie
6,Sparta Rotterdam,11,3,2,2,8,8,18,2012,7,eerste_divisie
7,Fortuna Sittard,10,3,1,3,15,12,18,2012,7,eerste_divisie
8,TOP Oss,10,3,1,3,14,12,18,2012,7,eerste_divisie
9,Helmond Sport,10,3,1,3,13,13,18,2012,7,eerste_divisie
10,MVV Maastricht,10,3,1,3,13,13,18,2012,7,eerste_divisie
11,Dordrecht,10,2,4,1,9,10,18,2012,7,eerste_divisie
12,FC Volendam,9,2,3,2,10,9,18,2012,7,eerste_divisie
13,Go Ahead Eagles,9,2,3,2,10,10,18,2012,7,eerste_divisie
14,SC Telstar,8,2,2,3,10,9,18,2012,7,eerste_divisie
15,Den Bosch,8,1,5,1,6,6,18,2012,7,eerste_divisie
16,BV Veendam ,5,1,2,4,9,13,18,2012,7,eerste_divisie
17,AGOVV Apeldoorn,4,1,1,5,6,19,18,2012,7,eerste_divisie
18,Emmen,1,0,1,6,3,20,18,2012,7,eerste_divisie
1,PEC Zwolle,17,5,2,1,23,12,18,2012,8,eerste_divisie
2,FC Eindhoven,17,5,2,1,11,4,18,2012,8,eerste_divisie
3,Willem II,16,5,1,2,16,11,18,2012,8,eerste_divisie
4,Almere City,15,5,0,3,22,13,18,2012,8,eerste_divisie
5,Cambuur,14,4,2,2,16,10,18,2012,8,eerste_divisie
6,TOP Oss,13,4,1,3,19,15,18,2012,8,eerste_divisie
7,Helmond Sport,13,4,1,3,14,13,18,2012,8,eerste_divisie
8,MVV Maastricht,13,4,1,3,14,13,18,2012,8,eerste_divisie
9,FC Volendam,12,3,3,2,13,11,18,2012,8,eerste_divisie
10,Sparta Rotterdam,11,3,2,3,9,10,18,2012,8,eerste_divisie
11,Fortuna Sittard,10,3,1,4,17,15,18,2012,8,eerste_divisie
12,Dordrecht,10,2,4,2,9,15,18,2012,8,eerste_divisie
13,Go Ahead Eagles,9,2,3,3,13,15,18,2012,8,eerste_divisie
14,BV Veendam ,8,2,2,4,13,13,18,2012,8,eerste_divisie
15,Den Bosch,8,1,5,2,6,7,18,2012,8,eerste_divisie
16,SC Telstar,8,2,2,4,13,16,18,2012,8,eerste_divisie
17,AGOVV Apeldoorn,4,1,1,6,6,23,18,2012,8,eerste_divisie
18,Emmen,1,0,1,7,4,22,18,2012,8,eerste_divisie
1,PEC Zwolle,20,6,2,1,26,12,18,2012,9,eerste_divisie
2,Willem II,19,6,1,2,19,13,18,2012,9,eerste_divisie
3,FC Eindhoven,17,5,2,2,13,7,18,2012,9,eerste_divisie
4,Almere City,15,5,0,4,22,16,18,2012,9,eerste_divisie
5,FC Volendam,15,4,3,2,15,12,18,2012,9,eerste_divisie
6,TOP Oss,14,4,2,3,23,19,18,2012,9,eerste_divisie
7,Cambuur,14,4,2,3,17,14,18,2012,9,eerste_divisie
8,Helmond Sport,14,4,2,3,17,16,18,2012,9,eerste_divisie
9,MVV Maastricht,14,4,2,3,17,16,18,2012,9,eerste_divisie
10,Dordrecht,13,3,4,2,12,17,18,2012,9,eerste_divisie
11,Go Ahead Eagles,12,3,3,3,17,16,18,2012,9,eerste_divisie
12,SC Telstar,11,3,2,4,18,18,18,2012,9,eerste_divisie
13,Sparta Rotterdam,11,3,2,4,11,13,18,2012,9,eerste_divisie
14,Fortuna Sittard,10,3,1,5,19,20,18,2012,9,eerste_divisie
15,BV Veendam ,9,2,3,4,17,17,18,2012,9,eerste_divisie
16,Den Bosch,8,1,5,3,7,9,18,2012,9,eerste_divisie
17,Emmen,4,1,1,7,5,22,18,2012,9,eerste_divisie
18,AGOVV Apeldoorn,4,1,1,7,6,24,18,2012,9,eerste_divisie
1,PEC Zwolle,23,7,2,1,31,12,18,2012,10,eerste_divisie
2,FC Eindhoven,20,6,2,2,15,8,18,2012,10,eerste_divisie
3,Willem II,19,6,1,3,19,16,18,2012,10,eerste_divisie
4,FC Volendam,18,5,3,2,21,13,18,2012,10,eerste_divisie
5,Cambuur,17,5,2,3,21,16,18,2012,10,eerste_divisie
6,MVV Maastricht,17,5,2,3,20,18,18,2012,10,eerste_divisie
7,Almere City,16,5,1,4,24,18,18,2012,10,eerste_divisie
8,Helmond Sport,15,4,3,3,19,18,18,2012,10,eerste_divisie
9,TOP Oss,14,4,2,4,25,23,18,2012,10,eerste_divisie
10,Sparta Rotterdam,14,4,2,4,15,14,18,2012,10,eerste_divisie
11,Dordrecht,13,3,4,3,12,22,18,2012,10,eerste_divisie
12,Go Ahead Eagles,12,3,3,4,18,20,18,2012,10,eerste_divisie
13,Den Bosch,11,2,5,3,10,9,18,2012,10,eerste_divisie
14,Fortuna Sittard,11,3,2,5,21,22,18,2012,10,eerste_divisie
15,SC Telstar,11,3,2,5,20,21,18,2012,10,eerste_divisie
16,BV Veendam ,9,2,3,5,18,19,18,2012,10,eerste_divisie
17,Emmen,5,1,2,7,7,24,18,2012,10,eerste_divisie
18,AGOVV Apeldoorn,4,1,1,8,7,30,18,2012,10,eerste_divisie
1,PEC Zwolle,26,8,2,1,34,13,18,2012,11,eerste_divisie
2,FC Eindhoven,23,7,2,2,17,8,18,2012,11,eerste_divisie
3,Willem II,22,7,1,3,20,16,18,2012,11,eerste_divisie
4,FC Volendam,18,5,3,3,21,14,18,2012,11,eerste_divisie
5,Helmond Sport,18,5,3,3,22,18,18,2012,11,eerste_divisie
6,Almere City,17,5,2,4,24,18,18,2012,11,eerste_divisie
7,Cambuur,17,5,2,4,21,17,18,2012,11,eerste_divisie
8,Sparta Rotterdam,17,5,2,4,16,14,18,2012,11,eerste_divisie
9,MVV Maastricht,17,5,2,4,21,21,18,2012,11,eerste_divisie
10,Go Ahead Eagles,15,4,3,4,21,21,18,2012,11,eerste_divisie
11,Den Bosch,14,3,5,3,15,10,18,2012,11,eerste_divisie
12,TOP Oss,14,4,2,5,25,25,18,2012,11,eerste_divisie
13,Dordrecht,14,3,5,3,14,24,18,2012,11,eerste_divisie
14,Fortuna Sittard,12,3,3,5,21,22,18,2012,11,eerste_divisie
15,SC Telstar,11,3,2,6,20,24,18,2012,11,eerste_divisie
16,BV Veendam ,10,2,4,5,20,21,18,2012,11,eerste_divisie
17,Emmen,5,1,2,8,8,29,18,2012,11,eerste_divisie
18,AGOVV Apeldoorn,4,1,1,9,8,33,18,2012,11,eerste_divisie
1,PEC Zwolle,29,9,2,1,35,13,18,2012,12,eerste_divisie
2,FC Eindhoven,26,8,2,2,18,8,18,2012,12,eerste_divisie
3,Willem II,22,7,1,4,20,17,18,2012,12,eerste_divisie
4,FC Volendam,21,6,3,3,25,15,18,2012,12,eerste_divisie
5,Helmond Sport,21,6,3,3,25,20,18,2012,12,eerste_divisie
6,Cambuur,20,6,2,4,26,18,18,2012,12,eerste_divisie
7,Sparta Rotterdam,20,6,2,4,22,14,18,2012,12,eerste_divisie
8,Den Bosch,17,4,5,3,18,11,18,2012,12,eerste_divisie
9,Almere City,17,5,2,5,25,21,18,2012,12,eerste_divisie
10,MVV Maastricht,17,5,2,5,22,26,18,2012,12,eerste_divisie
11,TOP Oss,15,4,3,5,28,28,18,2012,12,eerste_divisie
12,Go Ahead Eagles,15,4,3,5,23,24,18,2012,12,eerste_divisie
13,Dordrecht,15,3,6,3,17,27,18,2012,12,eerste_divisie
14,Fortuna Sittard,12,3,3,6,21,23,18,2012,12,eerste_divisie
15,SC Telstar,11,3,2,7,21,28,18,2012,12,eerste_divisie
16,BV Veendam ,10,2,4,6,22,24,18,2012,12,eerste_divisie
17,Emmen,8,2,2,8,11,31,18,2012,12,eerste_divisie
18,AGOVV Apeldoorn,4,1,1,10,8,39,18,2012,12,eerste_divisie
1,PEC Zwolle,32,10,2,1,36,13,18,2012,13,eerste_divisie
2,FC Eindhoven,29,9,2,2,20,8,18,2012,13,eerste_divisie
3,Cambuur,23,7,2,4,31,20,18,2012,13,eerste_divisie
4,Willem II,22,7,1,5,21,19,18,2012,13,eerste_divisie
5,FC Volendam,21,6,3,4,25,17,18,2012,13,eerste_divisie
6,Sparta Rotterdam,21,6,3,4,23,15,18,2012,13,eerste_divisie
7,Helmond Sport,21,6,3,4,27,23,18,2012,13,eerste_divisie
8,Den Bosch,20,5,5,3,22,11,18,2012,13,eerste_divisie
9,Almere City,20,6,2,5,27,22,18,2012,13,eerste_divisie
10,MVV Maastricht,20,6,2,5,25,27,18,2012,13,eerste_divisie
11,Go Ahead Eagles,18,5,3,5,25,25,18,2012,13,eerste_divisie
12,Dordrecht,18,4,6,3,20,29,18,2012,13,eerste_divisie
13,TOP Oss,15,4,3,6,29,31,18,2012,13,eerste_divisie
14,Fortuna Sittard,12,3,3,7,22,25,18,2012,13,eerste_divisie
15,SC Telstar,11,3,2,8,23,33,18,2012,13,eerste_divisie
16,BV Veendam ,10,2,4,7,22,25,18,2012,13,eerste_divisie
17,Emmen,9,2,3,8,12,32,18,2012,13,eerste_divisie
18,AGOVV Apeldoorn,4,1,1,11,8,43,18,2012,13,eerste_divisie
1,PEC Zwolle,35,11,2,1,37,13,18,2012,14,eerste_divisie
2,FC Eindhoven,30,9,3,2,22,10,18,2012,14,eerste_divisie
3,Cambuur,26,8,2,4,34,20,18,2012,14,eerste_divisie
4,Willem II,25,8,1,5,28,19,18,2012,14,eerste_divisie
5,FC Volendam,24,7,3,4,28,19,18,2012,14,eerste_divisie
6,Den Bosch,23,6,5,3,24,11,18,2012,14,eerste_divisie
7,Sparta Rotterdam,22,6,4,4,25,17,18,2012,14,eerste_divisie
8,Helmond Sport,21,6,3,5,27,30,18,2012,14,eerste_divisie
9,Almere City,20,6,2,6,27,25,18,2012,14,eerste_divisie
10,MVV Maastricht,20,6,2,6,26,29,18,2012,14,eerste_divisie
11,Go Ahead Eagles,18,5,3,6,25,26,18,2012,14,eerste_divisie
12,Dordrecht,18,4,6,4,20,31,18,2012,14,eerste_divisie
13,Fortuna Sittard,15,4,3,7,24,25,18,2012,14,eerste_divisie
14,TOP Oss,15,4,3,7,29,33,18,2012,14,eerste_divisie
15,SC Telstar,14,4,2,8,26,35,18,2012,14,eerste_divisie
16,Emmen,12,3,3,8,14,33,18,2012,14,eerste_divisie
17,BV Veendam ,10,2,4,8,24,28,18,2012,14,eerste_divisie
18,AGOVV Apeldoorn,4,1,1,12,10,46,18,2012,14,eerste_divisie
1,PEC Zwolle,38,12,2,1,40,13,18,2012,15,eerste_divisie
2,FC Eindhoven,30,9,3,3,23,12,18,2012,15,eerste_divisie
3,Willem II,28,9,1,5,30,19,18,2012,15,eerste_divisie
4,Cambuur,26,8,2,5,34,23,18,2012,15,eerste_divisie
5,Sparta Rotterdam,25,7,4,4,27,17,18,2012,15,eerste_divisie
6,FC Volendam,24,7,3,5,29,21,18,2012,15,eerste_divisie
7,Den Bosch,23,6,5,4,25,13,18,2012,15,eerste_divisie
8,Almere City,23,7,2,6,29,26,18,2012,15,eerste_divisie
9,Go Ahead Eagles,21,6,3,6,27,27,18,2012,15,eerste_divisie
10,MVV Maastricht,21,6,3,6,28,31,18,2012,15,eerste_divisie
11,Helmond Sport,21,6,3,6,27,31,18,2012,15,eerste_divisie
12,Dordrecht,21,5,6,4,22,32,18,2012,15,eerste_divisie
13,Fortuna Sittard,16,4,4,7,26,27,18,2012,15,eerste_divisie
14,TOP Oss,15,4,3,8,29,35,18,2012,15,eerste_divisie
15,Emmen,15,4,3,8,15,33,18,2012,15,eerste_divisie
16,SC Telstar,14,4,2,9,26,37,18,2012,15,eerste_divisie
17,BV Veendam ,11,2,5,8,26,30,18,2012,15,eerste_divisie
18,AGOVV Apeldoorn,5,1,2,12,12,48,18,2012,15,eerste_divisie
1,PEC Zwolle,41,13,2,1,42,14,18,2012,16,eerste_divisie
2,FC Eindhoven,31,9,4,3,25,14,18,2012,16,eerste_divisie
3,Cambuur,29,9,2,5,39,24,18,2012,16,eerste_divisie
4,Willem II,28,9,1,6,31,22,18,2012,16,eerste_divisie
5,FC Volendam,27,8,3,5,32,22,18,2012,16,eerste_divisie
6,Sparta Rotterdam,26,7,5,4,27,17,18,2012,16,eerste_divisie
7,Den Bosch,24,6,6,4,27,15,18,2012,16,eerste_divisie
8,Almere City,24,7,3,6,31,28,18,2012,16,eerste_divisie
9,Dordrecht,24,6,6,4,25,34,18,2012,16,eerste_divisie
10,Go Ahead Eagles,22,6,4,6,29,29,18,2012,16,eerste_divisie
11,MVV Maastricht,22,6,4,6,28,31,18,2012,16,eerste_divisie
12,Helmond Sport,21,6,3,7,28,34,18,2012,16,eerste_divisie
13,Fortuna Sittard,19,5,4,7,29,28,18,2012,16,eerste_divisie
14,TOP Oss,18,5,3,8,32,36,18,2012,16,eerste_divisie
15,Emmen,15,4,3,9,16,35,18,2012,16,eerste_divisie
16,SC Telstar,14,4,2,10,27,40,18,2012,16,eerste_divisie
17,BV Veendam ,11,2,5,9,27,35,18,2012,16,eerste_divisie
18,AGOVV Apeldoorn,5,1,2,13,14,51,18,2012,16,eerste_divisie
1,PEC Zwolle,44,14,2,1,46,16,18,2012,17,eerste_divisie
2,FC Eindhoven,34,10,4,3,28,15,18,2012,17,eerste_divisie
3,Cambuur,30,9,3,5,39,24,18,2012,17,eerste_divisie
4,Sparta Rotterdam,29,8,5,4,29,18,18,2012,17,eerste_divisie
5,Willem II,29,9,2,6,31,22,18,2012,17,eerste_divisie
6,Den Bosch,27,7,6,4,31,16,18,2012,17,eerste_divisie
7,FC Volendam,27,8,3,6,33,24,18,2012,17,eerste_divisie
8,Dordrecht,27,7,6,4,28,35,18,2012,17,eerste_divisie
9,Almere City,24,7,3,7,32,31,18,2012,17,eerste_divisie
10,Helmond Sport,24,7,3,7,29,34,18,2012,17,eerste_divisie
11,Go Ahead Eagles,22,6,4,7,30,32,18,2012,17,eerste_divisie
12,MVV Maastricht,22,6,4,7,29,35,18,2012,17,eerste_divisie
13,TOP Oss,21,6,3,8,34,37,18,2012,17,eerste_divisie
14,Fortuna Sittard,19,5,4,8,31,32,18,2012,17,eerste_divisie
15,SC Telstar,17,5,2,10,29,41,18,2012,17,eerste_divisie
16,Emmen,15,4,3,10,17,37,18,2012,17,eerste_divisie
17,BV Veendam ,11,2,5,10,28,37,18,2012,17,eerste_divisie
18,AGOVV Apeldoorn,5,1,2,14,14,52,18,2012,17,eerste_divisie
1,PEC Zwolle,44,14,2,2,46,18,18,2012,18,eerste_divisie
2,FC Eindhoven,35,10,5,3,28,15,18,2012,18,eerste_divisie
3,Sparta Rotterdam,32,9,5,4,31,18,18,2012,18,eerste_divisie
4,Cambuur,31,9,4,5,39,24,18,2012,18,eerste_divisie
5,Den Bosch,30,8,6,4,34,16,18,2012,18,eerste_divisie
6,Dordrecht,30,8,6,4,30,35,18,2012,18,eerste_divisie
7,Willem II,29,9,2,7,32,25,18,2012,18,eerste_divisie
8,FC Volendam,27,8,3,7,33,29,18,2012,18,eerste_divisie
9,Go Ahead Eagles,25,7,4,7,35,32,18,2012,18,eerste_divisie
10,Almere City,25,7,4,7,33,32,18,2012,18,eerste_divisie
11,MVV Maastricht,25,7,4,7,32,36,18,2012,18,eerste_divisie
12,Helmond Sport,25,7,4,7,29,34,18,2012,18,eerste_divisie
13,TOP Oss,22,6,4,8,35,38,18,2012,18,eerste_divisie
14,Fortuna Sittard,20,5,5,8,31,32,18,2012,18,eerste_divisie
15,SC Telstar,17,5,2,11,29,43,18,2012,18,eerste_divisie
16,Emmen,16,4,4,10,18,38,18,2012,18,eerste_divisie
17,BV Veendam ,11,2,5,11,28,40,18,2012,18,eerste_divisie
18,AGOVV Apeldoorn,6,1,3,14,15,53,18,2012,18,eerste_divisie
1,PEC Zwolle,47,15,2,2,49,20,18,2012,19,eerste_divisie
2,FC Eindhoven,36,10,6,3,29,16,18,2012,19,eerste_divisie
3,Sparta Rotterdam,35,10,5,4,33,18,18,2012,19,eerste_divisie
4,Den Bosch,33,9,6,4,36,16,18,2012,19,eerste_divisie
5,Cambuur,32,9,5,5,40,25,18,2012,19,eerste_divisie
6,Willem II,30,9,3,7,33,26,18,2012,19,eerste_divisie
7,Dordrecht,30,8,6,5,30,37,18,2012,19,eerste_divisie
8,FC Volendam,27,8,3,8,33,31,18,2012,19,eerste_divisie
9,Go Ahead Eagles,26,7,5,7,36,33,18,2012,19,eerste_divisie
10,MVV Maastricht,26,7,5,7,34,38,18,2012,19,eerste_divisie
11,Helmond Sport,26,7,5,7,31,36,18,2012,19,eerste_divisie
12,Almere City,25,7,4,8,35,35,18,2012,19,eerste_divisie
13,TOP Oss,25,7,4,8,37,39,18,2012,19,eerste_divisie
14,Fortuna Sittard,20,5,5,9,32,34,18,2012,19,eerste_divisie
15,SC Telstar,20,6,2,11,31,44,18,2012,19,eerste_divisie
16,Emmen,19,5,4,10,19,38,18,2012,19,eerste_divisie
17,BV Veendam ,11,2,5,12,29,42,18,2012,19,eerste_divisie
18,AGOVV Apeldoorn,6,1,3,15,15,54,18,2012,19,eerste_divisie
1,PEC Zwolle,50,16,2,2,51,21,18,2012,20,eerste_divisie
2,FC Eindhoven,39,11,6,3,31,16,18,2012,20,eerste_divisie
3,Sparta Rotterdam,38,11,5,4,35,19,18,2012,20,eerste_divisie
4,Den Bosch,36,10,6,4,37,16,18,2012,20,eerste_divisie
5,Cambuur,32,9,5,6,42,28,18,2012,20,eerste_divisie
6,Willem II,30,9,3,8,33,27,18,2012,20,eerste_divisie
7,FC Volendam,30,9,3,8,35,31,18,2012,20,eerste_divisie
8,Dordrecht,30,8,6,6,31,39,18,2012,20,eerste_divisie
9,MVV Maastricht,29,8,5,7,35,38,18,2012,20,eerste_divisie
10,Helmond Sport,29,8,5,7,32,36,18,2012,20,eerste_divisie
11,Almere City,28,8,4,8,37,35,18,2012,20,eerste_divisie
12,TOP Oss,28,8,4,8,40,41,18,2012,20,eerste_divisie
13,Go Ahead Eagles,26,7,5,8,37,35,18,2012,20,eerste_divisie
14,Fortuna Sittard,20,5,5,10,32,35,18,2012,20,eerste_divisie
15,SC Telstar,20,6,2,12,31,45,18,2012,20,eerste_divisie
16,Emmen,19,5,4,11,19,40,18,2012,20,eerste_divisie
17,BV Veendam ,11,2,5,13,29,44,18,2012,20,eerste_divisie
18,AGOVV Apeldoorn,6,1,3,16,15,56,18,2012,20,eerste_divisie
1,PEC Zwolle,51,16,3,2,53,23,18,2012,21,eerste_divisie
2,FC Eindhoven,42,12,6,3,34,17,18,2012,21,eerste_divisie
3,Sparta Rotterdam,41,12,5,4,37,19,18,2012,21,eerste_divisie
4,Den Bosch,36,10,6,5,37,18,18,2012,21,eerste_divisie
5,Cambuur,35,10,5,6,46,28,18,2012,21,eerste_divisie
6,Helmond Sport,32,9,5,7,34,36,18,2012,21,eerste_divisie
7,FC Volendam,31,9,4,8,37,33,18,2012,21,eerste_divisie
8,Willem II,30,9,3,9,33,28,18,2012,21,eerste_divisie
9,Dordrecht,30,8,6,7,31,43,18,2012,21,eerste_divisie
10,MVV Maastricht,29,8,5,8,35,40,18,2012,21,eerste_divisie
11,Almere City,28,8,4,9,37,37,18,2012,21,eerste_divisie
12,TOP Oss,28,8,4,9,42,44,18,2012,21,eerste_divisie
13,Go Ahead Eagles,26,7,5,9,38,38,18,2012,21,eerste_divisie
14,Fortuna Sittard,23,6,5,10,34,35,18,2012,21,eerste_divisie
15,SC Telstar,23,7,2,12,32,45,18,2012,21,eerste_divisie
16,Emmen,19,5,4,12,19,42,18,2012,21,eerste_divisie
17,BV Veendam ,14,3,5,13,31,44,18,2012,21,eerste_divisie
18,AGOVV Apeldoorn,9,2,3,16,18,58,18,2012,21,eerste_divisie
1,PEC Zwolle,52,16,4,2,53,23,18,2012,22,eerste_divisie
2,Sparta Rotterdam,44,13,5,4,39,19,18,2012,22,eerste_divisie
3,FC Eindhoven,42,12,6,4,34,19,18,2012,22,eerste_divisie
4,Den Bosch,39,11,6,5,38,18,18,2012,22,eerste_divisie
5,Cambuur,36,10,6,6,47,29,18,2012,22,eerste_divisie
6,Helmond Sport,33,9,6,7,37,39,18,2012,22,eerste_divisie
7,MVV Maastricht,32,9,5,8,41,40,18,2012,22,eerste_divisie
8,Willem II,31,9,4,9,36,31,18,2012,22,eerste_divisie
9,FC Volendam,31,9,4,9,37,34,18,2012,22,eerste_divisie
10,Dordrecht,31,8,7,7,33,45,18,2012,22,eerste_divisie
11,Almere City,29,8,5,9,38,38,18,2012,22,eerste_divisie
12,TOP Oss,28,8,4,10,42,45,18,2012,22,eerste_divisie
13,Go Ahead Eagles,27,7,6,9,38,38,18,2012,22,eerste_divisie
14,Fortuna Sittard,24,6,6,10,36,37,18,2012,22,eerste_divisie
15,SC Telstar,23,7,2,13,33,48,18,2012,22,eerste_divisie
16,Emmen,19,5,4,13,19,48,18,2012,22,eerste_divisie
17,BV Veendam ,17,4,5,13,32,44,18,2012,22,eerste_divisie
18,AGOVV Apeldoorn,12,3,3,16,21,59,18,2012,22,eerste_divisie
1,PEC Zwolle,53,16,5,2,54,24,18,2012,23,eerste_divisie
2,Sparta Rotterdam,45,13,6,4,40,20,18,2012,23,eerste_divisie
3,Den Bosch,42,12,6,5,40,19,18,2012,23,eerste_divisie
4,FC Eindhoven,42,12,6,5,34,20,18,2012,23,eerste_divisie
5,Cambuur,37,10,7,6,48,30,18,2012,23,eerste_divisie
6,Helmond Sport,36,10,6,7,40,41,18,2012,23,eerste_divisie
7,Willem II,34,10,4,9,38,32,18,2012,23,eerste_divisie
8,MVV Maastricht,33,9,6,8,42,41,18,2012,23,eerste_divisie
9,Dordrecht,32,8,8,7,34,46,18,2012,23,eerste_divisie
10,FC Volendam,31,9,4,10,38,36,18,2012,23,eerste_divisie
11,TOP Oss,31,9,4,10,43,45,18,2012,23,eerste_divisie
12,Almere City,29,8,5,10,39,42,18,2012,23,eerste_divisie
13,Fortuna Sittard,27,7,6,10,40,38,18,2012,23,eerste_divisie
14,Go Ahead Eagles,27,7,6,10,39,41,18,2012,23,eerste_divisie
15,SC Telstar,23,7,2,14,35,51,18,2012,23,eerste_divisie
16,Emmen,19,5,4,14,20,50,18,2012,23,eerste_divisie
17,BV Veendam ,18,4,6,13,33,45,18,2012,23,eerste_divisie
18,AGOVV Apeldoorn,15,4,3,16,24,60,18,2012,23,eerste_divisie
1,PEC Zwolle,56,17,5,2,57,24,18,2012,24,eerste_divisie
2,Sparta Rotterdam,48,14,6,4,42,21,18,2012,24,eerste_divisie
3,FC Eindhoven,45,13,6,5,38,21,18,2012,24,eerste_divisie
4,Den Bosch,43,12,7,5,40,19,18,2012,24,eerste_divisie
5,Cambuur,37,10,7,7,49,32,18,2012,24,eerste_divisie
6,Helmond Sport,37,10,7,7,40,41,18,2012,24,eerste_divisie
7,Dordrecht,35,9,8,7,36,47,18,2012,24,eerste_divisie
8,Willem II,34,10,4,10,39,34,18,2012,24,eerste_divisie
9,MVV Maastricht,33,9,6,9,43,45,18,2012,24,eerste_divisie
10,FC Volendam,31,9,4,11,40,39,18,2012,24,eerste_divisie
11,TOP Oss,31,9,4,11,45,52,18,2012,24,eerste_divisie
12,Go Ahead Eagles,30,8,6,10,46,43,18,2012,24,eerste_divisie
13,Fortuna Sittard,30,8,6,10,43,40,18,2012,24,eerste_divisie
14,Almere City,29,8,5,11,40,44,18,2012,24,eerste_divisie
15,SC Telstar,23,7,2,15,35,54,18,2012,24,eerste_divisie
16,Emmen,22,6,4,14,22,51,18,2012,24,eerste_divisie
17,BV Veendam ,18,4,6,14,35,48,18,2012,24,eerste_divisie
18,AGOVV Apeldoorn,18,5,3,16,27,62,18,2012,24,eerste_divisie
1,PEC Zwolle,56,17,5,3,59,27,18,2012,25,eerste_divisie
2,Sparta Rotterdam,51,15,6,4,47,22,18,2012,25,eerste_divisie
3,FC Eindhoven,48,14,6,5,41,22,18,2012,25,eerste_divisie
4,Den Bosch,44,12,8,5,41,20,18,2012,25,eerste_divisie
5,Cambuur,40,11,7,7,53,33,18,2012,25,eerste_divisie
6,Helmond Sport,40,11,7,7,43,43,18,2012,25,eerste_divisie
7,Willem II,37,11,4,10,44,34,18,2012,25,eerste_divisie
8,Dordrecht,36,9,9,7,37,48,18,2012,25,eerste_divisie
9,MVV Maastricht,34,9,7,9,44,46,18,2012,25,eerste_divisie
10,Go Ahead Eagles,33,9,6,10,50,43,18,2012,25,eerste_divisie
11,Almere City,32,9,5,11,42,45,18,2012,25,eerste_divisie
12,Fortuna Sittard,31,8,7,10,44,41,18,2012,25,eerste_divisie
13,FC Volendam,31,9,4,12,41,43,18,2012,25,eerste_divisie
14,TOP Oss,31,9,4,12,46,57,18,2012,25,eerste_divisie
15,SC Telstar,23,7,2,16,36,56,18,2012,25,eerste_divisie
16,Emmen,22,6,4,15,22,56,18,2012,25,eerste_divisie
17,BV Veendam ,18,4,6,15,35,52,18,2012,25,eerste_divisie
18,AGOVV Apeldoorn,18,5,3,17,28,65,18,2012,25,eerste_divisie
1,PEC Zwolle,59,18,5,3,60,27,18,2012,26,eerste_divisie
2,Sparta Rotterdam,51,15,6,5,47,23,18,2012,26,eerste_divisie
3,FC Eindhoven,51,15,6,5,42,22,18,2012,26,eerste_divisie
4,Den Bosch,44,12,8,6,41,21,18,2012,26,eerste_divisie
5,Cambuur,43,12,7,7,55,33,18,2012,26,eerste_divisie
6,Helmond Sport,43,12,7,7,45,44,18,2012,26,eerste_divisie
7,Willem II,40,12,4,10,47,35,18,2012,26,eerste_divisie
8,MVV Maastricht,37,10,7,9,46,47,18,2012,26,eerste_divisie
9,Dordrecht,37,9,10,7,38,49,18,2012,26,eerste_divisie
10,Go Ahead Eagles,36,10,6,10,52,43,18,2012,26,eerste_divisie
11,Fortuna Sittard,34,9,7,10,45,41,18,2012,26,eerste_divisie
12,FC Volendam,32,9,5,12,42,44,18,2012,26,eerste_divisie
13,Almere City,32,9,5,12,43,47,18,2012,26,eerste_divisie
14,TOP Oss,31,9,4,13,47,59,18,2012,26,eerste_divisie
15,SC Telstar,23,7,2,17,36,58,18,2012,26,eerste_divisie
16,Emmen,22,6,4,16,22,57,18,2012,26,eerste_divisie
17,BV Veendam ,18,4,6,16,36,55,18,2012,26,eerste_divisie
18,AGOVV Apeldoorn,18,5,3,18,28,67,18,2012,26,eerste_divisie
1,PEC Zwolle,59,18,5,4,60,28,18,2012,27,eerste_divisie
2,FC Eindhoven,52,15,7,5,43,23,18,2012,27,eerste_divisie
3,Sparta Rotterdam,51,15,6,6,47,26,18,2012,27,eerste_divisie
4,Den Bosch,47,13,8,6,44,21,18,2012,27,eerste_divisie
5,Helmond Sport,46,13,7,7,48,44,18,2012,27,eerste_divisie
6,Cambuur,44,12,8,7,56,34,18,2012,27,eerste_divisie
7,Willem II,43,13,4,10,50,36,18,2012,27,eerste_divisie
8,MVV Maastricht,40,11,7,9,49,47,18,2012,27,eerste_divisie
9,Dordrecht,40,10,10,7,41,49,18,2012,27,eerste_divisie
10,Fortuna Sittard,37,10,7,10,49,43,18,2012,27,eerste_divisie
11,Go Ahead Eagles,36,10,6,11,53,46,18,2012,27,eerste_divisie
12,TOP Oss,34,10,4,13,48,59,18,2012,27,eerste_divisie
13,Almere City,33,9,6,12,44,48,18,2012,27,eerste_divisie
14,FC Volendam,32,9,5,13,42,47,18,2012,27,eerste_divisie
15,SC Telstar,23,7,2,18,36,61,18,2012,27,eerste_divisie
16,Emmen,22,6,4,17,22,60,18,2012,27,eerste_divisie
17,BV Veendam ,19,4,7,16,37,56,18,2012,27,eerste_divisie
18,AGOVV Apeldoorn,18,5,3,19,30,71,18,2012,27,eerste_divisie
1,PEC Zwolle,62,19,5,4,63,28,18,2012,28,eerste_divisie
2,FC Eindhoven,53,15,8,5,44,24,18,2012,28,eerste_divisie
3,Sparta Rotterdam,51,15,6,7,47,27,18,2012,28,eerste_divisie
4,Helmond Sport,49,14,7,7,53,45,18,2012,28,eerste_divisie
5,Cambuur,47,13,8,7,57,34,18,2012,28,eerste_divisie
6,Den Bosch,47,13,8,7,44,22,18,2012,28,eerste_divisie
7,Willem II,44,13,5,10,51,37,18,2012,28,eerste_divisie
8,MVV Maastricht,43,12,7,9,52,48,18,2012,28,eerste_divisie
9,Dordrecht,41,10,11,7,42,50,18,2012,28,eerste_divisie
10,Fortuna Sittard,40,11,7,10,53,43,18,2012,28,eerste_divisie
11,Go Ahead Eagles,36,10,6,12,54,51,18,2012,28,eerste_divisie
12,Almere City,36,10,6,12,47,50,18,2012,28,eerste_divisie
13,FC Volendam,35,10,5,13,43,47,18,2012,28,eerste_divisie
14,TOP Oss,34,10,4,14,50,62,18,2012,28,eerste_divisie
15,SC Telstar,24,7,3,18,37,62,18,2012,28,eerste_divisie
16,Emmen,22,6,4,18,22,64,18,2012,28,eerste_divisie
17,BV Veendam ,19,4,7,17,38,59,18,2012,28,eerste_divisie
18,AGOVV Apeldoorn,18,5,3,20,30,74,18,2012,28,eerste_divisie
1,PEC Zwolle,62,19,5,5,63,31,18,2012,29,eerste_divisie
2,FC Eindhoven,56,16,8,5,45,24,18,2012,29,eerste_divisie
3,Sparta Rotterdam,54,16,6,7,48,27,18,2012,29,eerste_divisie
4,Helmond Sport,52,15,7,7,54,45,18,2012,29,eerste_divisie
5,Cambuur,50,14,8,7,60,34,18,2012,29,eerste_divisie
6,Den Bosch,48,13,9,7,45,23,18,2012,29,eerste_divisie
7,Willem II,45,13,6,10,52,38,18,2012,29,eerste_divisie
8,MVV Maastricht,44,12,8,9,53,49,18,2012,29,eerste_divisie
9,Fortuna Sittard,43,12,7,10,54,43,18,2012,29,eerste_divisie
10,Dordrecht,41,10,11,8,42,51,18,2012,29,eerste_divisie
11,FC Volendam,38,11,5,13,46,48,18,2012,29,eerste_divisie
12,Go Ahead Eagles,37,10,7,12,55,52,18,2012,29,eerste_divisie
13,Almere City,36,10,6,13,48,53,18,2012,29,eerste_divisie
14,TOP Oss,35,10,5,14,51,63,18,2012,29,eerste_divisie
15,SC Telstar,24,7,3,19,37,63,18,2012,29,eerste_divisie
16,Emmen,22,6,4,19,22,65,18,2012,29,eerste_divisie
17,BV Veendam ,19,4,7,18,38,60,18,2012,29,eerste_divisie
18,AGOVV Apeldoorn,19,5,4,20,31,75,18,2012,29,eerste_divisie
1,PEC Zwolle,65,20,5,5,64,31,18,2012,30,eerste_divisie
2,FC Eindhoven,59,17,8,5,47,24,18,2012,30,eerste_divisie
3,Sparta Rotterdam,55,16,7,7,49,28,18,2012,30,eerste_divisie
4,Helmond Sport,55,16,7,7,55,45,18,2012,30,eerste_divisie
5,Cambuur,51,14,9,7,61,35,18,2012,30,eerste_divisie
6,Den Bosch,48,13,9,8,45,25,18,2012,30,eerste_divisie
7,Willem II,46,13,7,10,53,39,18,2012,30,eerste_divisie
8,MVV Maastricht,45,12,9,9,54,50,18,2012,30,eerste_divisie
9,Fortuna Sittard,44,12,8,10,55,44,18,2012,30,eerste_divisie
10,Dordrecht,44,11,11,8,46,51,18,2012,30,eerste_divisie
11,Go Ahead Eagles,40,11,7,12,57,52,18,2012,30,eerste_divisie
12,FC Volendam,38,11,5,14,46,49,18,2012,30,eerste_divisie
13,Almere City,36,10,6,14,48,55,18,2012,30,eerste_divisie
14,TOP Oss,35,10,5,15,52,65,18,2012,30,eerste_divisie
15,SC Telstar,27,8,3,19,39,64,18,2012,30,eerste_divisie
16,Emmen,22,6,4,20,22,66,18,2012,30,eerste_divisie
17,BV Veendam ,20,4,8,18,39,61,18,2012,30,eerste_divisie
18,AGOVV Apeldoorn,19,5,4,21,31,79,18,2012,30,eerste_divisie
1,PEC Zwolle,68,21,5,5,65,31,18,2012,31,eerste_divisie
2,FC Eindhoven,59,17,8,6,47,26,18,2012,31,eerste_divisie
3,Sparta Rotterdam,58,17,7,7,51,29,18,2012,31,eerste_divisie
4,Helmond Sport,58,17,7,7,58,45,18,2012,31,eerste_divisie
5,Cambuur,51,14,9,8,61,37,18,2012,31,eerste_divisie
6,Den Bosch,51,14,9,8,48,25,18,2012,31,eerste_divisie
7,Willem II,49,14,7,10,55,39,18,2012,31,eerste_divisie
8,MVV Maastricht,45,12,9,10,54,53,18,2012,31,eerste_divisie
9,Fortuna Sittard,44,12,8,11,55,45,18,2012,31,eerste_divisie
10,Dordrecht,44,11,11,9,48,55,18,2012,31,eerste_divisie
11,Go Ahead Eagles,43,12,7,12,61,54,18,2012,31,eerste_divisie
12,FC Volendam,41,12,5,14,49,50,18,2012,31,eerste_divisie
13,Almere City,39,11,6,14,50,55,18,2012,31,eerste_divisie
14,TOP Oss,35,10,5,16,53,68,18,2012,31,eerste_divisie
15,SC Telstar,30,9,3,19,41,64,18,2012,31,eerste_divisie
16,Emmen,22,6,4,21,22,68,18,2012,31,eerste_divisie
17,BV Veendam ,20,4,8,19,40,63,18,2012,31,eerste_divisie
18,AGOVV Apeldoorn,19,5,4,22,31,82,18,2012,31,eerste_divisie
1,PEC Zwolle,69,21,6,5,65,31,18,2012,32,eerste_divisie
2,FC Eindhoven,60,17,9,6,47,26,18,2012,32,eerste_divisie
3,Sparta Rotterdam,59,17,8,7,52,30,18,2012,32,eerste_divisie
4,Helmond Sport,58,17,7,8,59,48,18,2012,32,eerste_divisie
5,Cambuur,54,15,9,8,64,38,18,2012,32,eerste_divisie
6,Willem II,52,15,7,10,60,39,18,2012,32,eerste_divisie
7,Den Bosch,51,14,9,9,51,29,18,2012,32,eerste_divisie
8,Fortuna Sittard,47,13,8,11,58,46,18,2012,32,eerste_divisie
9,Dordrecht,47,12,11,9,52,58,18,2012,32,eerste_divisie
10,Go Ahead Eagles,46,13,7,12,63,55,18,2012,32,eerste_divisie
11,MVV Maastricht,45,12,9,11,55,55,18,2012,32,eerste_divisie
12,FC Volendam,44,13,5,14,52,51,18,2012,32,eerste_divisie
13,Almere City,40,11,7,14,51,56,18,2012,32,eerste_divisie
14,TOP Oss,35,10,5,17,54,71,18,2012,32,eerste_divisie
15,SC Telstar,31,9,4,19,42,65,18,2012,32,eerste_divisie
16,Emmen,22,6,4,22,23,71,18,2012,32,eerste_divisie
17,BV Veendam ,21,4,9,19,41,64,18,2012,32,eerste_divisie
18,AGOVV Apeldoorn,19,5,4,23,31,87,18,2012,32,eerste_divisie
1,PEC Zwolle,69,21,6,6,66,34,18,2012,33,eerste_divisie
2,FC Eindhoven,63,18,9,6,51,29,18,2012,33,eerste_divisie
3,Sparta Rotterdam,62,18,8,7,56,31,18,2012,33,eerste_divisie
4,Helmond Sport,59,17,8,8,60,49,18,2012,33,eerste_divisie
5,Willem II,55,16,7,10,63,40,18,2012,33,eerste_divisie
6,Cambuur,54,15,9,9,64,40,18,2012,33,eerste_divisie
7,Den Bosch,54,15,9,9,53,29,18,2012,33,eerste_divisie
8,Dordrecht,50,13,11,9,55,60,18,2012,33,eerste_divisie
9,Go Ahead Eagles,49,14,7,12,64,55,18,2012,33,eerste_divisie
10,MVV Maastricht,48,13,9,11,57,55,18,2012,33,eerste_divisie
11,Fortuna Sittard,47,13,8,12,61,50,18,2012,33,eerste_divisie
12,FC Volendam,45,13,6,14,54,53,18,2012,33,eerste_divisie
13,Almere City,40,11,7,15,51,58,18,2012,33,eerste_divisie
14,TOP Oss,35,10,5,18,56,74,18,2012,33,eerste_divisie
15,SC Telstar,32,9,5,19,44,67,18,2012,33,eerste_divisie
16,BV Veendam ,22,4,10,19,42,65,18,2012,33,eerste_divisie
17,Emmen,22,6,4,23,23,72,18,2012,33,eerste_divisie
18,AGOVV Apeldoorn,19,5,4,24,32,91,18,2012,33,eerste_divisie
1,PEC Zwolle,72,22,6,6,68,34,18,2012,34,eerste_divisie
2,Sparta Rotterdam,65,19,8,7,59,32,18,2012,34,eerste_divisie
3,FC Eindhoven,63,18,9,7,52,33,18,2012,34,eerste_divisie
4,Helmond Sport,62,18,8,8,62,50,18,2012,34,eerste_divisie
5,Willem II,58,17,7,10,67,41,18,2012,34,eerste_divisie
6,Den Bosch,57,16,9,9,57,32,18,2012,34,eerste_divisie
7,Cambuur,56,16,8,10,68,44,18,2012,34,eerste_divisie
8,MVV Maastricht,51,14,9,11,59,55,18,2012,34,eerste_divisie
9,Go Ahead Eagles,50,14,8,12,65,56,18,2012,34,eerste_divisie
10,Dordrecht,50,13,11,10,56,62,18,2012,34,eerste_divisie
11,Fortuna Sittard,48,13,9,12,62,51,18,2012,34,eerste_divisie
12,FC Volendam,48,14,6,14,57,55,18,2012,34,eerste_divisie
13,Almere City,40,11,7,16,52,62,18,2012,34,eerste_divisie
14,TOP Oss,35,10,5,19,56,76,18,2012,34,eerste_divisie
15,SC Telstar,32,9,5,20,45,70,18,2012,34,eerste_divisie
16,Emmen,23,6,5,23,24,73,18,2012,34,eerste_divisie
17,BV Veendam ,22,4,10,20,42,67,18,2012,34,eerste_divisie
18,AGOVV Apeldoorn,19,5,4,25,36,94,18,2012,34,eerste_divisie
