1,Oldham Athletic,3,1,0,0,5,2,24,1995,1,championship
2,Sheffield United,3,1,0,0,3,0,24,1995,1,championship
3,Millwall,3,1,0,0,3,1,24,1995,1,championship
4,Middlesbrough,3,1,0,0,2,0,24,1995,1,championship
5,Swindon Town,3,1,0,0,2,0,24,1995,1,championship
6,Barnsley,3,1,0,0,2,1,24,1995,1,championship
7,Portsmouth,3,1,0,0,2,1,24,1995,1,championship
8,Stoke City,3,1,0,0,1,0,24,1995,1,championship
9,Wolves,3,1,0,0,1,0,24,1995,1,championship
10,Bolton Wanderers,1,0,1,0,3,3,24,1995,1,championship
11,Grimsby Town,1,0,1,0,3,3,24,1995,1,championship
12,Luton Town,1,0,1,0,1,1,24,1995,1,championship
13,West Bromwich Alb.,1,0,1,0,1,1,24,1995,1,championship
14,Bristol City,1,0,1,0,0,0,24,1995,1,championship
15,Sunderland,1,0,1,0,0,0,24,1995,1,championship
16,Derby County,0,0,0,1,1,2,24,1995,1,championship
17,Notts County,0,0,0,1,1,2,24,1995,1,championship
18,Reading,0,0,0,1,0,1,24,1995,1,championship
19,Tranmere Rovers,0,0,0,1,0,1,24,1995,1,championship
20,Southend United,0,0,0,1,1,3,24,1995,1,championship
21,Burnley,0,0,0,1,0,2,24,1995,1,championship
22,Port Vale,0,0,0,1,0,2,24,1995,1,championship
23,Charlton Athletic,0,0,0,1,2,5,24,1995,1,championship
24,Watford,0,0,0,1,0,3,24,1995,1,championship
1,Millwall,7,2,1,0,8,3,24,1995,2,championship
2,Middlesbrough,6,2,0,0,4,0,24,1995,2,championship
3,Portsmouth,5,1,2,0,3,2,24,1995,2,championship
4,Bristol City,4,1,1,0,2,0,24,1995,2,championship
5,Barnsley,4,1,1,0,4,3,24,1995,2,championship
6,Stoke City,4,1,1,0,2,1,24,1995,2,championship
7,Wolves,4,1,1,0,2,1,24,1995,2,championship
8,Sheffield United,3,1,0,0,3,0,24,1995,2,championship
9,Swindon Town,3,1,0,0,2,0,24,1995,2,championship
10,Oldham Athletic,3,1,0,1,6,5,24,1995,2,championship
11,Port Vale,3,1,0,1,3,3,24,1995,2,championship
12,Grimsby Town,2,0,2,0,3,3,24,1995,2,championship
13,Luton Town,2,0,2,0,1,1,24,1995,2,championship
14,Sunderland,2,0,2,0,1,1,24,1995,2,championship
15,Charlton Athletic,2,0,2,1,5,8,24,1995,2,championship
16,West Bromwich Alb.,1,0,1,0,1,1,24,1995,2,championship
17,Notts County,1,0,1,1,2,3,24,1995,2,championship
18,Reading,1,0,1,1,0,1,24,1995,2,championship
19,Bolton Wanderers,1,0,1,1,3,5,24,1995,2,championship
20,Burnley,1,0,1,1,1,3,24,1995,2,championship
21,Watford,1,0,1,1,0,3,24,1995,2,championship
22,Derby County,1,0,1,2,2,6,24,1995,2,championship
23,Tranmere Rovers,0,0,0,1,0,1,24,1995,2,championship
24,Southend United,0,0,0,2,1,5,24,1995,2,championship
1,Middlesbrough,9,3,0,0,5,0,24,1995,3,championship
2,Millwall,7,2,1,0,8,3,24,1995,3,championship
3,Wolves,7,2,1,1,5,3,24,1995,3,championship
4,Oldham Athletic,6,2,0,1,9,5,24,1995,3,championship
5,Swindon Town,6,2,0,0,3,0,24,1995,3,championship
6,Grimsby Town,6,1,3,0,8,6,24,1995,3,championship
7,Sunderland,6,1,3,0,4,3,24,1995,3,championship
8,Bristol City,5,1,2,0,2,0,24,1995,3,championship
9,Portsmouth,5,1,2,0,3,2,24,1995,3,championship
10,Notts County,4,1,1,1,5,4,24,1995,3,championship
11,Reading,4,1,1,1,2,1,24,1995,3,championship
12,Port Vale,4,1,1,1,3,3,24,1995,3,championship
13,Stoke City,4,1,1,1,2,2,24,1995,3,championship
14,Barnsley,4,1,1,1,4,5,24,1995,3,championship
15,Watford,4,1,1,2,2,5,24,1995,3,championship
16,Sheffield United,3,1,0,1,4,3,24,1995,3,championship
17,Luton Town,3,0,3,0,3,3,24,1995,3,championship
18,Charlton Athletic,2,0,2,1,5,8,24,1995,3,championship
19,West Bromwich Alb.,1,0,1,1,1,3,24,1995,3,championship
20,Bolton Wanderers,1,0,1,2,3,6,24,1995,3,championship
21,Southend United,1,0,1,2,3,7,24,1995,3,championship
22,Derby County,1,0,1,2,2,6,24,1995,3,championship
23,Burnley,1,0,1,2,1,6,24,1995,3,championship
24,Tranmere Rovers,0,0,0,2,1,4,24,1995,3,championship
1,Middlesbrough,13,4,1,0,7,1,24,1995,4,championship
2,Oldham Athletic,9,3,0,1,12,6,24,1995,4,championship
3,Portsmouth,8,2,2,0,5,3,24,1995,4,championship
4,Reading,7,2,1,1,6,1,24,1995,4,championship
5,Millwall,7,2,1,1,8,4,24,1995,4,championship
6,Swindon Town,7,2,1,0,3,0,24,1995,4,championship
7,Bolton Wanderers,7,2,1,2,8,6,24,1995,4,championship
8,Wolves,7,2,1,1,5,3,24,1995,4,championship
9,Port Vale,7,2,1,1,5,4,24,1995,4,championship
10,Grimsby Town,6,1,3,0,8,6,24,1995,4,championship
11,Bristol City,6,1,3,0,3,1,24,1995,4,championship
12,Sunderland,6,1,3,0,4,3,24,1995,4,championship
13,Watford,5,1,2,2,3,6,24,1995,4,championship
14,Sheffield United,4,1,1,1,5,4,24,1995,4,championship
15,Notts County,4,1,1,2,6,7,24,1995,4,championship
16,Barnsley,4,1,1,2,5,7,24,1995,4,championship
17,Stoke City,4,1,1,3,2,10,24,1995,4,championship
18,Tranmere Rovers,3,1,0,2,5,6,24,1995,4,championship
19,Luton Town,3,0,3,1,5,7,24,1995,4,championship
20,Charlton Athletic,3,0,3,1,6,9,24,1995,4,championship
21,West Bromwich Alb.,2,0,2,1,1,3,24,1995,4,championship
22,Burnley,2,0,2,2,2,7,24,1995,4,championship
23,Southend United,1,0,1,3,4,9,24,1995,4,championship
24,Derby County,1,0,1,3,2,7,24,1995,4,championship
1,Middlesbrough,13,4,1,0,7,1,24,1995,5,championship
2,Wolves,11,3,2,1,8,4,24,1995,5,championship
3,Swindon Town,10,3,1,0,4,0,24,1995,5,championship
4,Oldham Athletic,9,3,0,2,12,7,24,1995,5,championship
5,Bristol City,9,2,3,1,7,5,24,1995,5,championship
6,Charlton Athletic,9,2,3,1,10,11,24,1995,5,championship
7,Reading,8,2,2,1,6,1,24,1995,5,championship
8,Millwall,8,2,2,1,8,4,24,1995,5,championship
9,Portsmouth,8,2,2,0,5,3,24,1995,5,championship
10,Bolton Wanderers,7,2,1,2,8,6,24,1995,5,championship
11,Sunderland,7,1,4,0,5,4,24,1995,5,championship
12,Port Vale,7,2,1,2,5,5,24,1995,5,championship
13,Barnsley,7,2,1,2,6,7,24,1995,5,championship
14,Grimsby Town,6,1,3,2,9,9,24,1995,5,championship
15,Luton Town,6,1,3,1,6,7,24,1995,5,championship
16,Tranmere Rovers,6,2,0,3,7,9,24,1995,5,championship
17,Watford,5,1,2,2,3,6,24,1995,5,championship
18,Sheffield United,4,1,1,2,6,6,24,1995,5,championship
19,Notts County,4,1,1,4,7,10,24,1995,5,championship
20,Southend United,4,1,1,3,5,9,24,1995,5,championship
21,Derby County,4,1,1,3,4,8,24,1995,5,championship
22,Stoke City,4,1,1,3,2,10,24,1995,5,championship
23,West Bromwich Alb.,2,0,2,1,1,3,24,1995,5,championship
24,Burnley,2,0,2,3,2,8,24,1995,5,championship
1,Wolves,14,4,2,1,13,4,24,1995,6,championship
2,Middlesbrough,14,4,2,0,9,3,24,1995,6,championship
3,Reading,11,3,2,1,9,2,24,1995,6,championship
4,Swindon Town,11,3,2,0,5,1,24,1995,6,championship
5,Port Vale,10,3,1,2,7,5,24,1995,6,championship
6,Millwall,9,2,3,1,10,6,24,1995,6,championship
7,Bristol City,9,2,3,1,7,5,24,1995,6,championship
8,Oldham Athletic,9,3,0,4,13,12,24,1995,6,championship
9,Sunderland,9,1,6,0,7,6,24,1995,6,championship
10,Charlton Athletic,9,2,3,1,10,11,24,1995,6,championship
11,Watford,9,2,3,2,5,6,24,1995,6,championship
12,Sheffield United,8,2,2,2,9,7,24,1995,6,championship
13,Portsmouth,8,2,2,1,5,5,24,1995,6,championship
14,Barnsley,8,2,2,2,6,7,24,1995,6,championship
15,Bolton Wanderers,7,2,1,3,9,9,24,1995,6,championship
16,Stoke City,7,2,1,3,6,11,24,1995,6,championship
17,Grimsby Town,6,1,3,2,9,9,24,1995,6,championship
18,Tranmere Rovers,6,2,0,3,7,9,24,1995,6,championship
19,Luton Town,6,1,3,2,6,8,24,1995,6,championship
20,Derby County,5,1,2,3,5,9,24,1995,6,championship
21,Burnley,5,1,2,3,3,8,24,1995,6,championship
22,Notts County,4,1,1,4,7,10,24,1995,6,championship
23,Southend United,4,1,1,5,6,18,24,1995,6,championship
24,West Bromwich Alb.,3,0,3,1,3,5,24,1995,6,championship
1,Middlesbrough,17,5,2,0,11,4,24,1995,7,championship
2,Wolves,14,4,2,1,13,4,24,1995,7,championship
3,Swindon Town,14,4,2,1,6,2,24,1995,7,championship
4,Stoke City,13,4,1,3,11,13,24,1995,7,championship
5,Sunderland,12,2,6,0,9,6,24,1995,7,championship
6,Charlton Athletic,12,3,3,2,13,14,24,1995,7,championship
7,Reading,11,3,2,2,9,3,24,1995,7,championship
8,Bolton Wanderers,10,3,1,3,12,9,24,1995,7,championship
9,Port Vale,10,3,1,3,8,9,24,1995,7,championship
10,Grimsby Town,9,2,3,2,13,10,24,1995,7,championship
11,Millwall,9,2,3,2,12,9,24,1995,7,championship
12,Oldham Athletic,9,3,0,4,13,12,24,1995,7,championship
13,Bristol City,9,2,3,2,7,7,24,1995,7,championship
14,Portsmouth,9,2,3,1,6,6,24,1995,7,championship
15,Watford,9,2,3,2,5,6,24,1995,7,championship
16,Barnsley,9,2,3,3,7,10,24,1995,7,championship
17,Sheffield United,8,2,2,2,9,7,24,1995,7,championship
18,Derby County,8,2,2,3,7,9,24,1995,7,championship
19,Burnley,8,2,2,3,6,10,24,1995,7,championship
20,Tranmere Rovers,7,2,1,3,8,10,24,1995,7,championship
21,Luton Town,6,1,3,3,6,11,24,1995,7,championship
22,Notts County,5,1,2,5,8,13,24,1995,7,championship
23,Southend United,4,1,1,5,6,18,24,1995,7,championship
24,West Bromwich Alb.,3,0,3,2,4,7,24,1995,7,championship
1,Wolves,17,5,2,1,14,4,24,1995,8,championship
2,Middlesbrough,17,5,2,1,12,6,24,1995,8,championship
3,Reading,14,4,2,2,10,3,24,1995,8,championship
4,Swindon Town,14,4,2,1,6,2,24,1995,8,championship
5,Stoke City,13,4,1,3,11,13,24,1995,8,championship
6,Port Vale,13,4,1,4,10,12,24,1995,8,championship
7,Sunderland,12,2,6,0,9,6,24,1995,8,championship
8,Charlton Athletic,12,3,3,2,13,14,24,1995,8,championship
9,Sheffield United,11,3,2,3,11,8,24,1995,8,championship
10,Bolton Wanderers,11,3,2,4,14,12,24,1995,8,championship
11,Derby County,11,3,2,3,9,10,24,1995,8,championship
12,Grimsby Town,10,2,4,2,14,11,24,1995,8,championship
13,Tranmere Rovers,10,3,1,3,11,11,24,1995,8,championship
14,Portsmouth,10,2,4,1,7,7,24,1995,8,championship
15,Southend United,10,3,1,5,10,20,24,1995,8,championship
16,Millwall,9,2,3,3,13,12,24,1995,8,championship
17,Oldham Athletic,9,3,0,5,14,14,24,1995,8,championship
18,Bristol City,9,2,3,3,8,9,24,1995,8,championship
19,Luton Town,9,2,3,3,10,13,24,1995,8,championship
20,Watford,9,2,3,3,7,10,24,1995,8,championship
21,Barnsley,9,2,3,3,7,10,24,1995,8,championship
22,Burnley,8,2,2,5,6,12,24,1995,8,championship
23,West Bromwich Alb.,7,1,4,2,6,8,24,1995,8,championship
24,Notts County,5,1,2,5,8,13,24,1995,8,championship
1,Wolves,23,7,2,1,18,6,24,1995,9,championship
2,Middlesbrough,20,6,2,1,13,6,24,1995,9,championship
3,Swindon Town,17,5,2,1,9,4,24,1995,9,championship
4,Reading,15,4,3,2,12,5,24,1995,9,championship
5,Sheffield United,14,4,2,3,13,8,24,1995,9,championship
6,Derby County,14,4,2,3,12,10,24,1995,9,championship
7,Tranmere Rovers,13,4,1,3,12,11,24,1995,9,championship
8,Portsmouth,13,3,4,2,10,9,24,1995,9,championship
9,Charlton Athletic,13,3,4,2,16,17,24,1995,9,championship
10,Port Vale,13,4,1,5,11,14,24,1995,9,championship
11,Stoke City,13,4,1,4,11,16,24,1995,9,championship
12,Sunderland,12,2,6,1,9,7,24,1995,9,championship
13,Oldham Athletic,12,4,0,6,15,16,24,1995,9,championship
14,Bolton Wanderers,11,3,2,4,14,12,24,1995,9,championship
15,Grimsby Town,10,2,4,3,16,14,24,1995,9,championship
16,Millwall,10,2,4,3,13,12,24,1995,9,championship
17,Luton Town,10,2,4,3,10,13,24,1995,9,championship
18,Watford,10,2,4,3,9,12,24,1995,9,championship
19,Southend United,10,3,1,5,10,20,24,1995,9,championship
20,Bristol City,9,2,3,4,8,10,24,1995,9,championship
21,Barnsley,9,2,3,4,7,11,24,1995,9,championship
22,Burnley,8,2,2,5,6,12,24,1995,9,championship
23,West Bromwich Alb.,7,1,4,3,6,10,24,1995,9,championship
24,Notts County,6,1,3,5,11,16,24,1995,9,championship
1,Wolves,23,7,2,2,20,9,24,1995,10,championship
2,Middlesbrough,23,7,2,1,16,6,24,1995,10,championship
3,Swindon Town,20,6,2,2,13,8,24,1995,10,championship
4,Reading,18,5,3,2,14,5,24,1995,10,championship
5,Charlton Athletic,16,4,4,2,19,17,24,1995,10,championship
6,Stoke City,16,5,1,4,15,17,24,1995,10,championship
7,Bristol City,15,4,3,4,10,10,24,1995,10,championship
8,Sheffield United,14,4,2,3,13,8,24,1995,10,championship
9,Bolton Wanderers,14,4,2,4,15,12,24,1995,10,championship
10,Tranmere Rovers,14,4,2,3,13,12,24,1995,10,championship
11,Derby County,14,4,2,4,12,11,24,1995,10,championship
12,Grimsby Town,13,3,4,3,18,14,24,1995,10,championship
13,Portsmouth,13,3,4,3,10,11,24,1995,10,championship
14,Port Vale,13,4,1,5,11,14,24,1995,10,championship
15,Southend United,13,4,1,5,11,20,24,1995,10,championship
16,Sunderland,12,2,6,2,9,8,24,1995,10,championship
17,Oldham Athletic,12,4,0,6,15,16,24,1995,10,championship
18,Barnsley,12,3,3,4,9,12,24,1995,10,championship
19,Millwall,10,2,4,5,13,16,24,1995,10,championship
20,Luton Town,10,2,4,4,10,14,24,1995,10,championship
21,Watford,10,2,4,4,9,15,24,1995,10,championship
22,Burnley,9,2,3,5,7,13,24,1995,10,championship
23,West Bromwich Alb.,7,1,4,4,7,14,24,1995,10,championship
24,Notts County,6,1,3,6,11,18,24,1995,10,championship
1,Wolves,26,8,2,2,22,10,24,1995,11,championship
2,Middlesbrough,23,7,2,2,16,7,24,1995,11,championship
3,Reading,21,6,3,2,16,6,24,1995,11,championship
4,Swindon Town,20,6,2,2,13,8,24,1995,11,championship
5,Charlton Athletic,19,5,4,3,22,19,24,1995,11,championship
6,Tranmere Rovers,17,5,2,3,14,12,24,1995,11,championship
7,Stoke City,16,5,1,5,16,19,24,1995,11,championship
8,Sheffield United,15,4,3,3,13,8,24,1995,11,championship
9,Bolton Wanderers,15,4,3,4,17,14,24,1995,11,championship
10,Sunderland,15,3,6,2,12,9,24,1995,11,championship
11,Derby County,15,4,3,4,13,12,24,1995,11,championship
12,Oldham Athletic,15,5,0,6,18,18,24,1995,11,championship
13,Bristol City,15,4,3,4,10,10,24,1995,11,championship
14,Grimsby Town,14,3,5,4,19,16,24,1995,11,championship
15,Port Vale,14,4,2,6,13,18,24,1995,11,championship
16,Southend United,14,4,2,5,11,20,24,1995,11,championship
17,Portsmouth,13,3,4,4,12,14,24,1995,11,championship
18,Luton Town,13,3,4,4,12,15,24,1995,11,championship
19,Barnsley,13,3,4,4,9,12,24,1995,11,championship
20,Watford,11,2,5,4,10,16,24,1995,11,championship
21,Millwall,10,2,4,5,13,16,24,1995,11,championship
22,Burnley,10,2,4,5,9,15,24,1995,11,championship
23,Notts County,7,1,4,6,13,20,24,1995,11,championship
24,West Bromwich Alb.,7,1,4,5,8,17,24,1995,11,championship
1,Wolves,26,8,2,2,22,10,24,1995,12,championship
2,Reading,24,7,3,2,17,6,24,1995,12,championship
3,Middlesbrough,23,7,2,3,17,12,24,1995,12,championship
4,Tranmere Rovers,20,6,2,3,17,13,24,1995,12,championship
5,Swindon Town,20,6,2,3,16,12,24,1995,12,championship
6,Charlton Athletic,19,5,4,3,22,19,24,1995,12,championship
7,Grimsby Town,17,4,5,4,20,16,24,1995,12,championship
8,Stoke City,17,5,2,5,17,20,24,1995,12,championship
9,Southend United,17,5,2,5,12,20,24,1995,12,championship
10,Sheffield United,16,4,4,4,13,9,24,1995,12,championship
11,Bolton Wanderers,16,4,4,4,19,16,24,1995,12,championship
12,Sunderland,16,3,7,2,12,9,24,1995,12,championship
13,Luton Town,16,4,4,4,17,16,24,1995,12,championship
14,Oldham Athletic,16,5,1,6,20,20,24,1995,12,championship
15,Portsmouth,16,4,4,4,16,17,24,1995,12,championship
16,Derby County,15,4,3,5,13,13,24,1995,12,championship
17,Bristol City,15,4,3,6,10,12,24,1995,12,championship
18,Barnsley,14,3,5,4,9,12,24,1995,12,championship
19,Watford,14,3,5,4,13,17,24,1995,12,championship
20,Port Vale,14,4,2,6,13,18,24,1995,12,championship
21,Millwall,11,2,5,5,14,17,24,1995,12,championship
22,Burnley,11,2,5,5,9,15,24,1995,12,championship
23,West Bromwich Alb.,10,2,4,6,10,20,24,1995,12,championship
24,Notts County,7,1,4,7,14,23,24,1995,12,championship
1,Wolves,27,8,3,2,25,13,24,1995,13,championship
2,Reading,24,7,3,3,17,8,24,1995,13,championship
3,Middlesbrough,24,7,3,3,17,12,24,1995,13,championship
4,Swindon Town,21,6,3,3,18,14,24,1995,13,championship
5,Tranmere Rovers,20,6,2,4,17,15,24,1995,13,championship
6,Sunderland,19,4,7,2,14,9,24,1995,13,championship
7,Luton Town,19,5,4,4,20,17,24,1995,13,championship
8,Charlton Athletic,19,5,4,4,23,21,24,1995,13,championship
9,Stoke City,18,5,3,5,17,20,24,1995,13,championship
10,Southend United,18,5,3,5,14,22,24,1995,13,championship
11,Grimsby Town,17,4,5,4,20,16,24,1995,13,championship
12,Bolton Wanderers,17,4,5,4,20,17,24,1995,13,championship
13,Oldham Athletic,17,5,2,6,20,20,24,1995,13,championship
14,Portsmouth,17,4,5,4,16,17,24,1995,13,championship
15,Barnsley,17,4,5,4,11,12,24,1995,13,championship
16,Watford,17,4,5,4,15,17,24,1995,13,championship
17,Burnley,17,4,5,5,13,17,24,1995,13,championship
18,Sheffield United,16,4,4,5,14,12,24,1995,13,championship
19,Derby County,16,4,4,5,13,13,24,1995,13,championship
20,Bristol City,15,4,3,6,10,12,24,1995,13,championship
21,Port Vale,15,4,3,6,14,19,24,1995,13,championship
22,Millwall,12,2,6,5,17,20,24,1995,13,championship
23,West Bromwich Alb.,10,2,4,7,10,22,24,1995,13,championship
24,Notts County,8,1,5,8,15,25,24,1995,13,championship
1,Wolves,31,9,4,2,31,15,24,1995,14,championship
2,Reading,24,7,3,3,17,8,24,1995,14,championship
3,Middlesbrough,24,7,3,3,17,12,24,1995,14,championship
4,Southend United,22,6,4,5,15,22,24,1995,14,championship
5,Grimsby Town,21,5,6,4,22,17,24,1995,14,championship
6,Sunderland,21,4,9,2,15,10,24,1995,14,championship
7,Swindon Town,21,6,3,3,18,14,24,1995,14,championship
8,Charlton Athletic,21,5,6,4,26,24,24,1995,14,championship
9,Tranmere Rovers,21,6,3,4,18,16,24,1995,14,championship
10,Barnsley,20,5,5,4,12,12,24,1995,14,championship
11,Luton Town,19,5,4,6,21,20,24,1995,14,championship
12,Stoke City,19,5,4,5,18,21,24,1995,14,championship
13,Oldham Athletic,18,5,3,6,20,20,24,1995,14,championship
14,Portsmouth,18,4,6,4,17,18,24,1995,14,championship
15,Bolton Wanderers,17,4,5,4,20,17,24,1995,14,championship
16,Derby County,17,4,5,5,15,15,24,1995,14,championship
17,Watford,17,4,5,4,15,17,24,1995,14,championship
18,Burnley,17,4,5,5,13,17,24,1995,14,championship
19,Sheffield United,16,4,4,6,15,14,24,1995,14,championship
20,Port Vale,16,4,4,6,15,20,24,1995,14,championship
21,Bristol City,16,4,4,7,12,18,24,1995,14,championship
22,Millwall,15,3,6,5,19,21,24,1995,14,championship
23,West Bromwich Alb.,10,2,4,7,10,22,24,1995,14,championship
24,Notts County,8,1,5,9,15,26,24,1995,14,championship
1,Wolves,31,9,4,3,33,18,24,1995,15,championship
2,Reading,27,8,3,3,19,9,24,1995,15,championship
3,Middlesbrough,27,8,3,4,20,15,24,1995,15,championship
4,Grimsby Town,24,6,6,4,24,18,24,1995,15,championship
5,Barnsley,23,6,5,4,14,12,24,1995,15,championship
6,Luton Town,22,6,4,6,24,22,24,1995,15,championship
7,Southend United,22,6,4,6,15,27,24,1995,15,championship
8,Sunderland,21,4,9,3,17,13,24,1995,15,championship
9,Swindon Town,21,6,3,4,19,16,24,1995,15,championship
10,Charlton Athletic,21,5,6,4,26,24,24,1995,15,championship
11,Tranmere Rovers,21,6,3,4,18,16,24,1995,15,championship
12,Sheffield United,20,5,5,6,19,15,24,1995,15,championship
13,Port Vale,20,5,5,6,20,20,24,1995,15,championship
14,Stoke City,20,5,5,6,19,24,24,1995,15,championship
15,Millwall,19,4,7,5,23,24,24,1995,15,championship
16,Portsmouth,19,4,7,4,19,20,24,1995,15,championship
17,Oldham Athletic,18,5,3,7,21,22,24,1995,15,championship
18,Bolton Wanderers,17,4,5,4,20,17,24,1995,15,championship
19,Derby County,17,4,5,6,16,17,24,1995,15,championship
20,Watford,17,4,5,4,15,17,24,1995,15,championship
21,Burnley,17,4,5,5,13,17,24,1995,15,championship
22,Bristol City,16,4,4,8,12,21,24,1995,15,championship
23,Notts County,11,2,5,9,18,28,24,1995,15,championship
24,West Bromwich Alb.,11,2,5,7,10,22,24,1995,15,championship
1,Wolves,31,9,4,3,33,18,24,1995,16,championship
2,Reading,28,8,4,4,20,13,24,1995,16,championship
3,Grimsby Town,27,7,6,4,25,18,24,1995,16,championship
4,Middlesbrough,27,8,3,4,20,15,24,1995,16,championship
5,Southend United,25,7,4,7,19,29,24,1995,16,championship
6,Sheffield United,23,6,5,6,21,16,24,1995,16,championship
7,Luton Town,23,6,5,6,24,22,24,1995,16,championship
8,Barnsley,23,6,5,4,14,12,24,1995,16,championship
9,Watford,23,6,5,4,17,17,24,1995,16,championship
10,Tranmere Rovers,22,6,4,4,18,16,24,1995,16,championship
11,Charlton Athletic,22,5,7,5,28,27,24,1995,16,championship
12,Sunderland,21,4,9,3,17,13,24,1995,16,championship
13,Swindon Town,21,6,3,4,19,16,24,1995,16,championship
14,Bolton Wanderers,20,5,5,4,22,18,24,1995,16,championship
15,Port Vale,20,5,5,6,20,20,24,1995,16,championship
16,Derby County,20,5,5,7,18,19,24,1995,16,championship
17,Oldham Athletic,20,5,5,8,22,25,24,1995,16,championship
18,Stoke City,20,5,5,6,19,24,24,1995,16,championship
19,Millwall,19,4,7,6,23,25,24,1995,16,championship
20,Portsmouth,19,4,7,5,19,21,24,1995,16,championship
21,Burnley,18,4,6,5,13,17,24,1995,16,championship
22,Bristol City,16,4,4,8,12,21,24,1995,16,championship
23,West Bromwich Alb.,15,3,6,8,14,25,24,1995,16,championship
24,Notts County,11,2,5,9,18,28,24,1995,16,championship
1,Wolves,34,10,4,4,36,20,24,1995,17,championship
2,Middlesbrough,30,9,3,4,21,15,24,1995,17,championship
3,Luton Town,29,8,5,6,28,23,24,1995,17,championship
4,Reading,28,8,4,4,20,13,24,1995,17,championship
5,Grimsby Town,27,7,6,4,25,18,24,1995,17,championship
6,Barnsley,26,7,5,4,15,12,24,1995,17,championship
7,Watford,26,7,5,4,20,18,24,1995,17,championship
8,Southend United,25,7,4,7,19,29,24,1995,17,championship
9,Sheffield United,23,6,5,7,23,20,24,1995,17,championship
10,Derby County,23,6,5,7,20,19,24,1995,17,championship
11,Port Vale,23,6,5,7,22,23,24,1995,17,championship
12,Tranmere Rovers,22,6,4,4,18,16,24,1995,17,championship
13,Charlton Athletic,22,5,7,5,28,27,24,1995,17,championship
14,Swindon Town,22,6,4,6,23,22,24,1995,17,championship
15,Burnley,22,5,7,5,18,20,24,1995,17,championship
16,Sunderland,21,4,9,4,18,16,24,1995,17,championship
17,Bolton Wanderers,20,5,5,5,23,21,24,1995,17,championship
18,Oldham Athletic,20,5,5,8,22,25,24,1995,17,championship
19,Stoke City,20,5,5,6,19,24,24,1995,17,championship
20,Millwall,19,4,7,8,24,28,24,1995,17,championship
21,Portsmouth,19,4,7,6,19,23,24,1995,17,championship
22,Bristol City,19,5,4,8,15,23,24,1995,17,championship
23,West Bromwich Alb.,15,3,6,9,14,27,24,1995,17,championship
24,Notts County,14,3,5,9,20,28,24,1995,17,championship
1,Middlesbrough,36,11,3,4,27,15,24,1995,18,championship
2,Wolves,34,10,4,5,36,22,24,1995,18,championship
3,Barnsley,29,8,5,4,18,12,24,1995,18,championship
4,Luton Town,29,8,5,7,31,29,24,1995,18,championship
5,Grimsby Town,28,7,7,4,27,20,24,1995,18,championship
6,Tranmere Rovers,28,8,4,4,23,18,24,1995,18,championship
7,Reading,28,8,4,5,21,16,24,1995,18,championship
8,Southend United,28,8,4,7,21,29,24,1995,18,championship
9,Watford,27,7,6,5,21,20,24,1995,18,championship
10,Sheffield United,26,7,5,7,29,23,24,1995,18,championship
11,Derby County,26,7,5,7,22,19,24,1995,18,championship
12,Sunderland,24,5,9,4,22,17,24,1995,18,championship
13,Oldham Athletic,23,6,5,8,24,25,24,1995,18,championship
14,Port Vale,23,6,5,7,22,23,24,1995,18,championship
15,Burnley,23,5,8,5,20,22,24,1995,18,championship
16,Charlton Athletic,22,5,7,6,28,29,24,1995,18,championship
17,Swindon Town,22,6,4,7,23,24,24,1995,18,championship
18,Stoke City,21,5,6,6,19,24,24,1995,18,championship
19,Bolton Wanderers,20,5,5,6,23,24,24,1995,18,championship
20,Millwall,19,4,7,8,24,28,24,1995,18,championship
21,Bristol City,19,5,4,9,15,25,24,1995,18,championship
22,Portsmouth,19,4,7,8,20,31,24,1995,18,championship
23,West Bromwich Alb.,15,3,6,9,14,27,24,1995,18,championship
24,Notts County,14,3,5,9,20,28,24,1995,18,championship
1,Middlesbrough,37,11,4,4,28,16,24,1995,19,championship
2,Wolves,34,10,4,6,36,23,24,1995,19,championship
3,Reading,32,9,5,5,23,17,24,1995,19,championship
4,Barnsley,32,9,5,5,21,15,24,1995,19,championship
5,Grimsby Town,31,8,7,4,29,21,24,1995,19,championship
6,Luton Town,29,8,5,7,31,29,24,1995,19,championship
7,Tranmere Rovers,28,8,4,5,23,19,24,1995,19,championship
8,Southend United,28,8,4,7,21,29,24,1995,19,championship
9,Derby County,27,7,6,7,22,19,24,1995,19,championship
10,Watford,27,7,6,5,21,20,24,1995,19,championship
11,Sheffield United,26,7,5,7,29,23,24,1995,19,championship
12,Oldham Athletic,26,7,5,8,25,25,24,1995,19,championship
13,Sunderland,25,5,10,5,22,18,24,1995,19,championship
14,Port Vale,24,6,6,8,22,24,24,1995,19,championship
15,Stoke City,24,6,6,7,20,25,24,1995,19,championship
16,Bolton Wanderers,23,6,5,6,24,24,24,1995,19,championship
17,Burnley,23,5,8,5,20,22,24,1995,19,championship
18,Charlton Athletic,22,5,7,6,28,29,24,1995,19,championship
19,Swindon Town,22,6,4,7,23,24,24,1995,19,championship
20,Millwall,22,5,7,8,25,28,24,1995,19,championship
21,Portsmouth,19,4,7,9,20,32,24,1995,19,championship
22,Bristol City,19,5,4,11,17,29,24,1995,19,championship
23,Notts County,18,4,6,9,21,28,24,1995,19,championship
24,West Bromwich Alb.,18,4,6,9,16,28,24,1995,19,championship
1,Wolves,37,11,4,6,37,23,24,1995,20,championship
2,Middlesbrough,37,11,4,5,29,18,24,1995,20,championship
3,Barnsley,35,10,5,5,23,16,24,1995,20,championship
4,Grimsby Town,33,8,9,4,32,24,24,1995,20,championship
5,Reading,33,9,6,5,24,18,24,1995,20,championship
6,Southend United,31,9,4,8,23,31,24,1995,20,championship
7,Luton Town,30,8,6,7,31,29,24,1995,20,championship
8,Tranmere Rovers,29,8,5,5,25,21,24,1995,20,championship
9,Oldham Athletic,29,8,5,8,28,27,24,1995,20,championship
10,Derby County,28,7,7,7,22,19,24,1995,20,championship
11,Watford,28,7,7,5,21,20,24,1995,20,championship
12,Millwall,28,7,7,8,28,28,24,1995,20,championship
13,Stoke City,27,7,6,7,22,25,24,1995,20,championship
14,Sheffield United,26,7,5,7,29,23,24,1995,20,championship
15,Sunderland,25,5,10,6,22,20,24,1995,20,championship
16,Bolton Wanderers,24,6,6,6,27,27,24,1995,20,championship
17,Port Vale,24,6,6,9,24,27,24,1995,20,championship
18,Swindon Town,23,6,5,7,25,26,24,1995,20,championship
19,Burnley,23,5,8,6,20,24,24,1995,20,championship
20,Charlton Athletic,22,5,7,7,29,31,24,1995,20,championship
21,Portsmouth,20,4,8,9,21,33,24,1995,20,championship
22,Bristol City,19,5,4,11,17,29,24,1995,20,championship
23,Notts County,18,4,6,10,21,29,24,1995,20,championship
24,West Bromwich Alb.,18,4,6,9,16,28,24,1995,20,championship
1,Wolves,37,11,4,7,39,27,24,1995,21,championship
2,Middlesbrough,37,11,4,5,29,18,24,1995,21,championship
3,Reading,36,10,6,5,28,20,24,1995,21,championship
4,Barnsley,35,10,5,6,23,17,24,1995,21,championship
5,Grimsby Town,33,8,9,4,32,24,24,1995,21,championship
6,Watford,32,8,8,5,23,20,24,1995,21,championship
7,Derby County,31,8,7,7,23,19,24,1995,21,championship
8,Stoke City,31,8,7,7,23,25,24,1995,21,championship
9,Southend United,31,9,4,9,24,34,24,1995,21,championship
10,Luton Town,30,8,6,8,31,30,24,1995,21,championship
11,Tranmere Rovers,29,8,5,6,25,22,24,1995,21,championship
12,Oldham Athletic,29,8,5,9,28,29,24,1995,21,championship
13,Sunderland,28,6,10,6,24,20,24,1995,21,championship
14,Charlton Athletic,28,7,7,7,34,32,24,1995,21,championship
15,Millwall,28,7,7,8,28,28,24,1995,21,championship
16,Sheffield United,27,7,6,7,29,23,24,1995,21,championship
17,Swindon Town,25,6,7,7,27,28,24,1995,21,championship
18,Port Vale,25,6,7,9,26,29,24,1995,21,championship
19,Bolton Wanderers,24,6,6,6,27,27,24,1995,21,championship
20,Burnley,23,5,8,6,20,24,24,1995,21,championship
21,Portsmouth,23,5,8,10,22,35,24,1995,21,championship
22,West Bromwich Alb.,21,5,6,9,17,28,24,1995,21,championship
23,Bristol City,19,5,4,12,17,31,24,1995,21,championship
24,Notts County,18,4,6,11,21,30,24,1995,21,championship
1,Middlesbrough,38,11,5,5,30,19,24,1995,22,championship
2,Wolves,37,11,4,8,40,31,24,1995,22,championship
3,Reading,36,10,6,5,28,20,24,1995,22,championship
4,Barnsley,35,10,5,7,23,20,24,1995,22,championship
5,Millwall,34,9,7,8,31,29,24,1995,22,championship
6,Southend United,34,10,4,9,26,35,24,1995,22,championship
7,Grimsby Town,33,8,9,4,32,24,24,1995,22,championship
8,Luton Town,33,9,6,8,34,30,24,1995,22,championship
9,Tranmere Rovers,32,9,5,7,28,24,24,1995,22,championship
10,Oldham Athletic,32,9,5,9,32,30,24,1995,22,championship
11,Watford,32,8,8,6,24,22,24,1995,22,championship
12,Sheffield United,31,8,7,7,33,25,24,1995,22,championship
13,Derby County,31,8,7,8,24,22,24,1995,22,championship
14,Stoke City,31,8,7,8,24,28,24,1995,22,championship
15,Charlton Athletic,28,7,7,7,34,32,24,1995,22,championship
16,Sunderland,28,6,10,7,24,23,24,1995,22,championship
17,Bolton Wanderers,27,7,6,6,28,27,24,1995,22,championship
18,Portsmouth,26,6,8,10,25,35,24,1995,22,championship
19,Swindon Town,25,6,7,8,28,31,24,1995,22,championship
20,Port Vale,25,6,7,9,26,29,24,1995,22,championship
21,West Bromwich Alb.,24,6,6,10,19,30,24,1995,22,championship
22,Burnley,23,5,8,6,20,24,24,1995,22,championship
23,Bristol City,22,6,4,13,20,33,24,1995,22,championship
24,Notts County,18,4,6,12,21,31,24,1995,22,championship
1,Wolves,43,13,4,8,45,32,24,1995,23,championship
2,Middlesbrough,42,12,6,5,33,21,24,1995,23,championship
3,Reading,39,11,6,5,30,20,24,1995,23,championship
4,Oldham Athletic,36,10,6,9,36,32,24,1995,23,championship
5,Tranmere Rovers,35,10,5,7,30,24,24,1995,23,championship
6,Barnsley,35,10,5,8,24,23,24,1995,23,championship
7,Sheffield United,34,9,7,7,36,26,24,1995,23,championship
8,Millwall,34,9,7,8,31,29,24,1995,23,championship
9,Southend United,34,10,4,10,27,40,24,1995,23,championship
10,Grimsby Town,33,8,9,5,33,27,24,1995,23,championship
11,Luton Town,33,9,6,8,34,30,24,1995,23,championship
12,Derby County,32,8,8,8,25,23,24,1995,23,championship
13,Watford,32,8,8,6,24,22,24,1995,23,championship
14,Stoke City,32,8,8,8,25,29,24,1995,23,championship
15,Sunderland,29,6,11,7,25,24,24,1995,23,championship
16,Charlton Athletic,28,7,7,8,34,34,24,1995,23,championship
17,Bolton Wanderers,27,7,6,7,28,28,24,1995,23,championship
18,West Bromwich Alb.,27,7,6,10,20,30,24,1995,23,championship
19,Burnley,26,6,8,6,25,25,24,1995,23,championship
20,Swindon Town,26,6,8,8,29,32,24,1995,23,championship
21,Portsmouth,26,6,8,11,26,38,24,1995,23,championship
22,Port Vale,25,6,7,10,26,31,24,1995,23,championship
23,Bristol City,22,6,4,14,20,35,24,1995,23,championship
24,Notts County,18,4,6,13,22,33,24,1995,23,championship
1,Wolves,44,13,5,8,47,34,24,1995,24,championship
2,Middlesbrough,42,12,6,5,33,21,24,1995,24,championship
3,Reading,40,11,7,6,31,22,24,1995,24,championship
4,Oldham Athletic,37,10,7,9,37,33,24,1995,24,championship
5,Tranmere Rovers,36,10,6,7,30,24,24,1995,24,championship
6,Luton Town,36,10,6,9,35,31,24,1995,24,championship
7,Watford,36,9,9,6,27,24,24,1995,24,championship
8,Millwall,36,9,9,8,33,31,24,1995,24,championship
9,Sheffield United,35,9,8,7,38,28,24,1995,24,championship
10,Barnsley,35,10,5,8,24,23,24,1995,24,championship
11,Southend United,35,10,5,10,27,40,24,1995,24,championship
12,Grimsby Town,34,8,10,5,34,28,24,1995,24,championship
13,Derby County,33,8,9,8,26,24,24,1995,24,championship
14,Charlton Athletic,32,8,8,8,36,35,24,1995,24,championship
15,Stoke City,32,8,8,8,25,29,24,1995,24,championship
16,Bolton Wanderers,30,8,6,7,29,28,24,1995,24,championship
17,Sunderland,29,6,11,7,25,24,24,1995,24,championship
18,Portsmouth,29,7,8,11,28,38,24,1995,24,championship
19,West Bromwich Alb.,28,7,7,10,21,31,24,1995,24,championship
20,Burnley,26,6,8,7,25,27,24,1995,24,championship
21,Swindon Town,26,6,8,8,29,32,24,1995,24,championship
22,Port Vale,25,6,7,11,28,34,24,1995,24,championship
23,Bristol City,23,6,5,14,20,35,24,1995,24,championship
24,Notts County,18,4,6,14,22,34,24,1995,24,championship
1,Wolves,47,14,5,8,49,34,24,1995,25,championship
2,Middlesbrough,42,12,6,6,34,23,24,1995,25,championship
3,Reading,40,11,7,7,31,24,24,1995,25,championship
4,Oldham Athletic,38,10,8,9,37,33,24,1995,25,championship
5,Barnsley,38,11,5,8,27,24,24,1995,25,championship
6,Grimsby Town,37,9,10,5,38,29,24,1995,25,championship
7,Watford,37,9,10,6,27,24,24,1995,25,championship
8,Millwall,37,9,10,8,34,32,24,1995,25,championship
9,Sheffield United,36,9,9,7,39,29,24,1995,25,championship
10,Tranmere Rovers,36,10,6,8,30,26,24,1995,25,championship
11,Derby County,36,9,9,8,30,27,24,1995,25,championship
12,Luton Town,36,10,6,10,36,34,24,1995,25,championship
13,Southend United,35,10,5,11,28,44,24,1995,25,championship
14,Charlton Athletic,32,8,8,9,39,39,24,1995,25,championship
15,Stoke City,32,8,8,9,25,31,24,1995,25,championship
16,Bolton Wanderers,31,8,7,7,29,28,24,1995,25,championship
17,West Bromwich Alb.,31,8,7,10,23,31,24,1995,25,championship
18,Sunderland,30,6,12,7,25,24,24,1995,25,championship
19,Portsmouth,30,7,9,11,28,38,24,1995,25,championship
20,Swindon Town,29,7,8,8,31,33,24,1995,25,championship
21,Port Vale,28,7,7,11,30,34,24,1995,25,championship
22,Burnley,26,6,8,8,25,30,24,1995,25,championship
23,Bristol City,24,6,6,14,20,35,24,1995,25,championship
24,Notts County,21,5,6,14,25,34,24,1995,25,championship
1,Wolves,47,14,5,9,50,39,24,1995,26,championship
2,Middlesbrough,43,12,7,6,35,24,24,1995,26,championship
3,Reading,43,12,7,7,33,25,24,1995,26,championship
4,Tranmere Rovers,42,12,6,8,36,29,24,1995,26,championship
5,Grimsby Town,41,10,11,5,41,31,24,1995,26,championship
6,Watford,40,10,10,6,28,24,24,1995,26,championship
7,Derby County,39,10,9,8,33,27,24,1995,26,championship
8,Barnsley,38,11,5,8,27,24,24,1995,26,championship
9,Oldham Athletic,38,10,8,10,38,36,24,1995,26,championship
10,Bolton Wanderers,37,10,7,7,39,30,24,1995,26,championship
11,Millwall,37,9,10,8,34,32,24,1995,26,championship
12,Sheffield United,36,9,9,8,40,31,24,1995,26,championship
13,Luton Town,36,10,6,10,36,34,24,1995,26,championship
14,Southend United,35,10,5,12,29,46,24,1995,26,championship
15,Charlton Athletic,32,8,8,10,40,44,24,1995,26,championship
16,Stoke City,32,8,8,9,25,31,24,1995,26,championship
17,Port Vale,31,8,7,11,32,35,24,1995,26,championship
18,West Bromwich Alb.,31,8,7,11,23,32,24,1995,26,championship
19,Sunderland,30,6,12,8,26,26,24,1995,26,championship
20,Portsmouth,30,7,9,12,28,41,24,1995,26,championship
21,Swindon Town,29,7,8,8,31,33,24,1995,26,championship
22,Bristol City,27,7,6,14,22,36,24,1995,26,championship
23,Burnley,26,6,8,9,26,32,24,1995,26,championship
24,Notts County,24,6,6,16,30,40,24,1995,26,championship
1,Wolves,47,14,5,9,50,39,24,1995,27,championship
2,Reading,46,13,7,7,34,25,24,1995,27,championship
3,Middlesbrough,43,12,7,7,35,25,24,1995,27,championship
4,Watford,43,11,10,6,32,24,24,1995,27,championship
5,Tranmere Rovers,43,12,7,8,38,31,24,1995,27,championship
6,Grimsby Town,41,10,11,6,41,33,24,1995,27,championship
7,Millwall,40,10,10,8,36,32,24,1995,27,championship
8,Sheffield United,39,10,9,8,43,33,24,1995,27,championship
9,Derby County,39,10,9,9,35,30,24,1995,27,championship
10,Luton Town,39,11,6,10,38,35,24,1995,27,championship
11,Barnsley,39,11,6,9,31,29,24,1995,27,championship
12,Bolton Wanderers,38,10,8,7,40,31,24,1995,27,championship
13,Oldham Athletic,38,10,8,11,39,38,24,1995,27,championship
14,Charlton Athletic,35,9,8,10,41,44,24,1995,27,championship
15,Southend United,35,10,5,13,29,50,24,1995,27,championship
16,Portsmouth,33,8,9,12,30,41,24,1995,27,championship
17,Swindon Town,32,8,8,8,33,34,24,1995,27,championship
18,Port Vale,32,8,8,11,33,36,24,1995,27,championship
19,Stoke City,32,8,8,10,25,33,24,1995,27,championship
20,Sunderland,31,6,13,8,27,27,24,1995,27,championship
21,West Bromwich Alb.,31,8,7,12,23,33,24,1995,27,championship
22,Bristol City,30,8,6,14,25,38,24,1995,27,championship
23,Burnley,26,6,8,10,27,34,24,1995,27,championship
24,Notts County,25,6,7,16,31,41,24,1995,27,championship
1,Wolves,50,15,5,9,52,39,24,1995,28,championship
2,Reading,49,14,7,8,35,26,24,1995,28,championship
3,Grimsby Town,47,12,11,6,48,33,24,1995,28,championship
4,Watford,46,12,10,6,34,24,24,1995,28,championship
5,Tranmere Rovers,46,13,7,8,39,31,24,1995,28,championship
6,Sheffield United,43,11,10,8,47,35,24,1995,28,championship
7,Middlesbrough,43,12,7,7,35,25,24,1995,28,championship
8,Millwall,40,10,10,8,36,32,24,1995,28,championship
9,Derby County,39,10,9,10,35,31,24,1995,28,championship
10,Barnsley,39,11,6,9,31,29,24,1995,28,championship
11,Luton Town,39,11,6,11,38,40,24,1995,28,championship
12,Bolton Wanderers,38,10,8,7,40,31,24,1995,28,championship
13,Oldham Athletic,38,10,8,11,39,38,24,1995,28,championship
14,Charlton Athletic,38,10,8,10,42,44,24,1995,28,championship
15,Southend United,36,10,6,14,32,55,24,1995,28,championship
16,Port Vale,35,9,8,11,34,36,24,1995,28,championship
17,Stoke City,33,8,9,10,26,34,24,1995,28,championship
18,Portsmouth,33,8,9,12,30,41,24,1995,28,championship
19,Bristol City,33,9,6,15,28,40,24,1995,28,championship
20,Swindon Town,32,8,8,9,33,37,24,1995,28,championship
21,Sunderland,31,6,13,9,27,28,24,1995,28,championship
22,West Bromwich Alb.,31,8,7,13,23,34,24,1995,28,championship
23,Notts County,26,6,8,16,33,43,24,1995,28,championship
24,Burnley,26,6,8,12,27,38,24,1995,28,championship
1,Reading,52,15,7,8,37,26,24,1995,29,championship
2,Wolves,50,15,5,9,52,39,24,1995,29,championship
3,Grimsby Town,48,12,12,6,48,33,24,1995,29,championship
4,Sheffield United,46,12,10,8,49,35,24,1995,29,championship
5,Middlesbrough,46,13,7,7,36,25,24,1995,29,championship
6,Watford,46,12,10,7,34,25,24,1995,29,championship
7,Tranmere Rovers,46,13,7,8,39,31,24,1995,29,championship
8,Oldham Athletic,42,11,9,11,42,40,24,1995,29,championship
9,Luton Town,42,12,6,12,43,43,24,1995,29,championship
10,Millwall,40,10,10,8,36,32,24,1995,29,championship
11,Derby County,39,10,9,11,35,32,24,1995,29,championship
12,Barnsley,39,11,6,9,31,29,24,1995,29,championship
13,Bolton Wanderers,38,10,8,7,40,31,24,1995,29,championship
14,Port Vale,38,10,8,11,35,36,24,1995,29,championship
15,Charlton Athletic,38,10,8,11,42,45,24,1995,29,championship
16,Portsmouth,37,9,10,12,35,45,24,1995,29,championship
17,Southend United,36,10,6,15,32,57,24,1995,29,championship
18,Sunderland,35,7,14,9,30,30,24,1995,29,championship
19,Stoke City,34,8,10,10,26,34,24,1995,29,championship
20,West Bromwich Alb.,34,9,7,14,26,37,24,1995,29,championship
21,Bristol City,34,9,7,15,30,42,24,1995,29,championship
22,Swindon Town,32,8,8,10,33,40,24,1995,29,championship
23,Notts County,26,6,8,17,35,46,24,1995,29,championship
24,Burnley,26,6,8,13,27,40,24,1995,29,championship
1,Wolves,53,16,5,10,56,43,24,1995,30,championship
2,Tranmere Rovers,52,15,7,8,44,32,24,1995,30,championship
3,Reading,52,15,7,8,37,26,24,1995,30,championship
4,Middlesbrough,50,14,8,7,38,25,24,1995,30,championship
5,Grimsby Town,48,12,12,7,49,35,24,1995,30,championship
6,Sheffield United,46,12,10,8,49,35,24,1995,30,championship
7,Watford,46,12,10,7,34,25,24,1995,30,championship
8,Barnsley,43,12,7,9,35,30,24,1995,30,championship
9,Luton Town,43,12,7,12,45,45,24,1995,30,championship
10,Derby County,42,11,9,11,37,33,24,1995,30,championship
11,Oldham Athletic,42,11,9,11,42,40,24,1995,30,championship
12,Millwall,41,10,11,9,37,36,24,1995,30,championship
13,Portsmouth,40,10,10,12,37,46,24,1995,30,championship
14,Bolton Wanderers,38,10,8,8,41,33,24,1995,30,championship
15,Sunderland,38,8,14,9,31,30,24,1995,30,championship
16,Port Vale,38,10,8,12,37,40,24,1995,30,championship
17,Charlton Athletic,38,10,8,12,42,46,24,1995,30,championship
18,Stoke City,37,9,10,10,29,35,24,1995,30,championship
19,Southend United,36,10,6,16,32,58,24,1995,30,championship
20,Bristol City,35,9,8,15,32,44,24,1995,30,championship
21,West Bromwich Alb.,34,9,7,15,27,40,24,1995,30,championship
22,Swindon Town,33,8,9,10,33,40,24,1995,30,championship
23,Notts County,26,6,8,17,35,46,24,1995,30,championship
24,Burnley,26,6,8,14,28,44,24,1995,30,championship
1,Wolves,56,17,5,10,57,43,24,1995,31,championship
2,Reading,55,16,7,8,41,27,24,1995,31,championship
3,Tranmere Rovers,55,16,7,8,45,32,24,1995,31,championship
4,Middlesbrough,53,15,8,7,41,25,24,1995,31,championship
5,Grimsby Town,49,12,13,7,50,36,24,1995,31,championship
6,Sheffield United,47,12,11,8,50,36,24,1995,31,championship
7,Watford,46,12,10,8,35,29,24,1995,31,championship
8,Millwall,45,11,12,9,41,38,24,1995,31,championship
9,Luton Town,44,12,8,12,46,46,24,1995,31,championship
10,Barnsley,43,12,7,9,35,30,24,1995,31,championship
11,Derby County,43,11,10,11,37,33,24,1995,31,championship
12,Oldham Athletic,42,11,9,11,42,40,24,1995,31,championship
13,Bolton Wanderers,41,11,8,8,44,33,24,1995,31,championship
14,Charlton Athletic,41,11,8,12,43,46,24,1995,31,championship
15,Portsmouth,40,10,10,13,37,47,24,1995,31,championship
16,Port Vale,39,10,9,12,38,41,24,1995,31,championship
17,Sunderland,38,8,14,10,31,31,24,1995,31,championship
18,Stoke City,38,9,11,10,29,35,24,1995,31,championship
19,Southend United,36,10,6,17,32,61,24,1995,31,championship
20,West Bromwich Alb.,35,9,8,15,28,41,24,1995,31,championship
21,Bristol City,35,9,8,16,32,47,24,1995,31,championship
22,Swindon Town,34,8,10,11,35,44,24,1995,31,championship
23,Burnley,27,6,9,14,29,45,24,1995,31,championship
24,Notts County,26,6,8,18,35,47,24,1995,31,championship
1,Wolves,59,18,5,10,58,43,24,1995,32,championship
2,Middlesbrough,56,16,8,7,43,25,24,1995,32,championship
3,Tranmere Rovers,55,16,7,9,45,34,24,1995,32,championship
4,Reading,55,16,7,10,41,32,24,1995,32,championship
5,Sheffield United,50,13,11,8,52,36,24,1995,32,championship
6,Grimsby Town,49,12,13,8,50,37,24,1995,32,championship
7,Barnsley,49,14,7,9,40,30,24,1995,32,championship
8,Millwall,48,12,12,9,43,38,24,1995,32,championship
9,Luton Town,47,13,8,13,48,50,24,1995,32,championship
10,Derby County,46,12,10,11,38,33,24,1995,32,championship
11,Watford,46,12,10,9,35,31,24,1995,32,championship
12,Oldham Athletic,42,11,9,12,42,42,24,1995,32,championship
13,Southend United,42,12,6,17,37,61,24,1995,32,championship
14,Bolton Wanderers,41,11,8,8,44,33,24,1995,32,championship
15,Charlton Athletic,41,11,8,13,44,48,24,1995,32,championship
16,Portsmouth,40,10,10,14,38,49,24,1995,32,championship
17,Port Vale,39,10,9,13,39,43,24,1995,32,championship
18,Sunderland,38,8,14,11,31,32,24,1995,32,championship
19,Stoke City,38,9,11,10,29,35,24,1995,32,championship
20,West Bromwich Alb.,38,10,8,15,30,42,24,1995,32,championship
21,Bristol City,38,10,8,16,34,48,24,1995,32,championship
22,Swindon Town,34,8,10,11,35,44,24,1995,32,championship
23,Burnley,27,6,9,15,29,47,24,1995,32,championship
24,Notts County,26,6,8,18,35,47,24,1995,32,championship
1,Wolves,59,18,5,11,58,45,24,1995,33,championship
2,Tranmere Rovers,58,17,7,9,47,34,24,1995,33,championship
3,Middlesbrough,56,16,8,8,43,26,24,1995,33,championship
4,Reading,55,16,7,10,41,32,24,1995,33,championship
5,Sheffield United,50,13,11,9,53,38,24,1995,33,championship
6,Grimsby Town,49,12,13,9,50,39,24,1995,33,championship
7,Barnsley,49,14,7,9,40,30,24,1995,33,championship
8,Derby County,49,13,10,11,42,33,24,1995,33,championship
9,Watford,49,13,10,9,37,31,24,1995,33,championship
10,Millwall,48,12,12,10,45,41,24,1995,33,championship
11,Luton Town,47,13,8,13,48,50,24,1995,33,championship
12,Bolton Wanderers,44,12,8,8,45,33,24,1995,33,championship
13,Charlton Athletic,44,12,8,13,45,48,24,1995,33,championship
14,Portsmouth,43,11,10,15,41,52,24,1995,33,championship
15,Oldham Athletic,42,11,9,13,43,44,24,1995,33,championship
16,Southend United,42,12,6,17,37,61,24,1995,33,championship
17,Sunderland,41,9,14,12,32,33,24,1995,33,championship
18,West Bromwich Alb.,41,11,8,15,32,42,24,1995,33,championship
19,Port Vale,40,10,10,13,40,44,24,1995,33,championship
20,Stoke City,39,9,12,11,30,37,24,1995,33,championship
21,Bristol City,38,10,8,16,34,48,24,1995,33,championship
22,Swindon Town,37,9,10,12,36,46,24,1995,33,championship
23,Burnley,30,7,9,16,31,52,24,1995,33,championship
24,Notts County,29,7,8,18,37,48,24,1995,33,championship
1,Wolves,60,18,6,11,59,46,24,1995,34,championship
2,Tranmere Rovers,58,17,7,9,47,34,24,1995,34,championship
3,Reading,58,17,7,10,42,32,24,1995,34,championship
4,Middlesbrough,57,16,9,9,46,31,24,1995,34,championship
5,Sheffield United,53,14,11,9,55,39,24,1995,34,championship
6,Barnsley,53,15,8,9,44,32,24,1995,34,championship
7,Grimsby Town,52,13,13,9,53,40,24,1995,34,championship
8,Derby County,52,14,10,11,46,35,24,1995,34,championship
9,Watford,50,13,11,9,38,32,24,1995,34,championship
10,Millwall,48,12,12,11,45,42,24,1995,34,championship
11,Bolton Wanderers,47,13,8,8,46,33,24,1995,34,championship
12,Luton Town,47,13,8,13,48,50,24,1995,34,championship
13,Charlton Athletic,44,12,8,14,46,50,24,1995,34,championship
14,Portsmouth,44,11,11,15,42,53,24,1995,34,championship
15,Oldham Athletic,43,11,10,13,44,45,24,1995,34,championship
16,Southend United,43,12,7,17,38,62,24,1995,34,championship
17,Sunderland,41,9,14,13,33,36,24,1995,34,championship
18,West Bromwich Alb.,41,11,8,16,34,47,24,1995,34,championship
19,Port Vale,40,10,10,14,41,47,24,1995,34,championship
20,Swindon Town,40,10,10,12,41,48,24,1995,34,championship
21,Stoke City,39,9,12,12,30,38,24,1995,34,championship
22,Bristol City,39,10,9,16,35,49,24,1995,34,championship
23,Burnley,31,7,10,16,32,53,24,1995,34,championship
24,Notts County,30,7,9,18,38,49,24,1995,34,championship
1,Wolves,63,19,6,11,61,46,24,1995,35,championship
2,Reading,61,18,7,10,44,33,24,1995,35,championship
3,Middlesbrough,60,17,9,9,47,31,24,1995,35,championship
4,Tranmere Rovers,58,17,7,9,47,34,24,1995,35,championship
5,Derby County,55,15,10,11,49,36,24,1995,35,championship
6,Sheffield United,54,14,12,9,56,40,24,1995,35,championship
7,Barnsley,53,15,8,10,46,35,24,1995,35,championship
8,Watford,53,14,11,9,41,34,24,1995,35,championship
9,Grimsby Town,52,13,13,10,54,42,24,1995,35,championship
10,Bolton Wanderers,48,13,9,8,47,34,24,1995,35,championship
11,Millwall,48,12,12,12,45,45,24,1995,35,championship
12,Luton Town,47,13,8,14,49,52,24,1995,35,championship
13,Charlton Athletic,47,13,8,14,48,51,24,1995,35,championship
14,Southend United,46,13,7,17,42,64,24,1995,35,championship
15,West Bromwich Alb.,44,12,8,16,37,47,24,1995,35,championship
16,Portsmouth,44,11,11,16,42,54,24,1995,35,championship
17,Oldham Athletic,43,11,10,14,45,47,24,1995,35,championship
18,Port Vale,43,11,10,14,42,47,24,1995,35,championship
19,Sunderland,41,9,14,14,33,37,24,1995,35,championship
20,Swindon Town,40,10,10,13,42,51,24,1995,35,championship
21,Bristol City,40,10,10,16,36,50,24,1995,35,championship
22,Stoke City,39,9,12,13,32,42,24,1995,35,championship
23,Burnley,34,8,10,17,34,56,24,1995,35,championship
24,Notts County,31,7,10,18,39,50,24,1995,35,championship
1,Middlesbrough,66,19,9,9,53,32,24,1995,36,championship
2,Wolves,63,19,6,11,61,46,24,1995,36,championship
3,Reading,62,18,8,10,45,34,24,1995,36,championship
4,Tranmere Rovers,58,17,7,10,48,36,24,1995,36,championship
5,Barnsley,56,16,8,10,48,35,24,1995,36,championship
6,Sheffield United,55,14,13,9,57,41,24,1995,36,championship
7,Derby County,55,15,10,12,49,37,24,1995,36,championship
8,Watford,54,14,12,9,42,35,24,1995,36,championship
9,Grimsby Town,52,13,13,11,54,44,24,1995,36,championship
10,Millwall,51,13,12,12,47,46,24,1995,36,championship
11,Charlton Athletic,50,14,8,14,49,51,24,1995,36,championship
12,Bolton Wanderers,48,13,9,8,47,34,24,1995,36,championship
13,Luton Town,48,13,9,14,50,53,24,1995,36,championship
14,West Bromwich Alb.,47,13,8,17,40,50,24,1995,36,championship
15,Southend United,47,13,8,17,42,64,24,1995,36,championship
16,Oldham Athletic,46,12,10,14,46,47,24,1995,36,championship
17,Portsmouth,44,11,11,16,42,54,24,1995,36,championship
18,Port Vale,43,11,10,16,45,54,24,1995,36,championship
19,Stoke City,42,10,12,13,34,43,24,1995,36,championship
20,Sunderland,41,9,14,15,33,39,24,1995,36,championship
21,Bristol City,41,10,11,16,36,50,24,1995,36,championship
22,Swindon Town,40,10,10,14,42,52,24,1995,36,championship
23,Burnley,37,9,10,17,38,59,24,1995,36,championship
24,Notts County,31,7,10,19,40,52,24,1995,36,championship
1,Middlesbrough,66,19,9,9,53,32,24,1995,37,championship
2,Reading,65,19,8,11,48,35,24,1995,37,championship
3,Wolves,64,19,7,11,64,49,24,1995,37,championship
4,Tranmere Rovers,61,18,7,10,52,38,24,1995,37,championship
5,Derby County,58,16,10,12,52,38,24,1995,37,championship
6,Barnsley,56,16,8,10,48,35,24,1995,37,championship
7,Sheffield United,55,14,13,10,57,42,24,1995,37,championship
8,Grimsby Town,55,14,13,11,55,44,24,1995,37,championship
9,Watford,54,14,12,10,42,36,24,1995,37,championship
10,Bolton Wanderers,51,14,9,8,48,34,24,1995,37,championship
11,Millwall,51,13,12,13,48,49,24,1995,37,championship
12,Charlton Athletic,51,14,9,15,49,53,24,1995,37,championship
13,Southend United,50,14,8,17,45,65,24,1995,37,championship
14,Luton Town,49,13,10,14,53,56,24,1995,37,championship
15,West Bromwich Alb.,47,13,8,17,40,50,24,1995,37,championship
16,Oldham Athletic,46,12,10,14,46,47,24,1995,37,championship
17,Port Vale,46,12,10,16,48,55,24,1995,37,championship
18,Stoke City,46,11,13,13,35,43,24,1995,37,championship
19,Sunderland,44,10,14,15,34,39,24,1995,37,championship
20,Portsmouth,44,11,11,17,44,58,24,1995,37,championship
21,Bristol City,41,10,11,17,37,53,24,1995,37,championship
22,Swindon Town,40,10,10,16,42,56,24,1995,37,championship
23,Burnley,40,10,10,18,41,62,24,1995,37,championship
24,Notts County,31,7,10,19,40,52,24,1995,37,championship
1,Middlesbrough,69,20,9,9,55,33,24,1995,38,championship
2,Wolves,65,19,8,11,64,49,24,1995,38,championship
3,Reading,65,19,8,11,48,35,24,1995,38,championship
4,Tranmere Rovers,64,19,7,10,53,38,24,1995,38,championship
5,Derby County,58,16,10,13,52,39,24,1995,38,championship
6,Barnsley,58,16,10,10,48,35,24,1995,38,championship
7,Watford,57,15,12,10,43,36,24,1995,38,championship
8,Bolton Wanderers,55,15,10,8,49,34,24,1995,38,championship
9,Sheffield United,55,14,13,11,57,43,24,1995,38,championship
10,Grimsby Town,55,14,13,11,55,44,24,1995,38,championship
11,Millwall,54,14,12,13,51,50,24,1995,38,championship
12,Luton Town,53,14,11,14,55,56,24,1995,38,championship
13,Charlton Athletic,51,14,9,16,50,56,24,1995,38,championship
14,Southend United,50,14,8,17,45,65,24,1995,38,championship
15,Sunderland,47,11,14,15,35,39,24,1995,38,championship
16,Stoke City,47,11,14,14,36,45,24,1995,38,championship
17,West Bromwich Alb.,47,13,8,18,40,51,24,1995,38,championship
18,Portsmouth,47,12,11,17,45,58,24,1995,38,championship
19,Oldham Athletic,46,12,10,15,47,50,24,1995,38,championship
20,Port Vale,46,12,10,17,48,56,24,1995,38,championship
21,Swindon Town,43,11,10,16,45,57,24,1995,38,championship
22,Bristol City,41,10,11,18,37,54,24,1995,38,championship
23,Burnley,40,10,10,18,41,62,24,1995,38,championship
24,Notts County,31,7,10,20,40,54,24,1995,38,championship
1,Middlesbrough,70,20,10,9,56,34,24,1995,39,championship
2,Tranmere Rovers,67,20,7,10,54,38,24,1995,39,championship
3,Wolves,66,19,9,12,69,55,24,1995,39,championship
4,Reading,66,19,9,11,51,38,24,1995,39,championship
5,Barnsley,61,17,10,10,49,35,24,1995,39,championship
6,Watford,60,16,12,10,44,36,24,1995,39,championship
7,Derby County,59,16,11,13,55,42,24,1995,39,championship
8,Sheffield United,56,14,14,11,59,45,24,1995,39,championship
9,Bolton Wanderers,55,15,10,9,49,35,24,1995,39,championship
10,Grimsby Town,55,14,13,12,55,45,24,1995,39,championship
11,Millwall,54,14,12,14,51,51,24,1995,39,championship
12,Luton Town,54,14,12,14,56,57,24,1995,39,championship
13,Charlton Athletic,54,15,9,16,53,58,24,1995,39,championship
14,Stoke City,50,12,14,14,38,46,24,1995,39,championship
15,West Bromwich Alb.,50,14,8,18,42,51,24,1995,39,championship
16,Southend United,50,14,8,18,45,67,24,1995,39,championship
17,Oldham Athletic,49,13,10,15,48,50,24,1995,39,championship
18,Sunderland,48,11,15,15,36,40,24,1995,39,championship
19,Port Vale,47,12,11,17,51,59,24,1995,39,championship
20,Portsmouth,47,12,11,18,45,59,24,1995,39,championship
21,Swindon Town,44,11,11,16,47,59,24,1995,39,championship
22,Bristol City,41,10,11,19,38,56,24,1995,39,championship
23,Burnley,40,10,10,18,41,62,24,1995,39,championship
24,Notts County,32,7,11,20,41,55,24,1995,39,championship
1,Reading,72,21,9,11,54,39,24,1995,40,championship
2,Middlesbrough,70,20,10,9,56,34,24,1995,40,championship
3,Wolves,69,20,9,12,71,56,24,1995,40,championship
4,Tranmere Rovers,67,20,7,11,54,43,24,1995,40,championship
5,Derby County,62,17,11,14,61,45,24,1995,40,championship
6,Barnsley,61,17,10,11,49,36,24,1995,40,championship
7,Watford,60,16,12,10,44,36,24,1995,40,championship
8,Bolton Wanderers,58,16,10,10,51,37,24,1995,40,championship
9,Grimsby Town,58,15,13,12,56,45,24,1995,40,championship
10,Sheffield United,56,14,14,11,59,45,24,1995,40,championship
11,Millwall,55,14,13,14,51,51,24,1995,40,championship
12,Luton Town,54,14,12,15,56,58,24,1995,40,championship
13,Charlton Athletic,54,15,9,17,54,60,24,1995,40,championship
14,Stoke City,53,13,14,14,39,46,24,1995,40,championship
15,Southend United,53,15,8,18,47,68,24,1995,40,championship
16,Port Vale,50,13,11,17,52,59,24,1995,40,championship
17,West Bromwich Alb.,50,14,8,19,42,52,24,1995,40,championship
18,Oldham Athletic,49,13,10,16,49,52,24,1995,40,championship
19,Sunderland,48,11,15,16,36,41,24,1995,40,championship
20,Portsmouth,47,12,11,18,45,59,24,1995,40,championship
21,Swindon Town,44,11,11,17,47,60,24,1995,40,championship
22,Bristol City,44,11,11,19,39,56,24,1995,40,championship
23,Burnley,43,11,10,19,44,64,24,1995,40,championship
24,Notts County,33,7,12,20,41,55,24,1995,40,championship
1,Reading,72,21,9,11,54,39,24,1995,41,championship
2,Middlesbrough,71,20,11,9,57,35,24,1995,41,championship
3,Wolves,71,20,11,12,74,59,24,1995,41,championship
4,Tranmere Rovers,67,20,7,12,54,45,24,1995,41,championship
5,Derby County,63,17,12,14,61,45,24,1995,41,championship
6,Watford,63,17,12,10,45,36,24,1995,41,championship
7,Grimsby Town,62,16,14,12,58,45,24,1995,41,championship
8,Barnsley,62,17,11,11,50,37,24,1995,41,championship
9,Bolton Wanderers,58,16,10,10,51,37,24,1995,41,championship
10,Millwall,58,15,13,14,52,51,24,1995,41,championship
11,Sheffield United,57,14,15,11,62,48,24,1995,41,championship
12,Charlton Athletic,57,16,9,17,55,60,24,1995,41,championship
13,Southend United,56,16,8,18,49,68,24,1995,41,championship
14,Luton Town,54,14,12,16,56,59,24,1995,41,championship
15,Port Vale,53,14,11,17,53,59,24,1995,41,championship
16,Stoke City,53,13,14,15,39,47,24,1995,41,championship
17,Sunderland,51,12,15,16,37,41,24,1995,41,championship
18,West Bromwich Alb.,51,14,9,19,42,52,24,1995,41,championship
19,Portsmouth,50,13,11,18,47,60,24,1995,41,championship
20,Oldham Athletic,49,13,10,17,49,53,24,1995,41,championship
21,Swindon Town,44,11,11,18,47,61,24,1995,41,championship
22,Bristol City,44,11,11,20,39,57,24,1995,41,championship
23,Burnley,43,11,10,20,45,66,24,1995,41,championship
24,Notts County,33,7,12,21,41,57,24,1995,41,championship
1,Reading,75,22,9,11,56,40,24,1995,42,championship
2,Middlesbrough,74,21,11,9,59,36,24,1995,42,championship
3,Wolves,71,20,11,12,74,59,24,1995,42,championship
4,Tranmere Rovers,67,20,7,13,55,50,24,1995,42,championship
5,Barnsley,66,18,12,11,53,39,24,1995,42,championship
6,Watford,66,18,12,11,47,37,24,1995,42,championship
7,Derby County,63,17,12,14,61,45,24,1995,42,championship
8,Grimsby Town,62,16,14,12,58,45,24,1995,42,championship
9,Bolton Wanderers,59,16,11,11,53,41,24,1995,42,championship
10,Millwall,58,15,13,15,55,55,24,1995,42,championship
11,Charlton Athletic,58,16,10,18,56,63,24,1995,42,championship
12,Sheffield United,57,14,15,12,63,50,24,1995,42,championship
13,Stoke City,57,14,15,15,44,51,24,1995,42,championship
14,Southend United,56,16,8,18,49,68,24,1995,42,championship
15,Luton Town,54,14,12,17,57,61,24,1995,42,championship
16,Port Vale,54,14,12,17,54,60,24,1995,42,championship
17,West Bromwich Alb.,54,15,9,19,47,53,24,1995,42,championship
18,Oldham Athletic,53,14,11,17,53,55,24,1995,42,championship
19,Sunderland,52,12,16,16,38,42,24,1995,42,championship
20,Portsmouth,50,13,11,18,47,60,24,1995,42,championship
21,Swindon Town,44,11,11,18,47,61,24,1995,42,championship
22,Bristol City,44,11,11,21,40,59,24,1995,42,championship
23,Burnley,44,11,11,20,46,67,24,1995,42,championship
24,Notts County,36,8,12,21,42,57,24,1995,42,championship
1,Middlesbrough,75,21,12,9,60,37,24,1995,43,championship
2,Reading,75,22,9,11,56,40,24,1995,43,championship
3,Wolves,73,20,13,12,76,61,24,1995,43,championship
4,Tranmere Rovers,69,20,9,13,57,52,24,1995,43,championship
5,Barnsley,66,18,12,12,54,42,24,1995,43,championship
6,Watford,66,18,12,11,47,37,24,1995,43,championship
7,Derby County,63,17,12,14,61,45,24,1995,43,championship
8,Grimsby Town,62,16,14,13,59,48,24,1995,43,championship
9,Sheffield United,60,15,15,12,66,51,24,1995,43,championship
10,Bolton Wanderers,60,16,12,11,54,42,24,1995,43,championship
11,Stoke City,60,15,15,15,47,53,24,1995,43,championship
12,Millwall,59,15,14,15,56,56,24,1995,43,championship
13,Southend United,59,17,8,18,52,69,24,1995,43,championship
14,Charlton Athletic,58,16,10,18,56,63,24,1995,43,championship
15,Port Vale,55,14,13,17,55,61,24,1995,43,championship
16,West Bromwich Alb.,55,15,10,19,49,55,24,1995,43,championship
17,Oldham Athletic,54,14,12,17,54,56,24,1995,43,championship
18,Luton Town,54,14,12,18,59,64,24,1995,43,championship
19,Sunderland,53,12,17,16,40,44,24,1995,43,championship
20,Portsmouth,51,13,12,18,48,61,24,1995,43,championship
21,Swindon Town,48,12,12,18,51,62,24,1995,43,championship
22,Bristol City,45,11,12,21,41,60,24,1995,43,championship
23,Burnley,45,11,12,20,47,68,24,1995,43,championship
24,Notts County,37,8,13,22,43,61,24,1995,43,championship
1,Reading,78,23,9,11,58,41,24,1995,44,championship
2,Middlesbrough,75,21,12,9,60,37,24,1995,44,championship
3,Wolves,73,20,13,12,76,61,24,1995,44,championship
4,Watford,69,19,12,11,49,38,24,1995,44,championship
5,Tranmere Rovers,69,20,9,13,57,52,24,1995,44,championship
6,Barnsley,66,18,12,12,54,42,24,1995,44,championship
7,Derby County,63,17,12,15,62,47,24,1995,44,championship
8,Grimsby Town,62,16,14,13,59,48,24,1995,44,championship
9,Sheffield United,60,15,15,12,66,51,24,1995,44,championship
10,Bolton Wanderers,60,16,12,11,54,42,24,1995,44,championship
11,Stoke City,60,15,15,15,47,53,24,1995,44,championship
12,Millwall,59,15,14,15,56,56,24,1995,44,championship
13,Southend United,59,17,8,18,52,69,24,1995,44,championship
14,Charlton Athletic,58,16,10,19,57,65,24,1995,44,championship
15,Port Vale,55,14,13,17,55,61,24,1995,44,championship
16,West Bromwich Alb.,55,15,10,19,49,55,24,1995,44,championship
17,Oldham Athletic,54,14,12,17,54,56,24,1995,44,championship
18,Luton Town,54,14,12,18,59,64,24,1995,44,championship
19,Sunderland,53,12,17,16,40,44,24,1995,44,championship
20,Portsmouth,51,13,12,18,48,61,24,1995,44,championship
21,Swindon Town,48,12,12,18,51,62,24,1995,44,championship
22,Bristol City,45,11,12,21,41,60,24,1995,44,championship
23,Burnley,45,11,12,20,47,68,24,1995,44,championship
24,Notts County,37,8,13,22,43,61,24,1995,44,championship
1,Middlesbrough,82,23,13,10,67,40,24,1995,46,championship
2,Reading,79,23,10,13,58,44,24,1995,46,championship
3,Bolton Wanderers,77,21,14,11,67,45,24,1995,46,championship
4,Wolves,76,21,13,12,77,61,24,1995,46,championship
5,Tranmere Rovers,76,22,10,14,67,58,24,1995,46,championship
6,Barnsley,72,20,12,14,63,52,24,1995,46,championship
7,Watford,70,19,13,14,52,46,24,1995,46,championship
8,Sheffield United,68,17,17,12,74,55,24,1995,46,championship
9,Derby County,66,18,12,16,66,51,24,1995,46,championship
10,Grimsby Town,65,17,14,15,62,56,24,1995,46,championship
11,Stoke City,63,16,15,15,50,53,24,1995,46,championship
12,Millwall,62,16,14,16,60,60,24,1995,46,championship
13,Southend United,62,18,8,20,54,73,24,1995,46,championship
14,Oldham Athletic,61,16,13,17,60,60,24,1995,46,championship
15,Charlton Athletic,59,16,11,19,58,66,24,1995,46,championship
16,Luton Town,58,15,13,18,61,64,24,1995,46,championship
17,Port Vale,58,15,13,18,58,64,24,1995,46,championship
18,West Bromwich Alb.,58,16,10,20,51,57,24,1995,46,championship
19,Portsmouth,58,15,13,18,53,63,24,1995,46,championship
20,Sunderland,54,12,18,16,41,45,24,1995,46,championship
21,Swindon Town,48,12,12,22,54,73,24,1995,46,championship
22,Burnley,46,11,13,22,49,74,24,1995,46,championship
23,Bristol City,45,11,12,23,42,63,24,1995,46,championship
24,Notts County,40,9,13,24,45,66,24,1995,46,championship
