Team,City,Country,Stadium,Address,Capacity,Pitch,Link_Stadium
1860 München,München,Germany,Grünwalder Stadion,"Grünwalder Str. 2-4, 81547 München",75000,Natural,
AC Arezzo,Toscana,Italy,,,"13,128",Grass,/wiki/Stadio_Citt%C3%A0_di_Arezzo
AC Monza,"Monza, Italy",Italy,Stadio Comunale Brianteo,Via Franco Tognini,18568,Natural,/wiki/Stadio_Brianteo
ADO Den Haag,La Haya,Netherlands,Kyocera Stadion,Haags Kwartier 55,15000,Natural,
AFC Bournemouth,Bournemouth,England,Vitality Stadium,"Dean Court, Kings Park",12000,Natural,
AGOVV Apeldoorn,Apeldoorn,Netherlands,,,3259,,/wiki/Sportpark_Berg_%26_Bos
AS Gubbio 1910,"Gubbio, Italy",Italy,Stadio Pietro Barbetti,Via Parruccini - 06024 Gubbio,4160,natural,/wiki/Stadio_Pietro_Barbetti
AZ Alkmaar,Alkmaar,Netherlands,AFAS Stadion,Stadionweg 1,17023,Natural,
Academico Viseu,"Viseu, Portugal",Portugal,Estádio Municipal do Fontelo,Avenida José Relvas,14368,Natural,/wiki/Est%C3%A1dio_do_Fontelo
Académica,Coimbra,Portugal,Estádio Cidade de Coimbra,Rua Dom Manuel I,30075,Natural,
Achilles 29,Groesbeek,Netherlands,Sportpark De Heikant,Cranenburgsestraat 33 A,4500,Natural,
Acireale,Acireale,Italy,,,,,
Ajaccio,Ajaccio,France,Stade François Coty,Ancienne route de Sartène Zone Industrielle du Vazzio,10660,Natural,
Ajax,Ámsterdam,Netherlands,Johan Cruyff Arena,ArenA Boulevard 1,53052,Natural,
Alavés,Vitoria,Spain,Mendizorroza,"Cervantes Ibilbidea, s/n, 01007 Vitoria-Gasteiz, Araba",19940,Natural,
Albacete,Albacete,Spain,Carlos Belmonte,Avenida de España s/n,17200,Césped natural,
AlbinoLeffe,Bérgamo,Italy,Stadio Atleti Azzurri d'Italia,"Viale Caio Giulio Cesare, 18",24726,Natural,
Alcorcón,Alcorcón,Spain,Santo Domingo,Avda. Pablo Iglesias s/n,5000,Natural,
Alcoyano,Alcoy,Spain,El Collao,"C/ Oliver, s/n",4850,Natural,
Alemannia Aachen,Aachen,Germany,Neuer Tivoli,Sonnenweg 11,32960,cesped natural,
Algeciras,Algeciras,Spain,Nuevo Mirador,Poligono de la Menacha,8209,Césped natural,
Alicante,Alicante,Spain,,,,,
Almere City,Almere,Netherlands,Mitsubishi Forklift-Stadion,"Competitieweg 20 1318EA, Almere",2500,Césped Artificial,
Almería,Almería,Spain,Juegos del Mediterráneo,Calle de Belladona,15200,Natural,
Alverca,Alverca,Portugal,Complexo Desportivo do FC Alverca,,15000,,
AlzanoCene,Alzano Lombardo,Italy,,,1900,,
Amiens SC,Amiens,France,Stade de la Licorne,Rue du Chapitre,12097,Natural,
Ancona,Ancona,Italy,,,,,
Angers SCO,Angers,France,Stade Raymond-Kopa,"73, boulevard Jacques Portet 49002 Angers",17835,AirFibr ,/wiki/Stade_Raymond_Kopa
Arles,Arles,France,,,,,
Arminia Bielefeld,Bielefeld,Germany,SchücoArena,Melanchthonstraße 31a 33615 Bielefeld,27300,Natural,
Arouca,Arouca,Portugal,Estádio Municipal de Arouca,Afonso Pinto Magalhães Valdasna,2500,Natural,
Arsenal,Londres,England,Emirates Stadium,Queensland Road,60355,Natural,
Ascoli,Ascoli Piceno,Italy,Stadio Cino e Lillo Del Duca,"Via delle Zeppelle, 1",20853,Natural,
Aston Villa,"Birmingham, Inglaterra",England,Villa Park,Trinity Road,42788,Natural,
At. Malagueño,Málaga,Spain,Ciudad Deportiva de la Federación Malagueña,"Calle Max Estrella S/N, Malaga",2000,Césped natural,
Atalanta,"Bérgamo, Italia",Italy,Stadio Atleti Azzurri d'Italia,"Viale Caio Giulio Cesare, 18",24726,Natural,
Athletic,Bilbao,Spain,San Mamés,"Rafael Moreno Pitxitxi Kalea, s/n, 48013 Bilbao, Bizkaia",53332,Natural,
Atlético,Madrid,Spain,Wanda Metropolitano,"Avenida Luis Aragonés, 4",68000,Natural,
Atlético B,Madrid,Spain,Cerro del Espino,"Carretera de Pozuelo, S/N",3900,Césped natural,
Atlético CP,Lisboa,Portugal,Estádio da Tapadinha,"Rua Prof. Viera Natividade, Alcântara",10000,Natural,
Atlético Marbella,"Marbella, Spain",Spain,,,"7,300",,/wiki/Estadio_Municipal_de_Marbella
Auxerre,Auxerre,France,Stade de l'Abbé Deschamps,Route de Vaux,23467,Natural,
Avellino,Avellino,Italy,Stadio Partenio,"Contrada Zoccolari, 1",10215,Natural,
B. Dortmund,Dortmund,Germany,Signal Iduna Park,Strobelalle 50,81359,Natural,
B. Leverkusen,Leverkusen,Germany,BayArena,Bismarckstr. 122-124 51373 Leverkusen,30210,Natural,
BV Veendam ,"Veendam, Netherlands",Netherlands,,,"6,500",,/wiki/De_Langeleegte
Barcelona,Barcelona,Spain,Camp Nou,Avda. Arístides Maillol s/n 08028 Barcelona,99787,Natural,
Barcelona B,Barcelona,Spain,Estadio Johan Cruyff,,6000,Natural,
Barnsley,Barnsley,England,Oakwell Stadium,Grove Street,23009,Natural,
Bastia,"Bastia, Francia",France,Stade Armand Césari,Route du Stade,16078,Natural,
Bayern München,München,Germany,Allianz Arena,Werner-Heisenberg-Allee 25,75000,Natural,
Bayreuth SpVgg,Bayreuth,Germany,,,,,
Beauvais Oise,Beauvais,France,Stade Pierre-Brisson,"171, avenue Marcel Dassault 60000 Beauvais",10000,,
Beira Mar SC,Aveiro,Portugal,Municipal de Aveiro,,30000,,
Belenenses,Lisboa,Portugal,Estádio do Restelo,"Avenida da Ilha da Madeira, Santa Maria de Belém",32500,Natural,
Benevento,Benevento,Italy,Stadio Ciro Vigorito,Piazzale degli Atleti,18900,Natural,
Benfica,Lisboa,Portugal,Estádio da Luz,Rua José Maria Nicolau,65647,Natural,
Benfica II,Lisboa,Portugal,Caixa Futebol Campus,Av. General Norton de Matos Apartado 4100 1501-805 Lisboa,2720,Natural,
Besancon RC,Besançon,France,Stade Léo-Lagrange,"15, avenue Léo Lagrange, 25000",15000,Grass,/wiki/Stade_L%C3%A9o_Lagrange
Bilbao Ath.,Bilbao,Spain,Instalaciones de Lezama,"Garaioltza Auzoa, 147 48196 Lezama, Vizcaya",2500,Natural,
Birmingham City,Birmingham,England,St. Andrew's Stadium,St. Andrew's Road,30009,Natural,
Blackburn Rovers,Blackburn,England,Ewood Park,Nuttall Street,31367,Natural,
Blackpool,Blackpool,England,Bloomfield Road,Seasiders Way,17625,Natural,
Blau-Weiß 1890 B.,Berlin,Germany,,,,,
Boavista,Oporto,Portugal,Bessa Século XXI,Rua O Primeiro de Janeiro Estádio do Bessa Século XXI 4100 PORTO,30000,Natural,
Bologna,"Bolonia, Italia",Italy,Stadio Renato Dall'Ara,"Via Andrea Costa, 174",36532,Natural,
Bolton Wanderers,Bolton,England,Reebok Stadium,Burnden Way,28723,Natural,
Boulogne,Boulogne-sur-Mer,France,Stade de la Libération,Boulevard Eurvin,15242,Natural,
Bourg-PÃ©ronnas,Péronnas,France,Stade Muncipal de Péronnas,"1, rue de Stade",2541,Natural,
Bourg-Péronnas,"Bourg-en-Bresse, Ain, France",France,Stade Muncipal de Péronnas,"1, rue de Stade",2541,Natural,/wiki/Stade_Marcel-Verch%C3%A8re
Bradford City,Bradford,England,Coral Windows Stadium,Valley Parade,25136,Natural,
Braunschweig,Braunschweig,Germany,Eintracht-Stadion,Hamburger Straße 210 38112 Braunschweig,23325,Natural,
Brentford,Brentford,England,Griffin Park,"Braemar Road, London Borough of Hounslow",12763,Natural,
Brescia,Brescia,Italy,Stadio Mario Rigamonti,"Via Giovanni Novagani, 8",27547,Natural,
Brighton Hove Alb.,Brighton,England,The American Express Community Stadium,Village Way,30750,Natural,
Bristol City,Bristol,England,Ashton Gate Stadium,Ashton Road,21497,Natural,
Bristol Rovers,Bristol,England,Memorial Stadium,"Filton Avenue, Horfield",11916,Natural,
Burgos,Burgos,Spain,Municipal de El Plantío,"Calle de la Cruz Roja, s/n",12200,Césped Natural,
Burnley,Burnley,England,Turf Moor,Harry Potts Way,22546,Natural,
Burton Albion,Burton,England,Pirelli Stadium,Princess Way,6912,Natural,
Bury,Greater Manchester,England,,,,,
BÃ©ziers,Béziers,France,Stade de Sauclières,,12000,,
Béziers,Béziers,France,Stade de Sauclières,,12000,,
CA Bastia,Furiani,France,,,"16,048",Grass,/wiki/Stade_Armand_Cesari
CD Badajoz,"Badajoz, Extremadura, Spain",Spain,,,"14,175",natural grass,/wiki/Estadio_Nuevo_Vivero
CD Castellón,Castellon de la Plana,Spain,Municipal de Castalia,"Calle Huesca, S/N",15700,Cesped natural,
CD Guadalajara,Guadalajara,Spain,Pedro Escartín,"Calle de Julián Besteiro, 14",5000,Natural,
CD Logroñés,Logroño,Spain,,,"16,000",Grass,/wiki/Estadio_Las_Gaunas
CD Málaga,Málaga,Spain,,,"30,044",Grass,/wiki/Estadio_La_Rosaleda
CD Ourense,Ourense,Spain,,,,,/w/index.php?title=Estadio_O_Couto&action=edit&redlink=1
CD Santa Clara,Ponta Delgada,Portugal,Estádio de São Miguel,Rua Comandante Jaime de Sousa 21,13277,Natural,/wiki/Est%C3%A1dio_de_S%C3%A3o_Miguel_(Ponta_Delgada)
CD Toledo,Toledo,Spain,Municipal Salto del Caballo,"Av. Salto del Caballo s/n 45003, Toledo",5500,Césped natural,
CF Extremadura,"Almendralejo, Spain",Spain,,,"11,580",grass,/wiki/Estadio_Francisco_de_la_Hera
Caen,"Caen, Basse-Normandie",France,Stade Michel d'Ornano,"23, boulevard Georges Pompidou 14052 Caen",21215,Natural,
Cagliari,Cagliari,Italy,Sardegna Arena,Via Ludwig Van Beethoven,16200,Natural,
Calcio,Foggia,Italy,,,,,
Calcio Foggia,Foggia,Italy,,,25085,Grass,
Cambridge United,Cambridge,England,The R Costings Abbey Stadium,Newmarket Road,10847,Natural,
Cambuur,Leeuwarden,Netherlands,Cambuurstadion,Cambuurplein 44,10000,Natural,
Campomaiorense,"Campo Maior, Portugal",Portugal,,,,,"/wiki/Campo_Maior,_Portugal"
Cannes,Cannes,France,Stade Pierre de Coubertin,Avenue Pierre Poési La Bocca 06150 Cannes,12800,,
Cardiff City,Cardiff,Wales,Cardiff City Stadium,Leckwith Road,28016,Natural,
Carl Zeiss Jena,Jena,Germany,Ernst-Abbe-Sportfeld,"Oberaue 3, 7745 Jena",16000,Grass,
Carpi,"Carpi, Italia",Italy,Stadio Sandro Cabassi,"Via Carlo Marx, 26",4164,Natural,
Carregado,Carregado,Portugal,,,,,
Casa Pia,Lisboa,Portugal,,,,,
Castel Sangro,Castel di Sangro,Italy,,,7220,Grass,
Castel di Sangro,Castel di Sangro,Italy,,,,,
Catania,Catania,Italy,Stadio Angelo Massimino,Piazza Vincenzo Spedini,23420,Natural,
Catanzaro,Catanzaro,Italy,Stadio Nicola Ceravolo,Via Francesco Paglia,14650,Natural,
Celta,Vigo,Spain,Abanca Balaídos,Avenida de Balaídos,28700,Natural,
Cesena,Cesena,Italy,Stadio Dino Manuzzi,"Via dello Stadio, 124",24026,Césped Artificial,
Chambly,Chambly,France,Stade des Marais,Quartier du Mesnil-Saint-Martin 60230 Chambly,1000,,
Charleville,Charleville-M�zi�res,France,,,,,
Charlton Athletic,Londres,England,The Valley,"Floyd Road, Charlton",27111,Natural,
Chateauroux,Châteauroux,France,Stade Gaston Petit,Avenue de La Châtre,17072,Césped Artificial,
Chaves,Chaves,Portugal,Estádio Municipal Eng. Manuel Branco Teixeira,Avenida do Estádio Municipal,12000,Natural,
Chelsea,Londres,England,Stamford Bridge,Fulham Road,41841,Natural,
Chemnitzer,Chemnitz,Germany,,,16061,Grass,
Chievo,"Verona, Italia",Italy,Stadio Marc'Antonio Bentegodi,Piazzale Olimpia,44799,Natural,
Cittadella,Cittadella,Italy,Stadio Pier Cesare Tombolato,"Viale dello Sport, 7",7623,Natural,
Ciudad de Murcia,Murcia,Spain,,,"6,500",grass,/wiki/Estadio_de_La_Condomina
Clermont,Clermont-Ferrand,France,Stade Gabriel Montpied,Rue Adrien-Mabut,10363,Natural,
Colchester United,Colchester,England,Weston Homes Community Stadium,United Way,10083,Natural,
Como,Como,Italy,Stadio Giuseppe Sinigaglia,"Via Giuseppe Sinigaglia, 3",13602,Natural,
Compostela,Santiago de Compostela,Spain,Estadio Municipal Vero Boquete de San Lázaro,"Avenida de Fernando de Casas Nova, San Lázaro",13000,Césped Natural,
Cosenza Calcio,"Cosenza, Italy",Italy,,,"20,987",Grass,/wiki/Stadio_San_Vito-Gigi_Marulla
Cova Piedade,Piedade,Portugal,Estádio Municipal José Martins Vieira,,3500,,
Coventry City,Coventry,England,City of Coventry Stadium,"Phoenix Way, Rowleys Green",32609,Natural,
Cremonese,Cremona,Italy,Stadio Giovanni Zini,"Via Persico, 19",20034,Natural,
Creteil,"rue vasco de gama, cretiel",France,Stade Dominique Duvauchelle,Rue Dominique Duvauchelle,12050,Natural,
Crewe Alexandra,Crewe,England,Alexandra Stadium,Gresty Road,10153,Natural,
Crotone,Crotone,Italy,Ezio Scida,Via Cutro,16640,Natural,
Crystal Palace,"Londres, Inglaterra",England,Selhurst Park,Holmesdale Road,26309,Natural,
Cultural Leonesa,León,Spain,Municipal Reino de León,Paseo Sáenz de Miera 24009 León,13451,Césped Natural,
Cádiz,Cádiz,Spain,Nuevo Ramón de Carranza,"Plaza de Madrid, s/n 11010 Cádiz",25033,Césped natural,
Córdoba,Córdoba,Spain,Municipal Nuevo Arcángel,Estadio Municipal 'Nuevo Arcángel' Avda del Arcángel s/n,21822,Natural,
Darmstadt 98,Darmstadt,Germany,Merck-Stadion am Böllenfalltor,Nieder-Ramstädter Straße 170 64285 Darmstadt,17000,Natural,
De Graafschap,Doetinchem,Netherlands,Stadion De Vijverberg,Lijsterbeslaan 101a,12600,Natural,
Den Bosch,Hertogenbosch,Netherlands,BrainWash Stadion De Vliert,"victorialaan 21, 5213JG, Hertogenbosch",9000,Natural,
Deportivo,La Coruña,Spain,Municipal Riazor,Calle Manuel Murguía,34600,Natural,
Derby County,Derby,England,iPro Stadium,"Pride Park, Royal Way",33597,Natural,
Desportivo Aves,Vila das Aves,Portugal,Estádio Clube Desportivo das Aves,"Rua Luis Gonzaga Mendes Carvalho, 265 4795-080",8560,Natural,
Dijon FCO,Dijon,France,Stade Gaston Gérard,"9, rue Ernest Champaux 21000 Dijon",15995,Natural,
Doncaster Rovers,Doncaster,England,Keepmoat Stadium,"Stadium Way, Lakeside",15231,Natural,
Dordrecht,Dordrecht,Netherlands,GN Bouw Stadion,Krommedijk 210,4088,Césped Artificial,
Dunkerque,Dunkerque,France,Stade Marcel-Tribut,Avenue de Rosendaël,4200,Natural,
Dynamo Dresden,Dresden,Germany,DDV-Stadion,Lennéstraße 12 1069 Dresden,32066,Natural,
ES Wasquehal,Wasquehal,France,Complexe Sportif Lucien Montagne,11 Rue du Molinel 59290,500,,/wiki/Wasquehal
Eibar,Eibar,Spain,Municipal de Ipurua,Calle de Ipurua,8164,Natural,
Eintracht,Frankfurt am Main,Germany,Commerzbank-Arena,Mörfelder Landstraße 362 60528 Frankfurt am Main,52300,Natural,
Eintracht Trier,Tréveris,Germany,,,"10,256",Grass,/wiki/Moselstadion
Elche,Elche,Spain,Martínez Valero,"Avda. Manuel Martínez Valero, 3",33732,Natural,
Emmen,Emmen,Netherlands,Univé Stadion,"Stadionpein 1, 7825SG Emmen",8600,Natural,
Empoli,Empoli,Italy,Carlo Castellani,Via de Pianezzoli 50053 Empoli,21113,Natural,
Energie Cottbus,Cottbus,Germany,"Stadion der Freundschaft, Cottbus",Am Eliaspark 1,22528,Natural,
Erzgebirge Aue,Aue,Germany,Sparkassen-Erzgebirgsstadion,Lößnitzer Straße 95 8280 Aue,15690,Natural,
Espanyol,Cornellá de Llobregat,Spain,RCDE Stadium,"Avinguda Baix Llobregat, 100 08940 Cornellà de Llobregat",40423,Natural,
Espinho,Espinho,Portugal,,,,,
Esposende,Esposende,Portugal,,,,,
Estoril,Estoril,Portugal,Estádio António Coimbra da Mota,Rua Dom Bosco,8000,Natural,
Estrela Amadora,Amadora,Portugal,,,"9,288",Grass,/wiki/Est%C3%A1dio_Jos%C3%A9_Gomes
Everton,Liverpool,England,Goodison Park,Goodison Road,40569,Natural,
Evian Thonon Gail.,Annecy,France,Parc des Sports,Rue Pierre de Coubertin,15660,Natural,
Excelsior,Rótterdam,Netherlands,Stadion Woudestein,Honingerdijk 110,3541,Césped Artificial,
Extremadura,Almendralejo,Spain,Francisco de la Hera,"Carretera de Sevilla, 16 06200 – Almendralejo (Badajoz)",11580,Césped natural,
F.C. Cartagena,Cartagena,Spain,Cartagonova,"Cartagena, Región de Murcia, España",15105,Césped natural,
FC 08 Homburg,Homburg,Germany,,,"16,488",,/wiki/Waldstadion_Homburg
FC Augsburg,Augsburg,Germany,WWK Arena,Bürgermeister Ulrich-Straße 90,30662,Natural,
FC Barreirense,Barreiro,Portugal,,,,,/w/index.php?title=Campo_da_Verderena&action=edit&redlink=1
FC Cartagena,Cartagena,Spain,Cartagonova,"Cartagena, Región de Murcia, España",15105,Césped natural,
FC Eindhoven,Eindhoven,Netherlands,Jan Louwers Stadion,Charles Roelslaan 1,5400,Natural,
FC Felgueiras,Felgueiras,Portugal,,,,,"/wiki/Felgueiras,_Portugal"
FC Gueugnon,Gueugnon,France,Stade Jean Laville,"16, rue Pasteur 71130",13872,grass,/wiki/Stade_Jean_Laville
FC Maia,Cidade da Maia,Portugal,,,,,/wiki/Maia_(city)
FC Marco,Marco de Canaveses,Portugal,,,,,/wiki/Marco_de_Canaveses_Municipality
FC Martigues,Martigues,France,Stade Francis Turcan,"29, Chemin de Paradis 13500",11500,grass,/wiki/Stade_Francis_Turcan
FC Mulhouse,Mulhouse,France,Stade de l'Ill,"45, Boulevard Stoessel",11303,Grass,/wiki/Stade_de_l%27Ill
FC Omniworld,Almere,Netherlands,,,"4,501",Grass,/wiki/Yanmar_Stadion
FC Remscheid,Remscheid,Germany,,,"12,463",Grass,/wiki/Thorsten_Legat
FC Rouen 1899,Rouen,France,,"48, avenue des Canadiens 76140 Le Petit-Quevilly","12,018",Grass,/wiki/Stade_Robert_Diochon
FC Savoia 1908,Savoia,Italy,,,,,https://it.wikipedia.org/wiki/Stadio_Alfredo_Giraud
FC St. Pauli,Hamburg,Germany,Millerntor-Stadion,Auf dem Heiligengeistfeld 20359 Hamburg,29546,Natural,
FC Volendam,Volendam,Netherlands,Kras Stadion,"Spotlaan 10, 1131BK, Volendam",6984,Natural,
FSV Frankfurt,"Frankfurt am Main, Germany",Germany,Frankfurter Volksbank Stadion,Am Erlenbruch 1,10826,Natural,/wiki/Stadion_Am_Bornheimer_Hang
Fafe,Fafe,Portugal,,,,,
Famalicão,Famalicão,Portugal,Estádio Municipal 22 de Junho,,8000,,
Farense,Faro,Portugal,Estádio de São Lúis,Rua do Sporting Club Farense,12000,Natural,
Fatima,Fatima,Portugal,Papa Francisco,,1545,,
Feirense,Santa Maria da Feira,Portugal,Estádio Marcolino de Castro,Avenida 25 de Abril 14,4667,Natural,
Fermana,Fermana,Italy,,,,,
Feyenoord,Rótterdam,Netherlands,Stadion Feijenoord,Van Zandvlietplein 1,51777,Natural,
Fidelis Andria,"Andria, Italy  ",Italy,,,"9,140",Grass,/wiki/Stadio_Degli_Ulivi
Fiorentina,"Firenze, Italia",Italy,Stadio Artemio Franchi,Viale Manfredo Fanti 14,47290,Natural,
Fortuna,Düsseldorf,Germany,ESPRIT arena,"Arena-Straße 1, 40474 Düsseldorf",54500,Natural,
Fortuna Köln,"Cologne, Germany",Germany,Südstadion,Am Vorgebirgstor 2 50969 Köln,14944,Natural,/wiki/S%C3%BCdstadion
Fortuna Sittard,Sittard,Netherlands,Offermans Joosten stadion,"Milaanstraat 120, 6135 LH Sittard",12500,Natural,
Frosinone,Frosinone,Italy,stadio Benito Stirpe,"Viale Olimpia, 03100, Frosinone FR, italia",16227,Natural,
Fuenlabrada,Fuenlabrada,Spain,Fernando Torres,"Camino del Molino, s/n",6000,Natural,
Fulham,Londres,England,Craven Cottage,Stevenage Road,25700,Natural,
Gallipoli ,Gallipoli,Italy,,,5000,Artificial,
GazÃ©lec Ajaccio,"Ajaccio, Corsica",France,Stade Municipal Ange Casanova Stiletto,"Route de Mezzavia, Mezzavia",4229,Natural,
Gazélec Ajaccio,"Ajaccio, Corsica",France,Stade Municipal Ange Casanova Stiletto,"Route de Mezzavia, Mezzavia",4229,Natural,
Genoa,"Génova, Italia",Italy,Stadio Comunale Luigi Ferraris,"Via Giovanni De Prà, 1",36703,Natural,
Getafe,Getafe,Spain,Coliseum Alfonso Pérez,Avenida de Teresa de Calcuta,17700,Natural,
Gil Vicente,Barcelos,Portugal,Estádio Cidade de Barcelos,"strada Nacional 103, Vila Boa",12374,Natural,
Gillingham,Gillingham,England,KRBS Priestfield Stadium,Redfern Avenue,11582,Natural,
Gimnàstic,Tarragona,Spain,Nou Estadi,"Camino de la Budallera, s/n",14591,Natural,
Girona,Girona,Spain,Montilivi,"Avenida Montilivi, 141",11056,Natural,
Girondins Bordeaux,Bordeaux,France,Stade Matmut-Atlantique,"Cours Jules Ladoumègue, 33300 Bordeaux",42115,Natural,
Go Ahead Eagles,Deventer,Netherlands,De Adelaarshorst,Vetkampstraat 1,10000,Natural,
Gondomar,Gondomar,Portugal,San Miguel,,2450,,
Granada,Granada,Spain,Nuevo Los Cármenes,"Calle Pintor Manuel Maldonado, s/n, 18007, Granada",19336,Natural,
Granada 74,Granada,Spain,,,4400,,/w/index.php?title=Estadio_La_Victoria_de_Pinos_Puente&action=edit&redlink=1
Grenoble,Grenoble,France,Des Alpes,Avenue de Valmy,20068,Natural,
Greuther Fürth,Fürth,Germany,Sportpark Ronhof Thomas Sommer,Laubenweg 60 90765 Fürth,18000,Natural,
Grimsby Town,Grimsby,England,Blundell Park,Blundell Park,9546,Grass,/wiki/Blundell_Park
Groningen,Groninga,Netherlands,Euroborg,Boumaboulevard 41,22579,Natural,
Grosseto,Grosseto,Italy,Stadio Olimpico Carlo Zecchini,"Via Veterani dello Sport, 6",9779,Natural,
Guingamp,Guingamp,France,Stade du Roudourou,"15, boulevard Clémenceau 22202 Guingamp",18363,Natural,
Gutersloh,Gutersloh,Germany,,,,,
HFC Haarlem ,Haarlem,Netherlands,,,"3,442",grass,/wiki/Haarlem_Stadion
Hallescher FC,"Halle, Germany",Germany,ERDGAS Sportpark,Kantstraße 2,15057,Natural,/wiki/Erdgas_Sportpark
Hamburger SV,Hamburg,Germany,Volksparkstadion,"Sylvesterallee 7, 22525",57030,Natural,
Hannover 96,Hannover,Germany,HDI-Arena,"Robert-Enke-Straße 1, 30169 Hannover",49000,Natural,
Hansa Rostock,Rostock,Germany,DKB Arena,Kopernikusstraße 17,29000,Natural,
Havelse,Havelse,Germany,Wilhelm-Langrehr-Stadion,Hannoversche Straße 90-92,6000,Natural,
Heerenveen,Heerenveen,Netherlands,Abe Lenstra Stadion,Abe Lenstra Boulevard 23Q,26800,Natural,
Heidenheim,Heidenheim an der Brenz,Germany,Voith-Arena,Schloßhaustr. 162 89522 Heidenheim an der Brenz,15000,Natural,
Hellas Verona,Verona,Italy,Stadio Marc'Antonio Bentegodi,Piazzale Olimpia,44799,Natural,
Helmond Sport,Helmond,Netherlands,Lavans Stadion,Sportpark De Braak 7,4142,Natural,
Heracles,Almelo,Netherlands,Polman Stadion,Stadionlaan 1,8500,Césped Artificial,
Hertha BSC,Berlín,Germany,Olympiastadion Berlin,Olympischer Platz 3,76065,Natural,
Hessen Kassel,Hessen,Germany,,,"18,737",grass,/wiki/Auestadion
Hoffenheim,Sinsheim,Germany,WIRSOL Rhein-Neckar-Arena,Dietmar-Hopp-Straße 1,21000,Natural,
Holstein Kiel,Kiel,Germany,Holstein-Stadion,Westring 501,11522,Natural,
Huddersfield Town,Huddersfield,England,The John Smith's Stadium,Stadium Way,24554,Natural,
Huesca,Huesca,Spain,El Alcoraz,"Camino Cocoron, s/n 22004 Huesca",7638,Natural,
Hull City,Kingston upon Hull,England,Kingston Communications Stadium,Walton Street / Anlaby Road,25504,Natural,
Hércules,Alicante,Spain,José Rico Pérez,"C/ Foguerer Romeu Zarandieta, s/n",29500,Natural,
Imortal,Albufeira,Portugal,,,3500,,
Ingolstadt 04,Ingolstadt,Germany,Audi-Sportpark,Geisenfelder Straße 1 85053 Ingolstadt,15729,NATURAL,
Inter,"Milano, Italia",Italy,Stadio Giuseppe Meazza,Via Piccolomini 5,82995,Natural,
Ipswich Town,Ipswich,England,Portman Road Stadium,Portman Road,30311,Natural,
Istres,Istres,France,Stade Parsemain,Route Nationale 569,17363,Natural,
Jahn Regensburg,Ratisbona,Germany,Städtisches Jahnstadion,Prüfeningerstraße 57a,12500,Natural,
Jong AZ,Alkmaar,Netherlands,,,,,/w/index.php?title=Sportcomplex_Kalverhoek&action=edit&redlink=1
Jong Ajax,Amsterdam,Netherlands,Sportpark De Toekomst,"Borchlandweg 16-18, Zuidoost",5000,Natural,
Jong PSV,Eindhoven,Netherlands,Sportcomplex De Herdgang,Oirschotsedijk 12,2500,Natural,
Jong Twente,Enschede,Netherlands,,,"30,205",Grass,/wiki/De_Grolsch_Veste
Jong Utrecht,Utrecht,Netherlands,,,,,
Juve Stabia,"Castellammare di Stabia, Italy ",Italy,Stadio Comunale Romeo Menti,"Via G. Cosenza, 283",7642,Césped Artificial,/wiki/Stadio_Romeo_Menti_(Castellammare_di_Stabia)
Juventus,"Turín, Italia",Italy,Juventus Stadium,Strada Comunale di Altessano 131,41000,Natural,
KFC Uerdingen 05,Uerdingen,Germany,,,"34,500",grass,/wiki/Grotenburg-Stadion
Kaiserslautern,Kaiserslautern,Germany,Fritz-Walter-Stadion,Fritz-Walter-Straße 1 67663 Kaiserslautern,49780,Natural,
Karlsruher SC,Karlsruhe,Germany,Wildparkstadion,Adenauerring 17 76131 Karlsruhe,29699,Natural,
Kickers Offenbach,Offenbach,Germany,Bieberer Berg Stadion,Bieberer Straße 282 63071 Offenbach,25200,Césped,
Köln,Köln,Germany,RheinEnergieStadion,Aachener Straße 999 50933 Köln,49968,Natural,
Las Palmas,Las Palmas de Gran Canaria,Spain,Gran Canaria,Calle Fondos del Segura s/n,32400,Natural,
Latina,Latina,Italy,Stadio Comunale Domenico Francioni,Piazzale Prampolini 4,8000,Natural,
Lazio,"Roma, Italia",Italy,Stadio Olimpico,"Viale dei Gladiatori, 2 / Via del Foro Italico",82656,Natural,
Le Havre,Havre,France,Stade Océane,Boulevard de Léningrad,25178,Natural,
Le Mans,Mulsanne,France,MMArena,Chemin Aux Boeufs,25064,Natural,
Lecce,Lecce,Italy,Stadio Via del Mar,Viale dello Stadio,36285,Natural,
Leeds United,Leeds,England,Elland Road,Elland Road,40204,Natural,
Leganés,Leganés,Spain,Municipal de Butarque,"C/ Arquitectura, s/n",11454,Césped natural,
Leicester,Leicester,England,King Power Stadium,Eastern Boulevard,32500,Natural,
Leixões,Matosinhos,Portugal,Estádio do Mar,Lugar da Cruz de Pau 4450 Matosinhos,9730,Natural,
Lens,Lens,France,Stade Bollaert-Delelis,Avenue Alfred Maës 62300 Lens,38223,Natural,
Levante,Valencia,Spain,Ciutat de Valencia,Calle San Vicente de Paúl 44,25354,Natural,
Leça FC,Leça,Portugal,,,"12,000",,/wiki/Est%C3%A1dio_do_Le%C3%A7a_FC
Libourne Saint Se.,Libourne,France,,,,,
Lille,Lille,France,Stade Pierre-Mauroy,"261, Boulevard de Tournai, l'Hôtel de Ville",49834,Natural,
Liverpool,Liverpool,England,Anfield,Anfield Road,54074,Natural,
Livorno,Livorno,Italy,Stadio Armando Picchi,Piazzale Montello 14,19238,Natural,
Llagostera,Llagostera,Spain,Camp d’Esports Municipal de Llagostera,"Avinguda de l'Esport, s/n, 17240 Llagostera (Girona)",1400,Césped natural,
Lleida,Lleida,Spain,,,,,
Lokomotive Leipzig,Leipzig,Germany,,,"10,900",,/wiki/Bruno-Plache-Stadion
Lorca Deportiva,"Lorca, Spain",Spain,,,"8,120",Grass,/wiki/Estadio_Francisco_Art%C3%A9s_Carrasco
Lorca FC,Lorca,Spain,Francisco Artés Carrasco,Carratera de Granada,8120,Césped natural,
Lorient,Lorient,France,Stade Yves Allainmat - Le Moustoir,Espace FCL - Kerlir - CS 30131 56271 Ploemeur,18970,Césped Artificial,
Louhans Cuiseaux,Louhans,France,Parc des Sports du Bram,Rue de Bram 71500,8400,,
Lucchese Libertas,Lucca,Italy,Porta Elisa,,,,
Lugo,Lugo,Spain,Estadio Anxo Carro,Avda. Dos Deportes s/n - 27004 Lugo,7250,Natural,
Luton Town,Luton,England,Kenilworth Road Stadium,,"10,356",Grass,/wiki/Kenilworth_Road
MSV Duisburg,Duisburgo,Germany,Schauinsland-Reisen-Arena,Margaretenstraße 5-7,31514,Natural,
MVV Maastricht,Maastricht,Netherlands,Stadion De Geusselt,"Stadionplein 32, 6225XW, Maastricht",10000,Natural,
Mafra,Mafra,Portugal,,,,,
Magdeburg,Magdeburg,Germany,,,,,
Mainz 05,Mainz,Germany,Opel Arena,Eugen-Salomon-Straße 1,34034,Natural,
Mallorca,Palma de Mallorca,Spain,Visit Mallora Estadi,Camí dels Reis s/n,23142,Natural,
Mallorca B,Palma de Mallorca,Spain,Son Bibiloni (Antonio Asensio),"Camino de los Reyes, s/n",1500,Césped natural,
Man. City,Mánchester,England,Etihad Stadium,Rowsley Street,55097,Natural,
Man. Utd,Mánchester,England,Old Trafford,Sir Matt Busby Way,76212,Natural,
Mantova,Mantova,Italy,Stadio Danilo Martelli,"Viale Te, 7-9",14854,Natural,
Marítimo,Funchal,Portugal,Estádio dos Barreiros,Rua do Dr. Pita,8992,Natural,
Marítimo II,Madeira,Portugal,Campo da Imaculada Conceição,Complexo Desportivo C. S. Marítimo Rua Campo do Marítimo 9020 - 073 Funchal Portugal,2000,Natural,
Meppen,Meppen,Germany,MEP-Arena,Lathener Str. 15,16500,Natural,
Messina,Messina,Italy,Stadio Comunale San Filippo,"Via Comunale, San Filippo",37895,Natural,
Metz,Metz,France,Stade Saint-Symphorien,"3, allée Saint-Symphorien 57000 Metz",26661,Natural,
Middlesbrough,Middlesbrough,England,Riverside Stadium,Dockside Road,34988,Natural,
Milan,"Milano, Italia",Italy,San Siro,Via Piccolomini 5,82995,Natural,
Millwall,Londres,England,The Den,"Zampa Road, Bermondsey",20146,Natural,
Milton Keynes Dons,Milton Keynes,England,Stadium mk,Stadium Way West,22000,Natural,
Mirandés,Miranda del Ebro,Spain,Estadio Municipal de Anduva,"Camino de Anduva, s/n 09200 Miranda de Ebro (Burgos)",5759,Natural,
Modena,Modena,Italy,Stadio Alberto Braglia,"Viale Monte Kosica, 128/134",20507,Natural,
Monaco,Principado de Mónaco,Monaco,Louis II,"7, avenue des Castelans",18521,Natural,
Montpellier,Montpellier,France,Stade de la Mosson,Avenue de Heidelberg,32950,Natural,
Moreirense,"Moreira de Cónegos, Portugal",Portugal,Comendador Joaquim Almeida Freitas,Avenida Comendador Joaquim de Almeida Freitas,9000,Natural,
Málaga,Málaga,Spain,La Rosaleda,Avenida de la Palmilla / Paseo de Martiricos,30044,Natural,
Mérida CP,Mérida ,Spain,,,,,
Mönchengladbach,Mönchengladbach,Germany,Borussia-Park,Hennes-Weisweiler-Allee 1 41179 Mönchengladbach,54057,Natural,
NAC Breda,Breda,Netherlands,Rat Verlegh Stadion,Stadionstraat 23,19000,Natural,
NEC Nijmegen,Nijmegen,Netherlands,Goffertstadion,Stadionplein 1,12500,Natural,
Nacional,Madeira,Portugal,Estádio da Madeira,"Rua do Esmeraldo, nº 46",8589,Natural,
Nancy,Tomblaine,France,Stade Marcel Picot,"90, boulevard Jean Jaurès 54510 Nancy",20087,Césped Artificial,
Nantes,Nantes,France,Stade de la Beaujoire - Louis Fonteneau,"Route de Saint-Joseph, 44300 Nantes",38285,Natural,
Napoli,"Nápoles, Italia",Italy,San Paolo,Pizzale Vincenzo Tecchio,76824,Natural,
Naval,Cantabria,Spain,,,,,
Newcastle,Newcastle upon Tyne,England,St. James' Park,St. James' Street,52389,Natural,
Nice,Nice,France,Allianz Riviera,"Boulevard des Jardiniers, 06200 Nice",35624,Natural,
Niort,Niort,France,Stade René Gaillard,"105, avenue de la Venise Verte",10898,Natural,
Nocerina,Nocera Inferiore,Italy,Stadio San Francesco,Viale San Francesco,9998,Natural,
Norwich City,Norwich,England,Carrow Road,Carrow Road,27033,Natural,
Nottingham Forest,Nottingham,England,The City Ground,Pavilion Road,30576,Natural,
Notts County,Nottingham,England,Meadow Lane Stadium,Meadow Lane,19588,Natural,
Novara,Novara,Italy,Stadio Comunale Silvio Piola,"Viale Kennedy, 8",17875,Césped Artificial,
Numancia,Soria,Spain,Nuevo Los Pajaritos,"Campus de los Pajaritos, s/n. 42003 Soria",8727,Natural,
Nuova Cosenza,Cosenza,Italy,Stadio San Vito,Via degli Stadio,24209,Natural,
NÃ®mes,Nimes,France,Stade des Costières,"123, avenue de la Bouvine",18482,Natural,
Nîmes,Nimes,France,Stade des Costières,"123, avenue de la Bouvine",18482,Natural,
Nürnberg,Nürnberg,Germany,Grundig-Stadion,Max-Morlock-Platz 1,50000,Natural,
Ol. Moscavide,Moscavide,Portugal,,,3325,,
Oldham Athletic,Oldham,England,Boundary Park,,13,,/wiki/Boundary_Park
Olhanense,"Olhão, Portugal",Portugal,Estádio José Arcanjo,"Apartado 104, Rua da Feira",11662,Natural,/wiki/Est%C3%A1dio_Jos%C3%A9_Arcanjo
Olympique,Marseille,France,Stade Vélodrome,"3 Boulevard Michelet, 13008 Marseille",67394,Natural,
Olympique AlÃ¨s,Ales,France,Stade Pierre Pibarot,1730 Chemin De Trespaux,9000,,
Olympique Alès,Ales,France,Stade Pierre Pibarot,1730 Chemin De Trespaux,9000,Grass,/wiki/Stade_Pierre_Pibarot
Olympique Lyonnais,Lyon,France,Parc Olympique Lyonnais,"350, avenue Jean Jaures 69007",59168,Natural,
Oriental Lisboa,Lisbon,Portugal,Campo Engenheiro Carlos Salema,,8500,,/wiki/Lisbon
Orihuela CF,Orihuela,Spain,Municipal Los Arcos,Camino Viejo de Molins,7000,Césped natural,
OrlÃ©ans,OrlÃ©ans,France,Stade de la Source,"7, rue Beaumarchais",5000,Natural,
Orléans,Orléans,France,Stade de la Source,"7, rue Beaumarchais",5000,Natural,
Osasuna,Pamplona,Spain,El Sadar,Calle Sadar s/n 31006,18761,Natural,
Ovarense,Ovar,Portugal,,,,,
Oxford City,Oxford,England,Court Place Farm,"Marsh Road, Marston",2000,Natural,
Oxford United,Oxford,England,The Kassam Stadium,Grenoble Road,12500,Natural,
PEC Zwolle,Zwolle,Netherlands,IJsseldelta Stadion,Stadionplein 1,12500,Césped Artificial,
PSG,Paris,France,Parc des Princes,"24, rue du Commandant Guilbaud 75016 Paris",49691,Natural,
PSV,Eindhoven,Netherlands,Philips Stadion,Fredriklaan 10a 5616 NH Eindhoven,35119,Natural,
Paderborn,Paderborn,Germany,Benteler-Arena,Paderborner Straße 89,15306,Natural,
Padova,Padua,Italy,Stadio Comunale Euganeo,"Via Nereo Rocco, 60",32420,Natural,
Palamós,Palamós,Spain,Nou Estadi Municipal Palamós,"Passatge Ladislao Kubala, s/n, 17230 Palamós",5824,Natural,
Palermo FC,"Palermo, Italia",Italy,Stadio Renzo Barbera,"Viale del Fante, 11",37242,Natural,
Paris FC,Paris,France,Stade Sébastien Charléty,"1, avenue Pierre de Coubertin",20000,Natural,
Parma,"Parma, Italia",Italy,Ennio Tardini,"Via Partigiani d'Italia, 1",28783,Natural,
Pau FC,Pau,France,Stade du Hameau,Boulevard de L'aviation PAU 64000 FRANCE,13966,,/w/index.php?title=Nouste_Camp&action=edit&redlink=1
Paços Ferreira,Paços de Ferreira,Portugal,Estádio da Capital do Móvel,"Rua do Estádio, Apartado 26",6452,Natural,
Penafiel,Penafiel,Portugal,Estádio Municipal 25 de Abril,Rua Futebol Clube de Penafiel,6500,Natural,
Perpignan,Perpignan,France,,,,,
Perugia,Perugia,Italy,Stadio Renato Curi,Via Pietro Conti,28000,Natural,
Pescara,Pescara,Italy,Stadio Adriatico-Giovanni Cornacchia,Via Pepe,23800,Natural,
Peterborough,Peterborough,England,London Road Stadium,London Road,15142,Natural,
Piacenza,Piacenza,Italy,Leonardo Garilli,"Via Gorra, 25 Piacenza",21668,Natural,
Pisa,Pisa,Italy,Arena Garibaldi - Stadio Romeo Anconetani,"Via di Gello, 25",17500,Natural,
Pistoiese,Pistoia,Italy,,,"13,195",Grass,/wiki/Stadio_Marcello_Melani
Plymouth Argyle,Plymouth,England,Home Park,Gilbert Lane,19500,Natural,
Poli Ejido,Ejido,Spain,Municipal De Santo Domingo,"c/ Angel Maeso s/n, El Ejido (Almeria)",7870,Césped natural,
Ponferradina,Ponferrada,Spain,Municipal El Toralín,Calle El Toralin s/n,8800,Natural,
Pontevedra,Pontevedra,Spain,Estadio Municipal de Pasarón,"Calle Luis Otero s/n, 36005 Pontevedra",10500,Césped natural,
Pordenone,Pordenone,Italy,,,,,
Port Vale,Stoke-on-Trent,England,Vale Park,"Hamil Road, Burslem",19052,Natural,
Portimonense,Portimão,Portugal,Estádio do Portimonense SC,Avenida Zeca Afonso Portimão,9544,Natural,
Porto,Oporto,Portugal,Estádio Do Dragão,Via Futebol Clube do Porto,50948,Natural,
Porto II,Oporto,Portugal,Estádio Dr. Jorge Sampaio,Rua da Paradela,8500,Natural,
Portsmouth,Portsmouth,England,Fratton Park,Frogmore Road,20821,Natural,
Preston North End,Preston,England,Deepdale Stadium,Deepdale Road,23408,Natural,
Preußen Münster,"Münster, Germany",Germany,Preußen-Stadion,Am Berg Fidel 7,18050,Natural,/wiki/Preu%C3%9Fenstadion
Pro Vercelli,"Vercelli, Italy ",Italy,Stadio Silvio Piola,"Via Massaua, 5",6165,Césped Artificial,/wiki/Stadio_Silvio_Piola_(Vercelli)
Queens Park Range.,Londres,England,Loftus Road,South Africa Road,19100,Natural,
Quevilly,Normandia,France,Stade Robert-Diochon,48 avenue des Canadiens 76140 Le Petit-Quevilly,12018,,
R. Sociedad,San Sebastián,Spain,Anoeta,Anoeta pasealekua 20.014 Donostia - San Sebastián,32076,Natural,
RB Leipzig,Leipzig,Germany,Red Bull Arena,Am Sportforum 3,44345,Natural,
RBC Roosendaal,Roosendaal,Netherlands,,,,,/wiki/RBC_Stadion
RKC Waalwijk,Waalwijk,Netherlands,Mandemakers Stadion,Akkerlaan 2,7508,Natural,
RM Castilla,Madrid,Spain,Alfredo Di Stéfano,"Ciudad Deportiva del Real Madrid, Valdebebas",6000,Natural,
RW Essen,"Essen, Germany",Germany,Stadion Essen,"Hafenstraße 97a, Bergeborbeck",20650,Natural,/wiki/Stadion_Essen
Racing,Santander,Spain,Campos de Sport de El Sardinero,C/ Real Racing Club s/n 39005 Santander (Cantabria),22222,Césped natural,
Racing Ferrol,Ferrol,Spain,A Malata,Avenida A Malata,12043,Césped natural,
Racing Paris,París,France,,"6, avenue Maurice Ravel 75012 París","14,000",Grass,/wiki/Stade_Olympique_Yves-du-Manoir
Ravenna FC,"Ravenna, Italy ",Italy,Stadio Bruno Benelli,,"12,020",natural,/wiki/Stadio_Bruno_Benelli
Rayo Majadahonda,Majadahonda,Spain,Cerro del Espino,"Carretera de Pozuelo, S/N",3900,Natural,
Rayo Vallecano,Puente de vallecas,Spain,Vallecas,Calle Payaso Fofó,15500,Natural,
Reading,Reading,England,Madejski Stadium,"Shooters Way / Junction 11, M4",24200,Natural,
Real Avilés,Avilés,Spain,Román Suárez Puerta,"Juan Ochoa, s/n.-Estadio R.Suárez Puerta",5400,Césped natural,
Real Betis,Sevilla,Spain,Benito Villamarín,"Avenida de la Palmera, 41012, Sevilla",60721,Natural,
Real Burgos CF,Burgos,Spain,San Amaro,"Ctra. de Valladolid, s/n. Burgos",1000,,/wiki/Tercera_Divisi%C3%B3n
Real Jaén,Jaén,Spain,Municipal La Victoria,"Avenida de Granada, s/n",12569,Natural,
Real Madrid,Madrid,Spain,Santiago Bernabéu,"Avenida de Concha Espina 1, Chamartín",85454,Natural,
Real Murcia,Murcia,Spain,Enrique Roca de Murcia,"Avda. del Estadio, Churra",31179,Natural,
Real Oviedo,Oviedo,Spain,Carlos Tartiere,"Calle de Ricardo Vázquez Prada, Barrio de la Ería",30500,Césped Natural,
Real Sport Clube,Queluz,Portugal,Complexo Desportivo do Real SC,,3600,,"/wiki/Queluz,_Portugal"
Real Sporting,Gijón,Spain,El Molinón-Enrique Castro Quini,Parque de Isabel la Católica s/n,30000,Natural,/wiki/El_Molin%C3%B3n
Real Unión Irún,Irun,Spain,Stadium Gal,"Patricio Arabolaza, 2, 20304 Irún",5600,Natural,
Real Valladolid,Valladolid,Spain,Municipal José Zorrilla,Avenida del Mundial 82 s/n,26512,Natural,
Real Zaragoza,Zaragoza,Spain,La Romareda,Paseo Isabel La Católica s/n,34596,Natural,
Recreativo,Huelva,Spain,Nuevo Colombino,Avenida del Decano del Fútbol Español s/n,21670,Natural,
Red Star,París,France,Stade Bauer,Saint-Ouen,10000,,
Reggiana,Reggio Emilia,Italy,Stadio Città del Tricolore,"Piazza Azzuri d'Italia, 1",29546,Natural,
Reggina,Reggina,Italy,Stadio Oreste Granillo,Via Galileo Galilei,27763,Natural,
Reus Deportiu,Reus,Spain,,,,,
Reutlingen,Reutlingen,Germany,,,,,
Rimini,Rimini,Italy,Stadio Romeo Neri,Viale 9 Febbraio 1849,9798,Natural,
Rio Ave,Vila do Conde,Portugal,Estádio do Rio Ave Futebol Clube,Rua Dona Maria Pães Ribeiro,12815,Natural,
Roda JC,Kerkrade,Netherlands,Parkstad Limburg Stadion,Roda J.C. Ring 1,19979,Natural,
Rodez,Rodez,France,Stade Paul-Lignon,"2, rue Vieussens",6000,,
Roma,Roma,Italy,Stadio Olimpico di Roma,"Viale dei Gladiatori, 2 / Via del Foro Italico",70634,Natural,
Rot Weiss Ahlen,"Ahlen, Germany",Germany,Wersestadion,August-Kirchner-Straße 14,11498,,/wiki/Wersestadion
Rot-Weiss Erfurt,"Erfurt, Germany",Germany,Steigerwaldstadion,Arnstädter Straße 55,19439,Natural,/wiki/Steigerwaldstadion
Rot-Weiß,Essen,Germany,Stadion Niederrhein,Rechenacker 62,21318,,
Rotherham United,Rotherham,England,New York Stadium,Don Street,12021,Natural,
SC Freamunde,Freamunde,Portugal,,,4000,,/wiki/Campo_SC_Freamunde
SC Freiburg,Freiburg,Germany,Schwarzwald-Stadion,Schwarzwaldstraße 193 79117 Freiburg im Breisgau,24000,Natural,
SC Salgueiros,Porto,Portugal,,,,,/wiki/Porto
SC Telstar,Velsen,Netherlands,TATA Steel Stadion,"Minister van Houtenlaan 123, 1981 EK Velsen-Zuid",3625,Natural,
SP. Covilhã,Covilhã,Portugal,Estádio Municipal José dos Santos Pinto,Edifício Sporting Shopping Center Rua Visconde da Coriscada Apartado 302 6200-077 Covilhã,6125,Natural,
SPAL,Ferrara,Italy,Stadio Paolo Mazza,"Corso Piave, 28",17900,Natural,
SSC Bari,Bari,Italy,Stadio Comunale San Nicola,Strada Provinciale Modugno-Carbonara,58270,Natural,
SV Babelsberg 03,"Potsdam, Germany",Germany,Karl-Liebknecht-Stadion,Karl-Liebknecht-Straße 90,"10,787",Grass,/wiki/Karl-Liebknecht-Stadion
SVV,Schiedam,Netherlands,Stadion Harga,,4000,,
Saarbrücken,Saarbrücken,Germany,Stadion Ludwigspark,Camphauser Straße,35286,Natural,
Sabadell,Sabadell,Spain,Nova Creu Alta,Plaça Olímpia 1,11981,Natural,
Saint-Ã‰tienne,Saint-Étienne,France,Stade Geoffroy-Guichard,"14, rue Pierre et Paul Guichard 42018 Saint-Étienne",42000,Natural,
Saint-Étienne,Saint-Étienne,France,Stade Geoffroy-Guichard,"14, rue Pierre et Paul Guichard 42018 Saint-Étienne",42000,Natural,
Salernitana,Salerno,Italy,Stadio Arechi,"Via Salvador Allende, Salerno SA, Italia",37245,Natural,
Sampdoria,"Génova, Italia",Italy,Stadio Luigi Ferraris,"Via Giovanni De Prà, 1",36703,Natural,
Sandhausen,Sandhausen,Germany,Hardtwaldstadion,Jahnstraße 1 69207 Sandhausen,12136,Natural,
Sassuolo,"Reggio Emilia, Italia",Italy,Stadio Città del Tricolore,"Piazza Azzuri d'Italia, 1",29546,Natural,
Schalke 04,Gelsenkirchen,Germany,VELTINS-Arena,Ernst-Kuzorra-Weg 1 45891 Gelsenkirchen,62271,Natural,
Schweinfurt,Schweinfurt,Germany,,,,,
Scunthorpe United,Scunthorpe,England,Glanford Park,Doncaster Road,9088,Natural,
Sedan,Sedán,France,Louis-Dugauguez,Boulevard de Lattre de Tassigny 8200,24000,,
Sestao Sport Club,Sestao,Spain,,,,,/wiki/Sestao
Sevilla,Sevilla,Spain,Ramón Sánchez Pizjuán,Avenida de Eduardo Dato,42714,Natural,
Sevilla At.,Sevilla,Spain,Estadio Jesús Navas,"Carretera de Utrera, Km. 1, 41005 Montequinto (Sevilla)",6000,Natural,
Sheffield,Sheffield,England,Hillsborough Stadium,"Penistone Road North, Hillsborough",39814,Natural,
Sheffield United,Sheffield,England,Bramall Lane,Bramall Lane,32702,Natural,
Siegen,Siegen,Germany,,,,,
Siena,Siena,Italy,Stadio Comunale Artemio Franchi,"Via Mille, 3",15373,Natural,
Sochaux,Sochaux,France,Stade Auguste-Bonal,Impasse de la Forge,20005,Natural,
Southampton,Southampton,England,St. Mary's Stadium,Britannia Road,32689,Natural,
Southend United,Southend-on-Sea,England,Roots Hall Stadium,"Victoria Avenue, Prittlewell",12392,Natural,
Sparta Rotterdam,Rótterdam,Netherlands,Sparta-Stadion Het Kasteel,"Spartapark Noord 1, 3027 VW ROTTERDAM",11026,Natural,
Spezia,La Spezia,Italy,Stadio Alberto Picco,"Via Nicolò Fieschi, 18",10336,Césped Artificial,
Sporting Braga,Braga,Portugal,Estádio Municipal de Braga,Avenida do Estádio,30286,Natural,
Sporting Braga II,Braga,Portugal,Estádio 1º de Maio,Estádio Municipal de Braga Apartado 12 4711-909 Braga,28800,Natural,
Sporting CP,Lisboa,Portugal,José Alvalade,Rua Professor Fernando da Fonseca 1600-616 Lisboa Portugal,50486,Natural,
Sporting CP II,Lisboa,Portugal,Academia Sporting,Edificio Multidesportivo Açoreana Seguros Apartado 4120 1501-806 Lisboa,50466,Natural,
Sporting Toulon,Toulon,France,Stade de Bon-Rencontre,"3, avenue Aristide Briand 83200",8000,,/wiki/Stade_Bon_Rencontre
Stade Brestois,"26 route de Quimper29200 Brest, France",France,Stade Francis-Le Blé,"26, rue de Quimper",15931,Natural,/wiki/Stade_Francis-Le_Bl%C3%A9
Stade Briochin,Saint-Brieuc,France,Stade Fred Aubert,"31, rue Joseph Le Brix 22000",13500,Natural grass,/wiki/Fred-Aubert_Stadium
Stade Lavallois,Laval,France,Stade Francis Le Basser,Avenue Pierre de Coubertin,18467,Natural,/wiki/Stade_Francis_Le_Basser
Stade Poitevin,"Poitiers, France",France,Stade de la Pépinière,Rue de la Fraternité 86180,15750,Grass,/wiki/Stade_de_la_P%C3%A9pini%C3%A8re
Stade Rennais,Rennes,France,Roazhon Park,"111, route de Lorient",31127,Natural,
Stade de Reims,"Reims, Francia",France,Auguste-Delaune II,"33, Chaussée Bocquaine",21628,Natural,
Stockport County,Cheshire,England,Edgeley Park,"Hardcastle Road, Edgeley",10852,Natural,
Stoke City,Stoke-on-Trent,England,bet365 Stadium,Stanley Matthews Way,28383,Natural,
Strasbourg,Strasbourg,France,Stade de la Meinau,"12, Rue de l'Extenwoerth",29230,Natural,
Stuttgart,Stuttgart,Germany,Mercedes-Benz-Arena,"Mercedesstraße 87, 70372 Stuttgart",60469,Natural,
Stuttgarter,Stuttgart,Germany,GAZİ-Stadion auf der Waldau,"Guts-Muths Weg 4, Waldau",11436,Natural,
Sunderland,Sunderland,England,Stadium of Light,Millenium Way,49000,Natural,
Swansea City,Swansea,Wales,Liberty Stadium,Normandy Road,20769,Natural,
Swindon Town,Swindon,England,County Ground,County Road,15728,Natural,
SÃ¨te,Sete,France,Stade Louis-Michel,Stade Louis Michel Rue Bachaga Boualem 34201 Sète,8700,,
Sète,Sète,France,Stade Louis-Michel,Stade Louis Michel Rue Bachaga Boualem 34201 Sète,8700,,
TOP Oss,Oss,Netherlands,Frans Heesen Stadion,Mondriaanlaan 4,4700,Natural,
Tenerife,Santa Cruz de Tenerife,Spain,Heliodoro Rodríguez López,Bernardino Semán s/n,24000,Natural,
Tennis Borussia,Berlín,Germany,,,,,
Ternana Calcio,"Terni, Italy ",Italy,Stadio Libero Liberati,Viale dello Stadio,20100,Natural,/wiki/Stadio_Libero_Liberati
Terrassa FC,Tarrassa,Spain,Olímpic de Terrassa,"Avinguda dels Jocs Olímpics, 10, 08225 Terrassa (Barcelona)",11500,Césped Artificial,
Tirsense,Santo Tirso,Portugal,,,,,/wiki/Santo_Tirso
Tondela,Tondela,Portugal,João Cardoso,Rua Doutor Eurico José Gouveia,7500,Natural,
Torino,"Turín, Italia",Italy,Stadio Olimpico di Torino,"Corso Sebastopoli 123, Santa Rita",27994,Natural,
Torreense,Torres Vedras,Portugal,,,,,/wiki/Est%C3%A1dio_Manuel_Marques
Tottenham Hotspur,"Londres, Inglaterra",England,Tottenham Hotspur Stadium,"782 High Rd, London N17 0BX, Reino Unido",62062,Natural,
Toulouse,Toulouse,France,Stadium Municipal,"1, allée Gabriel Biénés 31028 Toulouse",35472,Natural,
Tours,Tours,France,Stade de la Vallée du Cher,Avenue Camille Chautemps / Rue Camille Danguillaume,11912,Natural,
Tranmere Rovers,Wirral,England,Prenton Park,Prenton Road West,16587,Natural,
Trapani,Trapani,Italy,Stadio Polisportivo Provinciale,"Via G. Cesarò, Casa Santa",6766,Natural,
Treviso,Treviso,Italy,,,,,
Triestina ,"Via dei Macelli 5, Trieste, Italy",Italy,Nereo Rocco,"Piazzale Atleti Azzurri d'Italia, 1 Trieste",28565,Natural,/wiki/Stadio_Nereo_Rocco
Trofense,Trofa,Portugal,Estádio do Clube Desportivo Trofense,Rua Américo Campos,5074,Natural,/wiki/Est%C3%A1dio_do_Clube_Desportivo_Trofense
Troyes,Troyes,France,Stade de l'Aube,"42, avenue Robert Schuman",20842,Natural,
TuS Koblenz,Koblenz,Germany,Stadion Oberwerth,Altlöhrtor 13-15,16527,,/wiki/Stadion_Oberwerth
Twente 1965,Enschede,Netherlands,De Grolsch Veste,Colosseum 65,30014,Natural,
UCAM Murcia,Murcia,Spain,BeSoccer La Condomina,"C/ Ronda de Garay, s/n, 30003, Murcia.",6014,Césped natural,
UD Logroñés,Logroño,Spain,Las Gaunas,Avenida de la Sierra,16250,Césped Natural,
UD Oliveirense,"Oliveira de Azeméis, Aveiro, Portugal",Portugal,Estádio Carlos Osório,Praceta da União Desportiva Oliveirense 3720-256 Oliveira de Azeméis,2670,Natural,/wiki/Est%C3%A1dio_Carlos_Os%C3%B3rio
UD Salamanca,"Villares de la Reina, Salamanca, Spain",Spain,Helmántico,"Carretera Zamora, S/N 37184 Villares de la Reina, Salamanca (España)",17341,Césped Natural,/wiki/Estadio_El_Helm%C3%A1ntico
UE Figueres,Figueras,Spain,Municipal de Vilatenim,"Avinguda Special Olympics, s/n, 17600 Figueres (Girona)",9472,Césped Artificial,
Udinese,"Údine, Italia",Italy,Dacia Arena,"Piazza le Repubblica Argentina, 3",25000,Natural,
Ulm,Ulm,Germany,,,,,
Uniao Lamas,Santa Maria da Feira,Portugal,,,9000,Grass,
Union Berlin,Berlin,Germany,Stadion An der Alten Försterei,Hämmerlingstraße 80-88 12555 Berlin,22012,cesped real,
Universidad LPGC,Gran Canarias,Spain,,,3000,Artificial,
União Madeira,"Funchal, Madeira",Portugal,Estádio Municipal de Machico,Rua da Estacada 9,3300,Natural,/wiki/Campo_do_Adelino_Rodrigues
União de Leiria,Leiria,Portugal,Magalhaes Pessoa,Estadio Municipal Leiria Apartado 3074 2401-903 Leiria,30000,Natural,
Unterhaching,Unterhaching,Germany,Sportpark Unterhaching,Am Sportpark 1,15053,Natural,
Utrecht,Utrecht,Netherlands,Stadion Galgenwaard,Herculesplein 241,24426,Natural,
VVV Venlo,Venlo,Netherlands,Seacon Stadion De Koel,Kaldenkerkerweg 182,8000,Natural,
Valence,Valence,France,,,15128,Grass,
Valencia,Valencia,Spain,Mestalla,"Av. de Suècia, s/n, 46010 València",55000,Natural,
Valenciennes,Valenciennes,France,Stade du Hainaut,Nungesser,24926,Natural,
Vannes,Vannes,France,Stade de la Rabine,"56, place Théodore Decker",9143,Natural,
Varese,Varese,Italy,Stadio Franco Ossola,"Via Bolchini, Masnago",9926,Natural,
Varzim,Varzim,Portugal,,,,,/wiki/Est%C3%A1dio_do_Varzim_Sport_Club
Vecindario,Las Palmas,Spain,,,,,
Venezia,Venecia,Italy,Stadio Pierluigi Penzo,Isola di Sant'Elena,7450,Natural,
VfB Lübeck,Lübeck,Germany,,,"17,849",grass,/wiki/Stadion_an_der_Lohm%C3%BChle
VfB Oldenburg,"Oldenburg, Germany",Germany,Marschwegstadion,Marschweg 54,15552,Natural,/wiki/Marschweg-Stadion
VfL Bochum,Bochum,Germany,rewirpowerSTADION,Castroper Straße 145 44791 Bochum,30748,Natural,
VfL Osnabrück,Osnabrück,Germany,osnatel-ARENA,"Scharnhorststraße 50, 49084 Osnabrück",16130,Césped,/wiki/Stadion_an_der_Bremer_Br%C3%BCcke
VfR Aalen,Aalen,Germany,Scholz Arena,Stadionweg 3,11183,Natural,
Vicenza ,Vicenza,Italy,Stadio Romeo Menti,"Via Schio, 21",20920,Natural,
Vilafranquense,Vila Franca de Xira,Portugal,,,,,
Villarreal,Villarreal,Spain,Estadio de la Cerámica,Plaza Labrador,24500,Natural,
Villarreal B,Villarreal,Spain,Ciudad Deportiva Del Villarreal,Camino Miralcamp s/n 12540 Vila-Real (Castelló),5000,Natural,
Virtus Entella,Chiavari,Italy,Stadio Comunale Chiavari,"Via Aldo Gastaldi, 22",4154,Césped Artificial,
Virtus Lanciano,Lanciano,Italy,,,"5,639",Grass,/wiki/Stadio_Guido_Biondi
Vitesse,Arnhem,Netherlands,GelreDome,Batavierenweg 25,28278,Natural,
Vitória,Guimarães,Portugal,Estádio Dom Afonso Henriques,Rua de São Gonçalo 505,30165,Natural,
Vitória Setúbal,Setúbal,Portugal,Estádio do Bonfim,Praça Vitoria Futebol Clube,18694,Natural,
Vizela,Vizela,Portugal,Estádio do Futebol Clube de Vizela,,7000,,
Wacker Burghausen,Burghausen,Germany,Wacker-Arena,Liebigstraße,10200,Natural,/wiki/Wacker-Arena
Waldhof Mannheim,Mannheim,Germany,,,"25,667",,/wiki/Carl-Benz-Stadion
Walsall,Walsall,England,The Banks's Stadium,"Bescot Crescent, Bescot",11300,Natural,
Watford,Watford,England,Vicarage Road Stadium,Vicarage Road,19920,Natural,
Wattenscheid 09,Bochum-Wattenscheid,Germany,Lohrheidestadion,"Lohrheidestraße 81-83, Wattenscheid",16233,Natural,/wiki/Lohrheide-Stadion
Wehen Burghausen,Burghausen,Germany,,,,,
Wehen Wiesbaden,Wiesbaden,Germany,BRITA-Arena,Berliner Straße 9,13144,Natural,
Werder Bremen,Bremen,Germany,Weserstadion,Franz-Böhmert-Straße 1c 28205 Bremen,42358,Natural,
West Bromwich Alb.,West Bromwich,England,The Hawthorns,Halfords Lane,28003,Natural,
West Ham,Londres,England,London Stadium,"Queen Elizabeth Olympic Park, London E20 2ST, Reino Unido",80000,Natural,
Wigan Athletic,Wigan,England,The DW Stadium,"Robin Park, Loire Drive",25138,Natural,
Willem II,Tilburgo,Netherlands,Koning Willem II Stadion,Goirleseweg 34,14637,Natural,
Wimbledon FC,"Wimbledon, London, England",England,,,"15,876",Grass,/wiki/Plough_Lane_(1912%E2%80%9398)
Wolfsburg,Wolfsburg,Germany,Volkswagen-Arena,In den Allerwiesen 1 38446 Wolfsburg,30000,Natural,
Wolves,Wolverhampton,England,Molineux Stadium,Waterloo Road,29195,Natural,
Wuppertaler SV,Wuppertal,Germany,,,"23,067",,/wiki/Stadion_am_Zoo
Wycombe Wanderers,Wycombe,England,Adams Park,Hillbottom Road,10000,Natural,
Würzburger,Würzburg,Germany,flyeralarm-Arena,Mittlerer Dallenbergweg 49 97082 Würzburg,14500,,
Xerez,Jerez de la Frontera,Spain,Estadio de la Juventud,Calle Blas Infante s/n,5700,Césped natural,
Yeovil Town,Yeovil,England,Huish Park Stadium,"Lufton Way, Lufton",9665,Natural,
Zwickau,Zwickau,Germany,,,,,
Ã‰pinal,Épinal,France,Stade de La Colombière,Chemin du chaperon Rouge 88005 Épinal,7200,,
Écija Balompié,Écija,Spain,Municipal San Pablo,Calle de Cesteria,4000,Natural,
Épinal,Épinal,France,Stade de La Colombière,Chemin du chaperon Rouge 88005 Épinal,7200,,
