1,Olympique,3,1,0,0,3,1,20,1997,1,ligue_1
2,Monaco,3,1,0,0,3,1,20,1997,1,ligue_1
3,Bastia,3,1,0,0,2,0,20,1997,1,ligue_1
4,Lens,3,1,0,0,2,0,20,1997,1,ligue_1
5,Cannes,3,1,0,0,2,1,20,1997,1,ligue_1
6,Girondins Bordeaux,3,1,0,0,1,0,20,1997,1,ligue_1
7,Auxerre,3,1,0,0,1,0,20,1997,1,ligue_1
8,Lille,3,1,0,0,1,0,20,1997,1,ligue_1
9,PSG,3,1,0,0,1,0,20,1997,1,ligue_1
10,Montpellier,1,0,1,0,0,0,20,1997,1,ligue_1
11,Guingamp,1,0,1,0,0,0,20,1997,1,ligue_1
12,Nancy,0,0,0,1,1,2,20,1997,1,ligue_1
13,Le Havre,0,0,0,1,0,1,20,1997,1,ligue_1
14,Nice,0,0,0,1,0,1,20,1997,1,ligue_1
15,Strasbourg,0,0,0,1,0,1,20,1997,1,ligue_1
16,Metz,0,0,0,1,0,1,20,1997,1,ligue_1
17,Olympique Lyonnais,0,0,0,1,1,3,20,1997,1,ligue_1
18,Nantes,0,0,0,1,1,3,20,1997,1,ligue_1
19,Caen,0,0,0,1,0,2,20,1997,1,ligue_1
20,Stade Rennais,0,0,0,1,0,2,20,1997,1,ligue_1
1,Lens,6,2,0,0,5,1,20,1997,2,ligue_1
2,PSG,6,2,0,0,3,0,20,1997,2,ligue_1
3,Auxerre,6,2,0,0,3,0,20,1997,2,ligue_1
4,Bastia,6,2,0,0,3,0,20,1997,2,ligue_1
5,Monaco,4,1,1,0,4,2,20,1997,2,ligue_1
6,Olympique,4,1,1,0,4,2,20,1997,2,ligue_1
7,Cannes,4,1,1,0,3,2,20,1997,2,ligue_1
8,Girondins Bordeaux,4,1,1,0,2,1,20,1997,2,ligue_1
9,Stade Rennais,3,1,0,1,3,3,20,1997,2,ligue_1
10,Olympique Lyonnais,3,1,0,1,3,3,20,1997,2,ligue_1
11,Lille,3,1,0,1,1,2,20,1997,2,ligue_1
12,Montpellier,2,0,2,0,1,1,20,1997,2,ligue_1
13,Le Havre,1,0,1,1,1,2,20,1997,2,ligue_1
14,Metz,1,0,1,1,1,2,20,1997,2,ligue_1
15,Guingamp,1,0,1,1,0,1,20,1997,2,ligue_1
16,Nantes,1,0,1,1,2,4,20,1997,2,ligue_1
17,Nancy,0,0,0,2,2,5,20,1997,2,ligue_1
18,Nice,0,0,0,2,1,4,20,1997,2,ligue_1
19,Strasbourg,0,0,0,2,0,3,20,1997,2,ligue_1
20,Caen,0,0,0,2,0,4,20,1997,2,ligue_1
1,Lens,9,3,0,0,6,1,20,1997,3,ligue_1
2,Bastia,7,2,1,0,4,1,20,1997,3,ligue_1
3,PSG,7,2,1,0,3,0,20,1997,3,ligue_1
4,Auxerre,7,2,1,0,3,0,20,1997,3,ligue_1
5,Cannes,7,2,1,0,4,2,20,1997,3,ligue_1
6,Lille,6,2,0,1,4,3,20,1997,3,ligue_1
7,Girondins Bordeaux,5,1,2,0,2,1,20,1997,3,ligue_1
8,Olympique,4,1,1,1,5,4,20,1997,3,ligue_1
9,Monaco,4,1,1,1,5,4,20,1997,3,ligue_1
10,Olympique Lyonnais,4,1,1,1,4,4,20,1997,3,ligue_1
11,Metz,4,1,1,1,3,3,20,1997,3,ligue_1
12,Guingamp,4,1,1,1,2,2,20,1997,3,ligue_1
13,Stade Rennais,3,1,0,2,4,6,20,1997,3,ligue_1
14,Strasbourg,3,1,0,2,1,3,20,1997,3,ligue_1
15,Montpellier,2,0,2,1,1,2,20,1997,3,ligue_1
16,Le Havre,1,0,1,2,1,3,20,1997,3,ligue_1
17,Nancy,1,0,1,2,2,5,20,1997,3,ligue_1
18,Nantes,1,0,1,2,2,5,20,1997,3,ligue_1
19,Nice,1,0,1,2,2,5,20,1997,3,ligue_1
20,Caen,1,0,1,2,1,5,20,1997,3,ligue_1
1,Lens,12,4,0,0,9,3,20,1997,4,ligue_1
2,PSG,10,3,1,0,4,0,20,1997,4,ligue_1
3,Bastia,8,2,2,0,4,1,20,1997,4,ligue_1
4,Auxerre,8,2,2,0,3,0,20,1997,4,ligue_1
5,Monaco,7,2,1,1,7,4,20,1997,4,ligue_1
6,Olympique Lyonnais,7,2,1,1,6,4,20,1997,4,ligue_1
7,Metz,7,2,1,1,6,4,20,1997,4,ligue_1
8,Lille,7,2,1,1,4,3,20,1997,4,ligue_1
9,Guingamp,7,2,1,1,4,3,20,1997,4,ligue_1
10,Cannes,7,2,1,1,4,4,20,1997,4,ligue_1
11,Girondins Bordeaux,6,1,3,0,3,2,20,1997,4,ligue_1
12,Olympique,5,1,2,1,5,4,20,1997,4,ligue_1
13,Stade Rennais,4,1,1,2,5,7,20,1997,4,ligue_1
14,Strasbourg,3,1,0,3,2,6,20,1997,4,ligue_1
15,Montpellier,2,0,2,2,3,5,20,1997,4,ligue_1
16,Le Havre,2,0,2,2,2,4,20,1997,4,ligue_1
17,Caen,2,0,2,2,2,6,20,1997,4,ligue_1
18,Nice,1,0,1,3,3,7,20,1997,4,ligue_1
19,Nantes,1,0,1,3,2,6,20,1997,4,ligue_1
20,Nancy,1,0,1,3,2,7,20,1997,4,ligue_1
1,PSG,13,4,1,0,7,0,20,1997,5,ligue_1
2,Lens,12,4,0,1,10,8,20,1997,5,ligue_1
3,Monaco,10,3,1,1,12,5,20,1997,5,ligue_1
4,Lille,10,3,1,1,7,5,20,1997,5,ligue_1
5,Cannes,10,3,1,1,5,4,20,1997,5,ligue_1
6,Girondins Bordeaux,9,2,3,0,6,3,20,1997,5,ligue_1
7,Olympique,8,2,2,1,8,5,20,1997,5,ligue_1
8,Olympique Lyonnais,8,2,2,1,8,6,20,1997,5,ligue_1
9,Metz,8,2,2,1,6,4,20,1997,5,ligue_1
10,Auxerre,8,2,2,1,4,2,20,1997,5,ligue_1
11,Bastia,8,2,2,1,5,4,20,1997,5,ligue_1
12,Guingamp,7,2,1,2,4,4,20,1997,5,ligue_1
13,Strasbourg,6,2,0,3,4,7,20,1997,5,ligue_1
14,Le Havre,5,1,2,2,3,4,20,1997,5,ligue_1
15,Stade Rennais,4,1,1,3,6,10,20,1997,5,ligue_1
16,Caen,3,0,3,2,2,6,20,1997,5,ligue_1
17,Nantes,2,0,2,3,4,8,20,1997,5,ligue_1
18,Montpellier,2,0,2,3,3,8,20,1997,5,ligue_1
19,Nice,1,0,1,4,5,10,20,1997,5,ligue_1
20,Nancy,1,0,1,4,2,8,20,1997,5,ligue_1
1,PSG,14,4,2,0,7,0,20,1997,6,ligue_1
2,Lens,13,4,1,1,10,8,20,1997,6,ligue_1
3,Girondins Bordeaux,12,3,3,0,7,3,20,1997,6,ligue_1
4,Monaco,11,3,2,1,12,5,20,1997,6,ligue_1
5,Auxerre,11,3,2,1,6,2,20,1997,6,ligue_1
6,Bastia,11,3,2,1,7,4,20,1997,6,ligue_1
7,Metz,11,3,2,1,7,4,20,1997,6,ligue_1
8,Lille,11,3,2,1,8,6,20,1997,6,ligue_1
9,Cannes,11,3,2,1,5,4,20,1997,6,ligue_1
10,Olympique Lyonnais,9,2,3,1,9,7,20,1997,6,ligue_1
11,Olympique,8,2,2,2,8,7,20,1997,6,ligue_1
12,Le Havre,8,2,2,2,6,5,20,1997,6,ligue_1
13,Guingamp,8,2,2,2,5,5,20,1997,6,ligue_1
14,Stade Rennais,7,2,1,3,8,10,20,1997,6,ligue_1
15,Strasbourg,6,2,0,4,4,9,20,1997,6,ligue_1
16,Montpellier,3,0,3,3,4,9,20,1997,6,ligue_1
17,Caen,3,0,3,3,2,8,20,1997,6,ligue_1
18,Nantes,2,0,2,4,5,11,20,1997,6,ligue_1
19,Nice,1,0,1,5,5,11,20,1997,6,ligue_1
20,Nancy,1,0,1,5,2,9,20,1997,6,ligue_1
1,PSG,17,5,2,0,8,0,20,1997,7,ligue_1
2,Girondins Bordeaux,15,4,3,0,10,3,20,1997,7,ligue_1
3,Bastia,14,4,2,1,10,5,20,1997,7,ligue_1
4,Metz,14,4,2,1,8,4,20,1997,7,ligue_1
5,Lens,13,4,1,2,10,9,20,1997,7,ligue_1
6,Monaco,12,3,3,1,12,5,20,1997,7,ligue_1
7,Auxerre,12,3,3,1,6,2,20,1997,7,ligue_1
8,Olympique,11,3,2,2,9,7,20,1997,7,ligue_1
9,Guingamp,11,3,2,2,6,5,20,1997,7,ligue_1
10,Cannes,11,3,2,2,5,5,20,1997,7,ligue_1
11,Lille,11,3,2,2,8,9,20,1997,7,ligue_1
12,Olympique Lyonnais,10,2,4,1,9,7,20,1997,7,ligue_1
13,Le Havre,8,2,2,3,7,7,20,1997,7,ligue_1
14,Stade Rennais,8,2,2,3,8,10,20,1997,7,ligue_1
15,Montpellier,6,1,3,3,6,10,20,1997,7,ligue_1
16,Strasbourg,6,2,0,5,5,12,20,1997,7,ligue_1
17,Caen,4,0,4,3,2,8,20,1997,7,ligue_1
18,Nantes,2,0,2,5,5,12,20,1997,7,ligue_1
19,Nancy,2,0,2,5,2,9,20,1997,7,ligue_1
20,Nice,1,0,1,6,5,12,20,1997,7,ligue_1
1,PSG,20,6,2,0,12,0,20,1997,8,ligue_1
2,Bastia,17,5,2,1,14,7,20,1997,8,ligue_1
3,Girondins Bordeaux,16,4,4,0,10,3,20,1997,8,ligue_1
4,Monaco,15,4,3,1,14,6,20,1997,8,ligue_1
5,Metz,15,4,3,1,9,5,20,1997,8,ligue_1
6,Olympique Lyonnais,13,3,4,1,12,8,20,1997,8,ligue_1
7,Auxerre,13,3,4,1,8,4,20,1997,8,ligue_1
8,Lens,13,4,1,3,10,13,20,1997,8,ligue_1
9,Olympique,12,3,3,2,10,8,20,1997,8,ligue_1
10,Guingamp,12,3,3,2,6,5,20,1997,8,ligue_1
11,Lille,12,3,3,2,9,10,20,1997,8,ligue_1
12,Stade Rennais,11,3,2,3,9,10,20,1997,8,ligue_1
13,Cannes,11,3,2,3,6,8,20,1997,8,ligue_1
14,Le Havre,8,2,2,4,8,9,20,1997,8,ligue_1
15,Montpellier,7,1,4,3,7,11,20,1997,8,ligue_1
16,Strasbourg,7,2,1,5,6,13,20,1997,8,ligue_1
17,Caen,4,0,4,4,4,12,20,1997,8,ligue_1
18,Nantes,3,0,3,5,7,14,20,1997,8,ligue_1
19,Nice,2,0,2,6,6,13,20,1997,8,ligue_1
20,Nancy,2,0,2,6,2,10,20,1997,8,ligue_1
1,PSG,21,6,3,0,14,2,20,1997,9,ligue_1
2,Bastia,18,5,3,1,16,9,20,1997,9,ligue_1
3,Girondins Bordeaux,17,4,5,0,10,3,20,1997,9,ligue_1
4,Monaco,16,4,4,1,15,7,20,1997,9,ligue_1
5,Olympique Lyonnais,16,4,4,1,13,8,20,1997,9,ligue_1
6,Metz,16,4,4,1,10,6,20,1997,9,ligue_1
7,Auxerre,14,3,5,1,8,4,20,1997,9,ligue_1
8,Cannes,14,4,2,3,8,8,20,1997,9,ligue_1
9,Olympique,13,3,4,2,10,8,20,1997,9,ligue_1
10,Guingamp,13,3,4,2,8,7,20,1997,9,ligue_1
11,Lens,13,4,1,4,10,14,20,1997,9,ligue_1
12,Stade Rennais,12,3,3,3,12,13,20,1997,9,ligue_1
13,Lille,12,3,3,3,9,13,20,1997,9,ligue_1
14,Strasbourg,10,3,1,5,9,13,20,1997,9,ligue_1
15,Le Havre,8,2,2,5,8,11,20,1997,9,ligue_1
16,Montpellier,8,1,5,3,7,11,20,1997,9,ligue_1
17,Nice,5,1,2,6,8,14,20,1997,9,ligue_1
18,Nantes,4,0,4,5,10,17,20,1997,9,ligue_1
19,Caen,4,0,4,5,5,14,20,1997,9,ligue_1
20,Nancy,3,0,3,6,4,12,20,1997,9,ligue_1
1,PSG,22,6,4,0,15,3,20,1997,10,ligue_1
2,Bastia,19,5,4,1,16,9,20,1997,10,ligue_1
3,Girondins Bordeaux,17,4,5,1,11,5,20,1997,10,ligue_1
4,Auxerre,17,4,5,1,10,4,20,1997,10,ligue_1
5,Olympique Lyonnais,17,4,5,1,14,9,20,1997,10,ligue_1
6,Metz,17,4,5,1,10,6,20,1997,10,ligue_1
7,Monaco,16,4,4,2,15,9,20,1997,10,ligue_1
8,Olympique,16,4,4,2,12,9,20,1997,10,ligue_1
9,Stade Rennais,15,4,3,3,14,13,20,1997,10,ligue_1
10,Cannes,15,4,3,3,8,8,20,1997,10,ligue_1
11,Lille,15,4,3,3,10,13,20,1997,10,ligue_1
12,Lens,14,4,2,4,10,14,20,1997,10,ligue_1
13,Guingamp,13,3,4,3,9,9,20,1997,10,ligue_1
14,Strasbourg,13,4,1,5,11,14,20,1997,10,ligue_1
15,Le Havre,9,2,3,5,8,11,20,1997,10,ligue_1
16,Nice,8,2,2,6,9,14,20,1997,10,ligue_1
17,Montpellier,8,1,5,4,7,13,20,1997,10,ligue_1
18,Nantes,5,0,5,5,10,17,20,1997,10,ligue_1
19,Caen,4,0,4,6,5,15,20,1997,10,ligue_1
20,Nancy,3,0,3,7,4,13,20,1997,10,ligue_1
1,PSG,25,7,4,0,17,3,20,1997,11,ligue_1
2,Monaco,19,5,4,2,18,10,20,1997,11,ligue_1
3,Bastia,19,5,4,2,17,12,20,1997,11,ligue_1
4,Auxerre,18,4,6,1,11,5,20,1997,11,ligue_1
5,Girondins Bordeaux,18,4,6,1,11,5,20,1997,11,ligue_1
6,Metz,18,4,6,1,12,8,20,1997,11,ligue_1
7,Olympique Lyonnais,17,4,5,2,14,10,20,1997,11,ligue_1
8,Olympique,16,4,4,3,13,11,20,1997,11,ligue_1
9,Guingamp,16,4,4,3,10,9,20,1997,11,ligue_1
10,Cannes,16,4,4,3,9,9,20,1997,11,ligue_1
11,Strasbourg,16,5,1,5,13,15,20,1997,11,ligue_1
12,Lille,16,4,4,3,12,15,20,1997,11,ligue_1
13,Stade Rennais,15,4,3,4,15,16,20,1997,11,ligue_1
14,Lens,15,4,3,4,12,16,20,1997,11,ligue_1
15,Montpellier,11,2,5,4,10,14,20,1997,11,ligue_1
16,Le Havre,9,2,3,6,8,13,20,1997,11,ligue_1
17,Nantes,8,1,5,5,17,17,20,1997,11,ligue_1
18,Nice,8,2,2,7,9,21,20,1997,11,ligue_1
19,Caen,5,0,5,6,5,15,20,1997,11,ligue_1
20,Nancy,4,0,4,7,6,15,20,1997,11,ligue_1
1,PSG,28,8,4,0,18,3,20,1997,12,ligue_1
2,Auxerre,21,5,6,1,12,5,20,1997,12,ligue_1
3,Monaco,20,5,5,2,18,10,20,1997,12,ligue_1
4,Bastia,20,5,5,2,17,12,20,1997,12,ligue_1
5,Strasbourg,19,6,1,5,15,16,20,1997,12,ligue_1
6,Girondins Bordeaux,18,4,6,2,11,6,20,1997,12,ligue_1
7,Metz,18,4,6,2,12,9,20,1997,12,ligue_1
8,Stade Rennais,18,5,3,4,18,16,20,1997,12,ligue_1
9,Olympique Lyonnais,17,4,5,3,15,14,20,1997,12,ligue_1
10,Lille,17,4,5,3,15,18,20,1997,12,ligue_1
11,Olympique,16,4,4,4,13,12,20,1997,12,ligue_1
12,Guingamp,16,4,4,4,11,11,20,1997,12,ligue_1
13,Cannes,16,4,4,4,9,12,20,1997,12,ligue_1
14,Lens,15,4,3,5,12,17,20,1997,12,ligue_1
15,Le Havre,12,3,3,6,12,14,20,1997,12,ligue_1
16,Montpellier,12,2,6,4,11,15,20,1997,12,ligue_1
17,Nantes,9,1,6,5,20,20,20,1997,12,ligue_1
18,Nice,9,2,3,7,10,22,20,1997,12,ligue_1
19,Caen,8,1,5,6,6,15,20,1997,12,ligue_1
20,Nancy,7,1,4,7,7,15,20,1997,12,ligue_1
1,PSG,29,8,5,0,19,4,20,1997,13,ligue_1
2,Monaco,23,6,5,2,22,11,20,1997,13,ligue_1
3,Auxerre,22,5,7,1,13,6,20,1997,13,ligue_1
4,Bastia,21,5,6,2,18,13,20,1997,13,ligue_1
5,Lille,20,5,5,3,16,18,20,1997,13,ligue_1
6,Metz,19,4,7,2,12,9,20,1997,13,ligue_1
7,Strasbourg,19,6,1,6,15,19,20,1997,13,ligue_1
8,Girondins Bordeaux,18,4,6,3,12,9,20,1997,13,ligue_1
9,Olympique Lyonnais,18,4,6,3,15,14,20,1997,13,ligue_1
10,Stade Rennais,18,5,3,5,18,18,20,1997,13,ligue_1
11,Lens,18,5,3,5,14,17,20,1997,13,ligue_1
12,Olympique,17,4,5,4,13,12,20,1997,13,ligue_1
13,Guingamp,17,4,5,4,13,13,20,1997,13,ligue_1
14,Cannes,17,4,5,4,10,13,20,1997,13,ligue_1
15,Le Havre,13,3,4,6,14,16,20,1997,13,ligue_1
16,Nantes,12,2,6,5,23,21,20,1997,13,ligue_1
17,Montpellier,12,2,6,5,11,16,20,1997,13,ligue_1
18,Caen,11,2,5,6,9,15,20,1997,13,ligue_1
19,Nice,9,2,3,8,11,26,20,1997,13,ligue_1
20,Nancy,8,1,5,7,7,15,20,1997,13,ligue_1
1,PSG,29,8,5,1,20,6,20,1997,14,ligue_1
2,Monaco,26,7,5,2,26,12,20,1997,14,ligue_1
3,Auxerre,25,6,7,1,20,6,20,1997,14,ligue_1
4,Strasbourg,22,7,1,6,18,20,20,1997,14,ligue_1
5,Girondins Bordeaux,21,5,6,3,15,10,20,1997,14,ligue_1
6,Bastia,21,5,6,3,18,14,20,1997,14,ligue_1
7,Stade Rennais,21,6,3,5,20,19,20,1997,14,ligue_1
8,Lens,21,6,3,5,15,17,20,1997,14,ligue_1
9,Guingamp,20,5,5,4,14,13,20,1997,14,ligue_1
10,Lille,20,5,5,4,17,22,20,1997,14,ligue_1
11,Metz,19,4,7,3,13,11,20,1997,14,ligue_1
12,Cannes,18,4,6,4,10,13,20,1997,14,ligue_1
13,Olympique Lyonnais,18,4,6,4,15,21,20,1997,14,ligue_1
14,Olympique,17,4,5,5,13,13,20,1997,14,ligue_1
15,Le Havre,16,4,4,6,16,17,20,1997,14,ligue_1
16,Nantes,15,3,6,5,24,21,20,1997,14,ligue_1
17,Montpellier,12,2,6,6,12,19,20,1997,14,ligue_1
18,Caen,11,2,5,7,9,16,20,1997,14,ligue_1
19,Nice,10,2,4,8,11,26,20,1997,14,ligue_1
20,Nancy,8,1,5,8,8,18,20,1997,14,ligue_1
1,PSG,32,9,5,1,23,6,20,1997,15,ligue_1
2,Monaco,29,8,5,2,29,13,20,1997,15,ligue_1
3,Auxerre,28,7,7,1,22,6,20,1997,15,ligue_1
4,Lens,24,7,3,5,18,19,20,1997,15,ligue_1
5,Lille,23,6,5,4,18,22,20,1997,15,ligue_1
6,Metz,22,5,7,3,14,11,20,1997,15,ligue_1
7,Strasbourg,22,7,1,7,18,23,20,1997,15,ligue_1
8,Girondins Bordeaux,21,5,6,4,16,13,20,1997,15,ligue_1
9,Bastia,21,5,6,4,18,17,20,1997,15,ligue_1
10,Stade Rennais,21,6,3,6,20,21,20,1997,15,ligue_1
11,Olympique Lyonnais,21,5,6,4,17,21,20,1997,15,ligue_1
12,Guingamp,20,5,5,5,14,14,20,1997,15,ligue_1
13,Nantes,18,4,6,5,27,21,20,1997,15,ligue_1
14,Cannes,18,4,6,5,10,14,20,1997,15,ligue_1
15,Olympique,17,4,5,6,13,15,20,1997,15,ligue_1
16,Le Havre,16,4,4,7,16,19,20,1997,15,ligue_1
17,Montpellier,15,3,6,6,14,19,20,1997,15,ligue_1
18,Caen,14,3,5,7,11,17,20,1997,15,ligue_1
19,Nice,10,2,4,9,13,29,20,1997,15,ligue_1
20,Nancy,8,1,5,9,9,20,20,1997,15,ligue_1
1,PSG,35,10,5,1,24,6,20,1997,16,ligue_1
2,Monaco,29,8,5,3,30,16,20,1997,16,ligue_1
3,Auxerre,28,7,7,2,24,9,20,1997,16,ligue_1
4,Lille,26,7,5,4,20,23,20,1997,16,ligue_1
5,Metz,25,6,7,3,17,13,20,1997,16,ligue_1
6,Strasbourg,25,8,1,7,20,24,20,1997,16,ligue_1
7,Girondins Bordeaux,24,6,6,4,17,13,20,1997,16,ligue_1
8,Bastia,24,6,6,4,21,18,20,1997,16,ligue_1
9,Lens,24,7,3,6,19,21,20,1997,16,ligue_1
10,Stade Rennais,22,6,4,6,21,22,20,1997,16,ligue_1
11,Olympique Lyonnais,21,5,6,5,18,24,20,1997,16,ligue_1
12,Olympique,20,5,5,6,16,16,20,1997,16,ligue_1
13,Guingamp,20,5,5,6,14,16,20,1997,16,ligue_1
14,Nantes,19,4,7,5,27,21,20,1997,16,ligue_1
15,Cannes,18,4,6,6,10,15,20,1997,16,ligue_1
16,Le Havre,17,4,5,7,17,20,20,1997,16,ligue_1
17,Montpellier,15,3,6,7,15,21,20,1997,16,ligue_1
18,Caen,15,3,6,7,11,17,20,1997,16,ligue_1
19,Nancy,11,2,5,9,11,20,20,1997,16,ligue_1
20,Nice,10,2,4,10,13,30,20,1997,16,ligue_1
1,PSG,38,11,5,1,27,7,20,1997,17,ligue_1
2,Monaco,32,9,5,3,32,16,20,1997,17,ligue_1
3,Auxerre,29,7,8,2,24,9,20,1997,17,ligue_1
4,Metz,28,7,7,3,19,13,20,1997,17,ligue_1
5,Girondins Bordeaux,27,7,6,4,21,16,20,1997,17,ligue_1
6,Bastia,27,7,6,4,22,18,20,1997,17,ligue_1
7,Lille,26,7,5,5,21,26,20,1997,17,ligue_1
8,Strasbourg,25,8,1,8,20,26,20,1997,17,ligue_1
9,Lens,24,7,3,7,22,25,20,1997,17,ligue_1
10,Olympique Lyonnais,24,6,6,5,21,25,20,1997,17,ligue_1
11,Nantes,22,5,7,5,29,21,20,1997,17,ligue_1
12,Stade Rennais,22,6,4,7,21,24,20,1997,17,ligue_1
13,Olympique,21,5,6,6,16,16,20,1997,17,ligue_1
14,Guingamp,21,5,6,6,14,16,20,1997,17,ligue_1
15,Cannes,19,4,7,6,10,15,20,1997,17,ligue_1
16,Le Havre,17,4,5,8,17,21,20,1997,17,ligue_1
17,Montpellier,16,3,7,7,15,21,20,1997,17,ligue_1
18,Caen,16,3,7,7,11,17,20,1997,17,ligue_1
19,Nancy,11,2,5,10,11,22,20,1997,17,ligue_1
20,Nice,10,2,4,11,14,33,20,1997,17,ligue_1
1,PSG,38,11,5,2,30,12,20,1997,18,ligue_1
2,Monaco,35,10,5,3,33,16,20,1997,18,ligue_1
3,Girondins Bordeaux,30,8,6,4,26,19,20,1997,18,ligue_1
4,Bastia,30,8,6,4,24,19,20,1997,18,ligue_1
5,Auxerre,29,7,8,3,24,10,20,1997,18,ligue_1
6,Metz,28,7,7,4,20,15,20,1997,18,ligue_1
7,Strasbourg,28,9,1,8,22,26,20,1997,18,ligue_1
8,Lille,27,7,6,5,22,27,20,1997,18,ligue_1
9,Stade Rennais,25,7,4,7,22,24,20,1997,18,ligue_1
10,Olympique Lyonnais,25,6,7,5,22,26,20,1997,18,ligue_1
11,Olympique,24,6,6,6,18,17,20,1997,18,ligue_1
12,Lens,24,7,3,8,23,27,20,1997,18,ligue_1
13,Nantes,23,5,8,5,30,22,20,1997,18,ligue_1
14,Guingamp,22,5,7,6,15,17,20,1997,18,ligue_1
15,Le Havre,20,5,5,8,20,21,20,1997,18,ligue_1
16,Cannes,19,4,7,7,10,17,20,1997,18,ligue_1
17,Montpellier,17,3,8,7,15,21,20,1997,18,ligue_1
18,Caen,16,3,7,8,11,18,20,1997,18,ligue_1
19,Nancy,12,2,6,10,11,22,20,1997,18,ligue_1
20,Nice,10,2,4,12,14,36,20,1997,18,ligue_1
1,PSG,39,11,6,2,30,12,20,1997,19,ligue_1
2,Monaco,38,11,5,3,35,16,20,1997,19,ligue_1
3,Bastia,33,9,6,4,26,20,20,1997,19,ligue_1
4,Girondins Bordeaux,31,8,7,4,28,21,20,1997,19,ligue_1
5,Metz,31,8,7,4,21,15,20,1997,19,ligue_1
6,Strasbourg,31,10,1,8,24,27,20,1997,19,ligue_1
7,Auxerre,29,7,8,4,25,12,20,1997,19,ligue_1
8,Lille,28,7,7,5,22,27,20,1997,19,ligue_1
9,Olympique Lyonnais,26,6,8,5,24,28,20,1997,19,ligue_1
10,Olympique,25,6,7,6,18,17,20,1997,19,ligue_1
11,Guingamp,25,6,7,6,16,17,20,1997,19,ligue_1
12,Stade Rennais,25,7,4,8,22,25,20,1997,19,ligue_1
13,Nantes,24,5,9,5,32,24,20,1997,19,ligue_1
14,Lens,24,7,3,9,24,29,20,1997,19,ligue_1
15,Cannes,22,5,7,7,12,17,20,1997,19,ligue_1
16,Le Havre,21,5,6,8,20,21,20,1997,19,ligue_1
17,Montpellier,18,3,9,7,17,23,20,1997,19,ligue_1
18,Caen,16,3,7,9,11,20,20,1997,19,ligue_1
19,Nancy,12,2,6,11,11,24,20,1997,19,ligue_1
20,Nice,10,2,4,13,14,37,20,1997,19,ligue_1
1,PSG,42,12,6,2,33,13,20,1997,20,ligue_1
2,Monaco,41,12,5,3,36,16,20,1997,20,ligue_1
3,Girondins Bordeaux,34,9,7,4,29,21,20,1997,20,ligue_1
4,Strasbourg,34,11,1,8,27,27,20,1997,20,ligue_1
5,Bastia,33,9,6,5,27,22,20,1997,20,ligue_1
6,Auxerre,32,8,8,4,26,12,20,1997,20,ligue_1
7,Metz,31,8,7,5,21,16,20,1997,20,ligue_1
8,Guingamp,28,7,7,6,18,18,20,1997,20,ligue_1
9,Lille,28,7,7,6,22,28,20,1997,20,ligue_1
10,Nantes,27,6,9,5,37,25,20,1997,20,ligue_1
11,Olympique,26,6,8,6,18,17,20,1997,20,ligue_1
12,Olympique Lyonnais,26,6,8,6,24,31,20,1997,20,ligue_1
13,Lens,25,7,4,9,25,30,20,1997,20,ligue_1
14,Stade Rennais,25,7,4,9,23,28,20,1997,20,ligue_1
15,Le Havre,22,5,7,8,20,21,20,1997,20,ligue_1
16,Cannes,22,5,7,8,13,22,20,1997,20,ligue_1
17,Montpellier,18,3,9,8,17,24,20,1997,20,ligue_1
18,Caen,16,3,7,10,12,23,20,1997,20,ligue_1
19,Nancy,13,2,7,11,12,25,20,1997,20,ligue_1
20,Nice,13,3,4,13,17,38,20,1997,20,ligue_1
1,Monaco,42,12,6,3,36,16,20,1997,21,ligue_1
2,PSG,42,12,6,3,34,15,20,1997,21,ligue_1
3,Bastia,36,10,6,5,28,22,20,1997,21,ligue_1
4,Auxerre,35,9,8,4,28,13,20,1997,21,ligue_1
5,Girondins Bordeaux,34,9,7,5,30,23,20,1997,21,ligue_1
6,Strasbourg,34,11,1,9,27,29,20,1997,21,ligue_1
7,Metz,32,8,8,5,22,17,20,1997,21,ligue_1
8,Nantes,30,7,9,5,41,25,20,1997,21,ligue_1
9,Guingamp,29,7,8,6,18,18,20,1997,21,ligue_1
10,Olympique Lyonnais,29,7,8,6,27,31,20,1997,21,ligue_1
11,Stade Rennais,28,8,4,9,25,28,20,1997,21,ligue_1
12,Lille,28,7,7,7,22,30,20,1997,21,ligue_1
13,Olympique,27,6,9,6,19,18,20,1997,21,ligue_1
14,Le Havre,25,6,7,8,22,21,20,1997,21,ligue_1
15,Cannes,25,6,7,8,14,22,20,1997,21,ligue_1
16,Lens,25,7,4,10,25,34,20,1997,21,ligue_1
17,Montpellier,18,3,9,9,17,25,20,1997,21,ligue_1
18,Nancy,16,3,7,11,14,26,20,1997,21,ligue_1
19,Caen,16,3,7,11,12,26,20,1997,21,ligue_1
20,Nice,13,3,4,14,17,39,20,1997,21,ligue_1
1,Monaco,45,13,6,3,37,16,20,1997,22,ligue_1
2,PSG,43,12,7,3,34,15,20,1997,22,ligue_1
3,Bastia,39,11,6,5,30,23,20,1997,22,ligue_1
4,Girondins Bordeaux,37,10,7,5,32,23,20,1997,22,ligue_1
5,Auxerre,35,9,8,5,28,16,20,1997,22,ligue_1
6,Metz,35,9,8,5,23,17,20,1997,22,ligue_1
7,Strasbourg,34,11,1,10,27,30,20,1997,22,ligue_1
8,Olympique Lyonnais,32,8,8,6,30,33,20,1997,22,ligue_1
9,Nantes,31,7,10,5,41,25,20,1997,22,ligue_1
10,Olympique,30,7,9,6,22,18,20,1997,22,ligue_1
11,Guingamp,29,7,8,7,18,19,20,1997,22,ligue_1
12,Stade Rennais,28,8,4,10,25,30,20,1997,22,ligue_1
13,Lille,28,7,7,8,23,32,20,1997,22,ligue_1
14,Le Havre,25,6,7,9,22,25,20,1997,22,ligue_1
15,Cannes,25,6,7,9,14,23,20,1997,22,ligue_1
16,Lens,25,7,4,11,25,35,20,1997,22,ligue_1
17,Montpellier,21,4,9,9,18,25,20,1997,22,ligue_1
18,Caen,19,4,7,11,16,26,20,1997,22,ligue_1
19,Nancy,16,3,7,12,16,29,20,1997,22,ligue_1
20,Nice,16,4,4,14,18,39,20,1997,22,ligue_1
1,Monaco,48,14,6,3,40,17,20,1997,23,ligue_1
2,PSG,44,12,8,3,35,16,20,1997,23,ligue_1
3,Bastia,42,12,6,5,33,24,20,1997,23,ligue_1
4,Girondins Bordeaux,37,10,7,6,33,26,20,1997,23,ligue_1
5,Strasbourg,37,12,1,10,28,30,20,1997,23,ligue_1
6,Metz,36,9,9,5,25,19,20,1997,23,ligue_1
7,Auxerre,35,9,8,6,28,17,20,1997,23,ligue_1
8,Nantes,34,8,10,5,42,25,20,1997,23,ligue_1
9,Olympique Lyonnais,32,8,8,7,30,34,20,1997,23,ligue_1
10,Stade Rennais,31,9,4,10,29,32,20,1997,23,ligue_1
11,Olympique,30,7,9,7,24,22,20,1997,23,ligue_1
12,Guingamp,29,7,8,8,18,20,20,1997,23,ligue_1
13,Lille,29,7,8,8,24,33,20,1997,23,ligue_1
14,Cannes,28,7,7,9,15,23,20,1997,23,ligue_1
15,Le Havre,25,6,7,10,23,28,20,1997,23,ligue_1
16,Lens,25,7,4,12,26,38,20,1997,23,ligue_1
17,Montpellier,22,4,10,9,19,26,20,1997,23,ligue_1
18,Caen,20,4,8,11,18,28,20,1997,23,ligue_1
19,Nancy,19,4,7,12,19,30,20,1997,23,ligue_1
20,Nice,17,4,5,14,19,40,20,1997,23,ligue_1
1,Monaco,51,15,6,3,42,17,20,1997,24,ligue_1
2,PSG,44,12,8,4,35,18,20,1997,24,ligue_1
3,Bastia,42,12,6,6,33,25,20,1997,24,ligue_1
4,Girondins Bordeaux,40,11,7,6,37,27,20,1997,24,ligue_1
5,Strasbourg,40,13,1,10,31,30,20,1997,24,ligue_1
6,Metz,39,10,9,5,28,21,20,1997,24,ligue_1
7,Auxerre,38,10,8,6,31,19,20,1997,24,ligue_1
8,Nantes,35,8,11,5,43,26,20,1997,24,ligue_1
9,Olympique,33,8,9,7,25,22,20,1997,24,ligue_1
10,Guingamp,32,8,8,8,19,20,20,1997,24,ligue_1
11,Olympique Lyonnais,32,8,8,8,31,36,20,1997,24,ligue_1
12,Stade Rennais,31,9,4,11,29,35,20,1997,24,ligue_1
13,Cannes,29,7,8,9,15,23,20,1997,24,ligue_1
14,Lille,29,7,8,9,24,34,20,1997,24,ligue_1
15,Le Havre,26,6,8,10,24,29,20,1997,24,ligue_1
16,Lens,26,7,5,12,26,38,20,1997,24,ligue_1
17,Montpellier,25,5,10,9,21,27,20,1997,24,ligue_1
18,Caen,20,4,8,12,20,31,20,1997,24,ligue_1
19,Nancy,19,4,7,13,21,33,20,1997,24,ligue_1
20,Nice,17,4,5,15,20,44,20,1997,24,ligue_1
1,Monaco,52,15,7,3,45,20,20,1997,25,ligue_1
2,PSG,45,12,9,4,36,19,20,1997,25,ligue_1
3,Bastia,45,13,6,6,36,26,20,1997,25,ligue_1
4,Auxerre,41,11,8,6,32,19,20,1997,25,ligue_1
5,Girondins Bordeaux,41,11,8,6,37,27,20,1997,25,ligue_1
6,Strasbourg,40,13,1,11,32,33,20,1997,25,ligue_1
7,Metz,39,10,9,6,28,22,20,1997,25,ligue_1
8,Nantes,38,9,11,5,44,26,20,1997,25,ligue_1
9,Olympique,34,8,10,7,25,22,20,1997,25,ligue_1
10,Olympique Lyonnais,33,8,9,8,34,39,20,1997,25,ligue_1
11,Guingamp,32,8,8,9,20,22,20,1997,25,ligue_1
12,Stade Rennais,32,9,5,11,30,36,20,1997,25,ligue_1
13,Cannes,30,7,9,9,16,24,20,1997,25,ligue_1
14,Lille,30,7,9,9,24,34,20,1997,25,ligue_1
15,Lens,29,8,5,12,28,39,20,1997,25,ligue_1
16,Le Havre,27,6,9,10,24,29,20,1997,25,ligue_1
17,Montpellier,26,5,11,9,21,27,20,1997,25,ligue_1
18,Caen,21,4,9,12,21,32,20,1997,25,ligue_1
19,Nancy,19,4,7,14,21,34,20,1997,25,ligue_1
20,Nice,18,4,6,15,20,44,20,1997,25,ligue_1
1,Monaco,55,16,7,3,48,20,20,1997,26,ligue_1
2,PSG,48,13,9,4,38,20,20,1997,26,ligue_1
3,Bastia,46,13,7,6,38,28,20,1997,26,ligue_1
4,Strasbourg,43,14,1,11,35,34,20,1997,26,ligue_1
5,Auxerre,42,11,9,6,32,19,20,1997,26,ligue_1
6,Girondins Bordeaux,42,11,9,6,39,29,20,1997,26,ligue_1
7,Nantes,39,9,12,5,44,26,20,1997,26,ligue_1
8,Metz,39,10,9,7,28,23,20,1997,26,ligue_1
9,Olympique,37,9,10,7,30,23,20,1997,26,ligue_1
10,Olympique Lyonnais,36,9,9,8,35,39,20,1997,26,ligue_1
11,Guingamp,33,8,9,9,22,24,20,1997,26,ligue_1
12,Stade Rennais,32,9,5,12,30,37,20,1997,26,ligue_1
13,Cannes,30,7,9,10,16,25,20,1997,26,ligue_1
14,Lille,30,7,9,10,25,39,20,1997,26,ligue_1
15,Montpellier,29,6,11,9,22,27,20,1997,26,ligue_1
16,Lens,29,8,5,13,29,41,20,1997,26,ligue_1
17,Le Havre,27,6,9,11,24,32,20,1997,26,ligue_1
18,Caen,22,4,10,12,23,34,20,1997,26,ligue_1
19,Nancy,22,5,7,14,22,34,20,1997,26,ligue_1
20,Nice,18,4,6,16,21,47,20,1997,26,ligue_1
1,Monaco,55,16,7,4,48,22,20,1997,27,ligue_1
2,PSG,49,13,10,4,39,21,20,1997,27,ligue_1
3,Bastia,49,14,7,6,40,28,20,1997,27,ligue_1
4,Strasbourg,46,15,1,11,39,36,20,1997,27,ligue_1
5,Girondins Bordeaux,45,12,9,6,43,29,20,1997,27,ligue_1
6,Nantes,42,10,12,5,45,26,20,1997,27,ligue_1
7,Auxerre,42,11,9,7,32,21,20,1997,27,ligue_1
8,Metz,42,11,9,7,30,23,20,1997,27,ligue_1
9,Olympique,37,9,10,8,30,27,20,1997,27,ligue_1
10,Olympique Lyonnais,37,9,10,8,35,39,20,1997,27,ligue_1
11,Guingamp,34,8,10,9,23,25,20,1997,27,ligue_1
12,Montpellier,32,7,11,9,24,27,20,1997,27,ligue_1
13,Stade Rennais,32,9,5,13,30,38,20,1997,27,ligue_1
14,Cannes,31,7,10,10,16,25,20,1997,27,ligue_1
15,Lens,30,8,6,13,29,41,20,1997,27,ligue_1
16,Lille,30,7,9,11,27,43,20,1997,27,ligue_1
17,Le Havre,28,6,10,11,24,32,20,1997,27,ligue_1
18,Caen,23,4,11,12,24,35,20,1997,27,ligue_1
19,Nancy,22,5,7,15,22,36,20,1997,27,ligue_1
20,Nice,19,4,7,16,22,48,20,1997,27,ligue_1
1,Monaco,56,16,8,4,48,22,20,1997,28,ligue_1
2,PSG,52,14,10,4,42,22,20,1997,28,ligue_1
3,Bastia,49,14,7,7,40,31,20,1997,28,ligue_1
4,Strasbourg,47,15,2,11,40,37,20,1997,28,ligue_1
5,Girondins Bordeaux,46,12,10,6,44,30,20,1997,28,ligue_1
6,Nantes,45,11,12,5,48,26,20,1997,28,ligue_1
7,Auxerre,43,11,10,7,32,21,20,1997,28,ligue_1
8,Metz,43,11,10,7,30,23,20,1997,28,ligue_1
9,Olympique,37,9,10,9,31,30,20,1997,28,ligue_1
10,Guingamp,37,9,10,9,26,26,20,1997,28,ligue_1
11,Olympique Lyonnais,37,9,10,9,36,42,20,1997,28,ligue_1
12,Montpellier,33,7,12,9,24,27,20,1997,28,ligue_1
13,Stade Rennais,33,9,6,13,30,38,20,1997,28,ligue_1
14,Cannes,32,7,11,10,16,25,20,1997,28,ligue_1
15,Le Havre,31,7,10,11,25,32,20,1997,28,ligue_1
16,Lens,30,8,6,14,29,42,20,1997,28,ligue_1
17,Lille,30,7,9,12,27,44,20,1997,28,ligue_1
18,Caen,26,5,11,12,25,35,20,1997,28,ligue_1
19,Nancy,25,6,7,15,23,36,20,1997,28,ligue_1
20,Nice,19,4,7,17,22,49,20,1997,28,ligue_1
1,Monaco,59,17,8,4,51,22,20,1997,29,ligue_1
2,PSG,52,14,10,5,42,23,20,1997,29,ligue_1
3,Bastia,50,14,8,7,42,33,20,1997,29,ligue_1
4,Strasbourg,50,16,2,11,41,37,20,1997,29,ligue_1
5,Girondins Bordeaux,49,13,10,6,47,31,20,1997,29,ligue_1
6,Nantes,48,12,12,5,50,27,20,1997,29,ligue_1
7,Auxerre,46,12,10,7,35,22,20,1997,29,ligue_1
8,Metz,46,12,10,7,32,23,20,1997,29,ligue_1
9,Olympique Lyonnais,40,10,10,9,38,43,20,1997,29,ligue_1
10,Olympique,37,9,10,10,31,31,20,1997,29,ligue_1
11,Guingamp,37,9,10,10,27,28,20,1997,29,ligue_1
12,Montpellier,34,7,13,9,26,29,20,1997,29,ligue_1
13,Le Havre,34,8,10,11,26,32,20,1997,29,ligue_1
14,Stade Rennais,33,9,6,14,30,41,20,1997,29,ligue_1
15,Lille,33,8,9,12,29,44,20,1997,29,ligue_1
16,Cannes,32,7,11,11,17,28,20,1997,29,ligue_1
17,Lens,30,8,6,15,29,44,20,1997,29,ligue_1
18,Caen,26,5,11,13,26,38,20,1997,29,ligue_1
19,Nancy,25,6,7,16,23,38,20,1997,29,ligue_1
20,Nice,19,4,7,18,23,51,20,1997,29,ligue_1
1,Monaco,62,18,8,4,54,23,20,1997,30,ligue_1
2,PSG,55,15,10,5,44,23,20,1997,30,ligue_1
3,Nantes,51,13,12,5,51,27,20,1997,30,ligue_1
4,Girondins Bordeaux,50,13,11,6,48,32,20,1997,30,ligue_1
5,Bastia,50,14,8,8,43,36,20,1997,30,ligue_1
6,Strasbourg,50,16,2,12,42,39,20,1997,30,ligue_1
7,Auxerre,46,12,10,8,36,24,20,1997,30,ligue_1
8,Metz,46,12,10,8,32,25,20,1997,30,ligue_1
9,Olympique Lyonnais,43,11,10,9,40,44,20,1997,30,ligue_1
10,Guingamp,40,10,10,10,29,29,20,1997,30,ligue_1
11,Olympique,37,9,10,11,31,32,20,1997,30,ligue_1
12,Montpellier,37,8,13,9,28,30,20,1997,30,ligue_1
13,Cannes,35,8,11,11,18,28,20,1997,30,ligue_1
14,Le Havre,34,8,10,12,27,34,20,1997,30,ligue_1
15,Stade Rennais,33,9,6,15,30,42,20,1997,30,ligue_1
16,Lens,33,9,6,15,31,45,20,1997,30,ligue_1
17,Lille,33,8,9,13,29,45,20,1997,30,ligue_1
18,Caen,29,6,11,13,27,38,20,1997,30,ligue_1
19,Nancy,26,6,8,16,24,39,20,1997,30,ligue_1
20,Nice,19,4,7,19,24,53,20,1997,30,ligue_1
1,Monaco,65,19,8,4,56,23,20,1997,31,ligue_1
2,PSG,55,15,10,6,45,25,20,1997,31,ligue_1
3,Bastia,53,15,8,8,44,36,20,1997,31,ligue_1
4,Strasbourg,53,17,2,12,44,39,20,1997,31,ligue_1
5,Nantes,52,13,13,5,51,27,20,1997,31,ligue_1
6,Girondins Bordeaux,51,13,12,6,48,32,20,1997,31,ligue_1
7,Auxerre,49,13,10,8,38,25,20,1997,31,ligue_1
8,Metz,46,12,10,9,32,26,20,1997,31,ligue_1
9,Olympique Lyonnais,46,12,10,9,41,44,20,1997,31,ligue_1
10,Guingamp,43,11,10,10,30,29,20,1997,31,ligue_1
11,Olympique,40,10,10,11,35,33,20,1997,31,ligue_1
12,Montpellier,40,9,13,9,32,30,20,1997,31,ligue_1
13,Cannes,35,8,11,12,18,29,20,1997,31,ligue_1
14,Le Havre,34,8,10,13,27,35,20,1997,31,ligue_1
15,Stade Rennais,34,9,7,15,32,44,20,1997,31,ligue_1
16,Lens,34,9,7,15,33,47,20,1997,31,ligue_1
17,Lille,33,8,9,14,29,49,20,1997,31,ligue_1
18,Caen,29,6,11,14,27,40,20,1997,31,ligue_1
19,Nancy,26,6,8,17,25,43,20,1997,31,ligue_1
20,Nice,19,4,7,20,24,55,20,1997,31,ligue_1
1,Monaco,68,20,8,4,58,23,20,1997,32,ligue_1
2,PSG,56,15,11,6,46,26,20,1997,32,ligue_1
3,Bastia,54,15,9,8,45,37,20,1997,32,ligue_1
4,Nantes,53,13,14,5,52,28,20,1997,32,ligue_1
5,Strasbourg,53,17,2,13,44,41,20,1997,32,ligue_1
6,Girondins Bordeaux,51,13,12,7,48,34,20,1997,32,ligue_1
7,Auxerre,49,13,10,9,38,27,20,1997,32,ligue_1
8,Olympique Lyonnais,49,13,10,9,43,44,20,1997,32,ligue_1
9,Metz,47,12,11,9,32,26,20,1997,32,ligue_1
10,Guingamp,44,11,11,10,31,30,20,1997,32,ligue_1
11,Montpellier,43,10,13,9,34,30,20,1997,32,ligue_1
12,Olympique,41,10,11,11,36,34,20,1997,32,ligue_1
13,Cannes,36,8,12,12,19,30,20,1997,32,ligue_1
14,Le Havre,35,8,11,13,27,35,20,1997,32,ligue_1
15,Stade Rennais,35,9,8,15,33,45,20,1997,32,ligue_1
16,Lens,35,9,8,15,34,48,20,1997,32,ligue_1
17,Lille,33,8,9,15,29,51,20,1997,32,ligue_1
18,Caen,30,6,12,14,28,41,20,1997,32,ligue_1
19,Nancy,29,7,8,17,27,43,20,1997,32,ligue_1
20,Nice,20,4,8,20,25,56,20,1997,32,ligue_1
1,Monaco,68,20,8,5,59,25,20,1997,33,ligue_1
2,PSG,57,15,12,6,47,27,20,1997,33,ligue_1
3,Nantes,56,14,14,5,53,28,20,1997,33,ligue_1
4,Bastia,55,15,10,8,46,38,20,1997,33,ligue_1
5,Girondins Bordeaux,54,14,12,7,50,35,20,1997,33,ligue_1
6,Strasbourg,53,17,2,14,44,42,20,1997,33,ligue_1
7,Auxerre,52,14,10,9,40,27,20,1997,33,ligue_1
8,Metz,50,13,11,9,34,26,20,1997,33,ligue_1
9,Olympique Lyonnais,49,13,10,10,44,46,20,1997,33,ligue_1
10,Montpellier,44,10,14,9,36,32,20,1997,33,ligue_1
11,Guingamp,44,11,11,11,31,32,20,1997,33,ligue_1
12,Olympique,42,10,12,11,38,36,20,1997,33,ligue_1
13,Cannes,39,9,12,12,21,31,20,1997,33,ligue_1
14,Stade Rennais,38,10,8,15,35,46,20,1997,33,ligue_1
15,Lens,38,10,8,15,36,49,20,1997,33,ligue_1
16,Le Havre,35,8,11,14,27,37,20,1997,33,ligue_1
17,Lille,33,8,9,16,30,53,20,1997,33,ligue_1
18,Caen,31,6,13,14,29,42,20,1997,33,ligue_1
19,Nancy,30,7,9,17,28,44,20,1997,33,ligue_1
20,Nice,20,4,8,21,26,58,20,1997,33,ligue_1
1,Monaco,69,20,9,5,60,26,20,1997,34,ligue_1
2,PSG,60,16,12,6,52,27,20,1997,34,ligue_1
3,Nantes,57,14,15,5,54,29,20,1997,34,ligue_1
4,Strasbourg,56,18,2,14,48,43,20,1997,34,ligue_1
5,Girondins Bordeaux,55,14,13,7,51,36,20,1997,34,ligue_1
6,Bastia,55,15,10,9,48,42,20,1997,34,ligue_1
7,Metz,53,14,11,9,35,26,20,1997,34,ligue_1
8,Auxerre,52,14,10,10,40,28,20,1997,34,ligue_1
9,Olympique Lyonnais,52,14,10,10,48,48,20,1997,34,ligue_1
10,Montpellier,44,10,14,10,37,36,20,1997,34,ligue_1
11,Guingamp,44,11,11,12,31,33,20,1997,34,ligue_1
12,Olympique,43,10,13,11,39,37,20,1997,34,ligue_1
13,Lens,41,11,8,15,37,49,20,1997,34,ligue_1
14,Cannes,40,9,13,12,22,32,20,1997,34,ligue_1
15,Stade Rennais,39,10,9,15,36,47,20,1997,34,ligue_1
16,Le Havre,36,8,12,14,28,38,20,1997,34,ligue_1
17,Nancy,33,8,9,17,29,44,20,1997,34,ligue_1
18,Lille,33,8,9,17,30,54,20,1997,34,ligue_1
19,Caen,32,6,14,14,30,43,20,1997,34,ligue_1
20,Nice,20,4,8,22,26,63,20,1997,34,ligue_1
1,Monaco,72,21,9,5,62,26,20,1997,35,ligue_1
2,PSG,63,17,12,6,53,27,20,1997,35,ligue_1
3,Nantes,60,15,15,5,57,30,20,1997,35,ligue_1
4,Girondins Bordeaux,58,15,13,7,53,37,20,1997,35,ligue_1
5,Metz,56,15,11,9,38,27,20,1997,35,ligue_1
6,Strasbourg,56,18,2,15,48,45,20,1997,35,ligue_1
7,Auxerre,55,15,10,10,41,28,20,1997,35,ligue_1
8,Bastia,55,15,10,10,49,44,20,1997,35,ligue_1
9,Olympique Lyonnais,55,15,10,10,49,48,20,1997,35,ligue_1
10,Montpellier,47,11,14,10,38,36,20,1997,35,ligue_1
11,Olympique,46,11,13,11,42,38,20,1997,35,ligue_1
12,Guingamp,44,11,11,13,31,34,20,1997,35,ligue_1
13,Lens,41,11,8,16,38,51,20,1997,35,ligue_1
14,Cannes,40,9,13,13,23,35,20,1997,35,ligue_1
15,Le Havre,39,9,12,14,30,39,20,1997,35,ligue_1
16,Stade Rennais,39,10,9,16,37,50,20,1997,35,ligue_1
17,Nancy,33,8,9,18,30,47,20,1997,35,ligue_1
18,Lille,33,8,9,18,30,55,20,1997,35,ligue_1
19,Caen,32,6,14,15,30,44,20,1997,35,ligue_1
20,Nice,20,4,8,23,26,64,20,1997,35,ligue_1
1,Monaco,73,21,10,5,64,28,20,1997,36,ligue_1
2,PSG,64,17,13,6,55,29,20,1997,36,ligue_1
3,Nantes,61,15,16,5,57,30,20,1997,36,ligue_1
4,Girondins Bordeaux,59,15,14,7,55,39,20,1997,36,ligue_1
5,Metz,59,16,11,9,39,27,20,1997,36,ligue_1
6,Auxerre,58,16,10,10,45,29,20,1997,36,ligue_1
7,Strasbourg,57,18,3,15,50,47,20,1997,36,ligue_1
8,Olympique Lyonnais,56,15,11,10,49,48,20,1997,36,ligue_1
9,Bastia,55,15,10,11,49,45,20,1997,36,ligue_1
10,Montpellier,48,11,15,10,39,37,20,1997,36,ligue_1
11,Olympique,46,11,13,12,42,40,20,1997,36,ligue_1
12,Guingamp,45,11,12,13,31,34,20,1997,36,ligue_1
13,Lens,44,12,8,16,40,51,20,1997,36,ligue_1
14,Le Havre,42,10,12,14,31,39,20,1997,36,ligue_1
15,Cannes,41,9,14,13,25,37,20,1997,36,ligue_1
16,Stade Rennais,39,10,9,17,38,54,20,1997,36,ligue_1
17,Nancy,34,8,10,18,31,48,20,1997,36,ligue_1
18,Lille,34,8,10,18,30,55,20,1997,36,ligue_1
19,Caen,33,6,15,15,32,46,20,1997,36,ligue_1
20,Nice,20,4,8,24,26,65,20,1997,36,ligue_1
1,Monaco,76,22,10,5,67,29,20,1997,37,ligue_1
2,Nantes,64,16,16,5,60,30,20,1997,37,ligue_1
3,PSG,64,17,13,7,55,30,20,1997,37,ligue_1
4,Girondins Bordeaux,60,15,15,7,57,41,20,1997,37,ligue_1
5,Strasbourg,60,19,3,15,51,47,20,1997,37,ligue_1
6,Metz,59,16,11,10,39,30,20,1997,37,ligue_1
7,Auxerre,58,16,10,11,46,31,20,1997,37,ligue_1
8,Bastia,58,16,10,11,51,46,20,1997,37,ligue_1
9,Olympique Lyonnais,57,15,12,10,51,50,20,1997,37,ligue_1
10,Olympique,49,12,13,12,43,40,20,1997,37,ligue_1
11,Montpellier,48,11,15,11,39,40,20,1997,37,ligue_1
12,Guingamp,46,11,13,13,32,35,20,1997,37,ligue_1
13,Lens,44,12,8,17,40,52,20,1997,37,ligue_1
14,Le Havre,43,10,13,14,33,41,20,1997,37,ligue_1
15,Cannes,41,9,14,14,25,40,20,1997,37,ligue_1
16,Stade Rennais,40,10,10,17,39,55,20,1997,37,ligue_1
17,Caen,36,7,15,15,35,46,20,1997,37,ligue_1
18,Lille,35,8,11,18,32,57,20,1997,37,ligue_1
19,Nancy,34,8,10,19,32,51,20,1997,37,ligue_1
20,Nice,23,5,8,24,29,65,20,1997,37,ligue_1
1,Monaco,79,23,10,5,69,30,20,1997,38,ligue_1
2,PSG,67,18,13,7,57,31,20,1997,38,ligue_1
3,Nantes,64,16,16,6,61,32,20,1997,38,ligue_1
4,Girondins Bordeaux,63,16,15,7,59,42,20,1997,38,ligue_1
5,Metz,62,17,11,10,40,30,20,1997,38,ligue_1
6,Auxerre,61,17,10,11,49,32,20,1997,38,ligue_1
7,Bastia,61,17,10,11,54,47,20,1997,38,ligue_1
8,Olympique Lyonnais,60,16,12,10,59,50,20,1997,38,ligue_1
9,Strasbourg,60,19,3,16,52,49,20,1997,38,ligue_1
10,Montpellier,51,12,15,11,40,40,20,1997,38,ligue_1
11,Olympique,49,12,13,13,43,48,20,1997,38,ligue_1
12,Guingamp,46,11,13,14,32,36,20,1997,38,ligue_1
13,Lens,45,12,9,17,40,52,20,1997,38,ligue_1
14,Le Havre,43,10,13,15,34,43,20,1997,38,ligue_1
15,Cannes,41,9,14,15,25,41,20,1997,38,ligue_1
16,Stade Rennais,40,10,10,18,40,58,20,1997,38,ligue_1
17,Caen,37,7,16,15,35,46,20,1997,38,ligue_1
18,Nancy,37,9,10,19,33,51,20,1997,38,ligue_1
19,Lille,35,8,11,19,32,58,20,1997,38,ligue_1
20,Nice,23,5,8,25,30,68,20,1997,38,ligue_1
